# EXAFS_metadata: Balder, v0.6.1, 2025/06/24
# sample: Ni foil 6 µm
# sample_environment: in air
# sample_preparation: clamped foil
# measured_by: Anna Freiberg
# analysis_note1: none
# facility: Max IV Laboratory, Lund, Sweden
# beamline: Balder
# filename: Ni_foil_EXAFS_61348_r2.dat
# masterfile: 20250622.h5
# detection_mode: transmission
# scan_mode: continuous
# scan_range: 8083.101..9565.720 eV
# scan_points_one_repeat: 2074
# scan_start_time: 2025-06-22 17:54:36.339666
# scan_end_time: 2025-06-22 17:55:43.256623
# scan_duration_all_repeats: 66.92 s
# scan_repeat: 2 of 3
# flux_on_sample: ~1.8e+12 ph/s
# beam_size_on_sample: ~70×70 µm²
# storage_ring_energy: 3 GeV
# storage_ring_energy_spread: 8.3e-4
# storage_ring_current: ~400 mA (10 min topup)
# storage_ring_emittance: ~310×5.5 pmrad²
# storage_ring_beta: 9.5×2.0 m²
# storage_ring_filling_mode: 176 bunches
# ID: IVW50
# ID_gap: 4.5 mm
# ID_taper: 0.15 mm
# ID_K: 8.5
# ID_E_critical: 10.6 keV
# monochromator: Si111 fixed-exit DCM
# lattice_spacing_used_in_calculations: 5.429434 Å
# lattice_spacing_ref: xrt.rtfd.io/raycing.html#xrt.backends.raycing.materials.CrystalSi
# temperature_of_crystals: 89 K
# distances: Source-DCM: 27.2 m, DCM-sample: 18.9 m
# encoder_on_Bragg_axis: resolution: 3.2e8 count/rev
# measurement_of_Bragg_axis: gate-averaged at each scan point
# energy_resolution: 2e-4 = 1.62 eV
# detuning_factor: 1 (at maximum)
# mirrors: pre-mono VCM + post-mono ULE glass toroidal VFM, both ~2.5 mrad
# filters: at pre-VCM: 1 filter: 60 µm diamond
# detector_I0: split-electrode IC (40cm): 1 bar N2, 2.5 kV
# detector_It: split-electrode IC (40cm): 2.1 bar N2, 2.5 kV
# column_0: pointInd: continuous zero-based point index throughout all repeats
# column_1: energy: averaged energy (eV) within the gate duration
# column_2: mud_tr: transmission-detected µd = log(I0/Itr)
# column_3: I0: incident intensity as current (A), = I0t+I0b
# column_4: Itr: transmitted intensity as current (A), = Itrl+Itrr
# column_5: I0t: I0 top channel (A), must be summed with bottom
# column_6: I0b: I0 bottom channel (A), must be summed with top
# column_7: Itrl: Itr left channel (A), must be summed with right
# column_8: Itrr: Itr right channel (A), must be summed with left
# column_9: inttime: integration time (ms)
#L pointInd energy mud_tr I0 Itr I0t I0b Itrl Itrr inttime
2074  8083.100885  0.7466045713  2.025530764e-05  9.600472286e-06  1.019724125e-05  1.005806639e-05  2.187113508e-06  7.413358778e-06  3.193
2075  8083.300629  0.7464930718  2.021041065e-05  9.580260449e-06  1.004004686e-05  1.017036379e-05  2.15245087e-06  7.427809579e-06  3.2208
2076  8083.500232  0.7463961733  2.025556967e-05  9.602597435e-06  1.017914356e-05  1.007642612e-05  2.184851143e-06  7.417746292e-06  3.1976
2077  8083.700291  0.7462625741  2.021408258e-05  9.584209926e-06  1.009908623e-05  1.011499635e-05  2.164048647e-06  7.42016128e-06  3.2304
2078  8083.90038  0.7461618329  2.023787506e-05  9.596457489e-06  1.01315425e-05  1.010633256e-05  2.176506725e-06  7.419950764e-06  3.1882
2079  8084.100394  0.74600437  2.024092279e-05  9.599414103e-06  1.011705831e-05  1.012386447e-05  2.175574385e-06  7.423839718e-06  3.1982
2080  8084.300365  0.7458590067  2.021316769e-05  9.587644622e-06  1.008160088e-05  1.013156681e-05  2.16065204e-06  7.426992582e-06  3.176
2081  8084.500386  0.7455903177  2.021587028e-05  9.591503321e-06  1.011278496e-05  1.010308532e-05  2.179998019e-06  7.411505302e-06  3.223
2082  8084.700263  0.745613154  2.022230983e-05  9.594339488e-06  1.011903169e-05  1.010327814e-05  2.171811771e-06  7.422527717e-06  3.167
2083  8084.89996  0.7454039031  2.021707568e-05  9.593863495e-06  1.00952358e-05  1.012183987e-05  2.16934282e-06  7.424520675e-06  3.1848
2084  8085.100836  0.745376156  2.019852204e-05  9.585324963e-06  1.008253098e-05  1.011599106e-05  2.166405811e-06  7.418919153e-06  3.1616
2085  8085.300106  0.745261267  2.023085408e-05  9.601771397e-06  1.012069834e-05  1.011015574e-05  2.18020853e-06  7.421562867e-06  3.182
2086  8085.500146  0.7450548627  2.021365643e-05  9.595589578e-06  1.007481992e-05  1.01388365e-05  2.165398002e-06  7.430191576e-06  3.1986
2087  8085.700737  0.7449108803  2.019163066e-05  9.586513953e-06  1.006737417e-05  1.012425648e-05  2.166894197e-06  7.419619756e-06  3.169
2088  8085.900095  0.744787331  2.020706805e-05  9.595028655e-06  1.007054989e-05  1.013651816e-05  2.173124939e-06  7.421903716e-06  3.1576
2089  8086.099986  0.7446277658  2.020878455e-05  9.597374992e-06  1.008605897e-05  1.012272558e-05  2.171659904e-06  7.425715089e-06  3.1836
2090  8086.300616  0.7445711905  2.019892672e-05  9.593236123e-06  1.006986937e-05  1.012905735e-05  2.165527103e-06  7.42770902e-06  3.1712
2091  8086.500724  0.7443325009  2.020727565e-05  9.599492375e-06  1.006080639e-05  1.014646926e-05  2.17830039e-06  7.421191985e-06  3.2046
2092  8086.700057  0.7441795471  2.020502404e-05  9.59989097e-06  1.004784454e-05  1.01571795e-05  2.171662738e-06  7.428228232e-06  3.1968
2093  8086.900515  0.7441742547  2.019437512e-05  9.594882195e-06  1.006742009e-05  1.012695504e-05  2.169046536e-06  7.425835659e-06  3.1968
2094  8087.100517  0.7439029658  2.020463079e-05  9.602359596e-06  1.010869243e-05  1.009593836e-05  2.171261398e-06  7.431098198e-06  3.1472
2095  8087.30078  0.7438180203  2.019297578e-05  9.597635728e-06  1.003311276e-05  1.015986302e-05  2.174259629e-06  7.423376098e-06  3.2246
2096  8087.499972  0.7436560821  2.019131839e-05  9.598402202e-06  1.005094171e-05  1.014037669e-05  2.172092676e-06  7.426309526e-06  3.1992
2097  8087.700111  0.7434822746  2.01993399e-05  9.603884492e-06  1.006113004e-05  1.013820986e-05  2.170059953e-06  7.433824539e-06  3.1616
2098  8087.900306  0.7433836155  2.021343063e-05  9.611532223e-06  1.009451968e-05  1.011891095e-05  2.178068821e-06  7.433463403e-06  3.1832
2099  8088.100861  0.7431776801  2.017097116e-05  9.593318045e-06  1.001303434e-05  1.015793681e-05  2.169051707e-06  7.424266338e-06  3.2006
2100  8088.300352  0.743153163  2.019603033e-05  9.60547169e-06  1.009135551e-05  1.010467482e-05  2.176246643e-06  7.429225047e-06  3.2036
2101  8088.500509  0.7428749867  2.018935785e-05  9.604969684e-06  1.005144359e-05  1.013791426e-05  2.173070968e-06  7.431898717e-06  3.181
2102  8088.701373  0.7427985235  2.018426129e-05  9.603279294e-06  1.00440144e-05  1.014024689e-05  2.171678738e-06  7.431600556e-06  3.1766
2103  8088.900994  0.7426880975  2.018716089e-05  9.605719527e-06  1.004583066e-05  1.014133023e-05  2.176292862e-06  7.429426666e-06  3.1932
2104  8089.100468  0.7425635966  2.02122296e-05  9.618845529e-06  1.008421439e-05  1.01280152e-05  2.173001917e-06  7.445843612e-06  3.1622
2105  8089.299632  0.7422875899  2.019292885e-05  9.612313149e-06  1.007560421e-05  1.011732464e-05  2.182792711e-06  7.429520438e-06  3.212
2106  8089.500489  0.742249309  2.015331405e-05  9.593822818e-06  9.980881642e-06  1.017243241e-05  2.167817888e-06  7.426004931e-06  3.2052
2107  8089.700454  0.7420368369  2.019186216e-05  9.614215869e-06  1.006597365e-05  1.012588851e-05  2.176355419e-06  7.43786045e-06  3.1642
2108  8089.900513  0.742018296  2.019583637e-05  9.616286455e-06  1.007263293e-05  1.012320344e-05  2.179736818e-06  7.436549637e-06  3.1438
2109  8090.100243  0.7417882676  2.016663171e-05  9.604589674e-06  9.997266074e-06  1.016936563e-05  2.16716235e-06  7.437427324e-06  3.1944
2110  8090.300996  0.7416985712  2.019051249e-05  9.616825725e-06  1.00405452e-05  1.014996728e-05  2.187182404e-06  7.42964332e-06  3.228
2111  8090.500336  0.7414954079  2.017967032e-05  9.613614488e-06  1.004029163e-05  1.013937869e-05  2.163275168e-06  7.45033932e-06  3.1688
2112  8090.700935  0.7413115819  2.016496838e-05  9.608376581e-06  1.002791363e-05  1.013705476e-05  2.183988199e-06  7.424388382e-06  3.1798
2113  8090.900101  0.7411852161  2.017603294e-05  9.614863627e-06  1.004085451e-05  1.013517842e-05  2.170970959e-06  7.443892668e-06  3.1962
2114  8091.100471  0.7409560581  2.018576681e-05  9.621706931e-06  1.005093896e-05  1.013482785e-05  2.182708535e-06  7.438998396e-06  3.1562
2115  8091.300284  0.7408425905  2.014305032e-05  9.602435277e-06  9.993721352e-06  1.014932896e-05  2.166024204e-06  7.436411073e-06  3.2136
2116  8091.500408  0.7408109742  2.01886678e-05  9.62448597e-06  1.005695983e-05  1.013170798e-05  2.182699457e-06  7.441786513e-06  3.1624
2117  8091.700498  0.7405710196  2.020479101e-05  9.634483899e-06  1.006859926e-05  1.013619175e-05  2.190525749e-06  7.443958151e-06  3.1892
2118  8091.90027  0.7403672837  2.014218636e-05  9.606588412e-06  9.979490964e-06  1.01626954e-05  2.160144122e-06  7.446444289e-06  3.182
2119  8092.101133  0.7403610535  2.017136523e-05  9.620564879e-06  1.003947093e-05  1.01318943e-05  2.18609157e-06  7.434473308e-06  3.17
2120  8092.299875  0.7401471484  2.016758934e-05  9.620821723e-06  1.003405771e-05  1.013353162e-05  2.17324798e-06  7.447573743e-06  3.1928
2121  8092.499607  0.7400069797  2.017097353e-05  9.623784989e-06  1.006595359e-05  1.010501994e-05  2.186462872e-06  7.437322117e-06  3.1728
2122  8092.70033  0.7398686026  2.017029835e-05  9.624794615e-06  1.002080556e-05  1.014949279e-05  2.174257568e-06  7.450537047e-06  3.1948
2123  8092.901096  0.7396842877  2.016802194e-05  9.625482319e-06  1.000472555e-05  1.016329639e-05  2.185814396e-06  7.439667924e-06  3.179
2124  8093.100508  0.7395133965  2.016998016e-05  9.628062121e-06  1.004213324e-05  1.012784692e-05  2.178815803e-06  7.449246319e-06  3.1954
2125  8093.300717  0.7393516732  2.015084241e-05  9.620482519e-06  9.997901495e-06  1.015294092e-05  2.175732171e-06  7.444750347e-06  3.1654
2126  8093.501132  0.7393220897  2.016930459e-05  9.629581669e-06  1.006295108e-05  1.010635352e-05  2.18473519e-06  7.444846479e-06  3.1612
2127  8093.700527  0.7391253289  2.014612282e-05  9.620406553e-06  1.000888213e-05  1.013724069e-05  2.175233049e-06  7.445173503e-06  3.1808
2128  8093.900283  0.7389234244  2.017067723e-05  9.634077024e-06  1.005241226e-05  1.011826497e-05  2.18521718e-06  7.448859845e-06  3.1794
2129  8094.100172  0.7388546401  2.016898714e-05  9.633932428e-06  1.000999558e-05  1.015899155e-05  2.178600617e-06  7.455331811e-06  3.1844
2130  8094.300408  0.7386135537  2.015758424e-05  9.630807291e-06  1.001399123e-05  1.014359301e-05  2.184498344e-06  7.446308947e-06  3.1772
2131  8094.500674  0.7385539369  2.014908963e-05  9.627322701e-06  1.001455047e-05  1.013453916e-05  2.180795116e-06  7.446527586e-06  3.187
2132  8094.700686  0.7383566759  2.016576953e-05  9.637193289e-06  1.005660638e-05  1.010916316e-05  2.188700186e-06  7.448493103e-06  3.1712
2133  8094.90098  0.7382406018  2.016178324e-05  9.636406717e-06  1.002436409e-05  1.013741916e-05  2.176470877e-06  7.45993584e-06  3.1624
2134  8095.100814  0.7380682575  2.013243735e-05  9.624039233e-06  9.976761937e-06  1.015567541e-05  2.1856215e-06  7.438417733e-06  3.199
2135  8095.300513  0.7379925169  2.016147802e-05  9.63865174e-06  1.001403578e-05  1.014744223e-05  2.18134639e-06  7.45730535e-06  3.147
2136  8095.500407  0.7378337112  2.018648824e-05  9.652141136e-06  1.007089615e-05  1.011559209e-05  2.189793043e-06  7.462348093e-06  3.1614
2137  8095.700485  0.737717581  2.014127818e-05  9.631642472e-06  9.998747917e-06  1.014253026e-05  2.179626273e-06  7.452016199e-06  3.1882
2138  8095.901079  0.737478152  2.014246479e-05  9.634516422e-06  9.984657276e-06  1.015780752e-05  2.182606502e-06  7.45190992e-06  3.1954
2139  8096.100115  0.7374323226  2.015072314e-05  9.638908278e-06  1.001671271e-05  1.013401044e-05  2.185761545e-06  7.453146733e-06  3.1708
2140  8096.299969  0.7373067726  2.015443872e-05  9.641896052e-06  1.004129965e-05  1.011313907e-05  2.18059279e-06  7.461303262e-06  3.148
2141  8096.50058  0.7371573901  2.016247907e-05  9.647183576e-06  1.002508449e-05  1.013739458e-05  2.194213086e-06  7.45297049e-06  3.1782
2142  8096.700922  0.7370274752  2.014982989e-05  9.642383906e-06  9.991060993e-06  1.01587689e-05  2.180221858e-06  7.462162048e-06  3.1736
2143  8096.900539  0.7369097069  2.013299939e-05  9.635464618e-06  9.983510319e-06  1.014948907e-05  2.180995486e-06  7.454469132e-06  3.1458
2144  8097.099788  0.7366799457  2.015471811e-05  9.648075494e-06  1.003375917e-05  1.012095894e-05  2.187791779e-06  7.460283715e-06  3.1746
2145  8097.300351  0.7364397263  2.016574674e-05  9.655674106e-06  1.004636636e-05  1.011938038e-05  2.198936666e-06  7.45673744e-06  3.188
2146  8097.500655  0.7364566953  2.012265866e-05  9.634879365e-06  9.961266979e-06  1.016139168e-05  2.171398713e-06  7.463480652e-06  3.1562
2147  8097.700398  0.7363356115  2.013590595e-05  9.642389733e-06  1.000219931e-05  1.013370664e-05  2.190095376e-06  7.452294357e-06  3.1756
2148  8097.89976  0.7362189928  2.01656509e-05  9.657759771e-06  1.003639556e-05  1.012925534e-05  2.191528213e-06  7.466231558e-06  3.1922
2149  8098.100255  0.7359765438  2.015424371e-05  9.654637098e-06  1.004217386e-05  1.011206985e-05  2.195103228e-06  7.45953387e-06  3.203
2150  8098.299787  0.7359459455  2.011212326e-05  9.634754631e-06  9.94841448e-06  1.016370878e-05  2.179561885e-06  7.455192746e-06  3.1768
2151  8098.501017  0.7357947484  2.014350221e-05  9.651245911e-06  1.002047664e-05  1.012302557e-05  2.18640509e-06  7.46484082e-06  3.1282
2152  8098.700293  0.7356369281  2.016081458e-05  9.661065286e-06  1.00666633e-05  1.009415128e-05  2.19434286e-06  7.466722426e-06  3.1854
2153  8098.900281  0.7354676444  2.013386747e-05  9.64978564e-06  9.985359384e-06  1.014850809e-05  2.180070426e-06  7.469715215e-06  3.17
2154  8099.100088  0.7354179614  2.0149539e-05  9.657776524e-06  1.000620703e-05  1.014333197e-05  2.20061044e-06  7.457166084e-06  3.194
2155  8099.300751  0.7353388309  2.012670212e-05  9.647594081e-06  9.954011253e-06  1.017269087e-05  2.171530948e-06  7.476063133e-06  3.1914
2156  8099.499998  0.7350797629  2.015464975e-05  9.663493761e-06  1.008735801e-05  1.006729174e-05  2.210061648e-06  7.453432113e-06  3.169
2157  8099.70018  0.7349513929  2.01081475e-05  9.642435175e-06  9.92992615e-06  1.017822135e-05  2.17427631e-06  7.468158865e-06  3.2104
2158  8099.900547  0.7348629057  2.015892599e-05  9.667640346e-06  1.005300998e-05  1.010591601e-05  2.198326887e-06  7.469313459e-06  3.1442
2159  8100.099847  0.734672128  2.011993408e-05  9.650781929e-06  9.968827963e-06  1.015110612e-05  2.188083112e-06  7.462698817e-06  3.1992
2160  8100.29988  0.7346879341  2.014817125e-05  9.664173492e-06  1.000801732e-05  1.014015393e-05  2.189401316e-06  7.474772176e-06  3.1326
2161  8100.499917  0.734449963  2.015581011e-05  9.670138449e-06  1.003278696e-05  1.012302315e-05  2.201522071e-06  7.468616378e-06  3.1814
2162  8100.700532  0.7343407797  2.011900431e-05  9.653534105e-06  9.979990464e-06  1.013901385e-05  2.176873352e-06  7.476660753e-06  3.1628
2163  8100.90095  0.7341388196  2.013002072e-05  9.660770908e-06  9.989828434e-06  1.014019228e-05  2.201833605e-06  7.458937303e-06  3.1804
2164  8101.099815  0.734127614  2.014267464e-05  9.666952082e-06  9.987298811e-06  1.015537582e-05  2.183910436e-06  7.483041645e-06  3.1554
2165  8101.300436  0.7339000699  2.013343345e-05  9.664715913e-06  1.001367479e-05  1.011975865e-05  2.199201076e-06  7.465514838e-06  3.19
2166  8101.500336  0.7338389196  2.012340678e-05  9.660493503e-06  9.976376228e-06  1.014703055e-05  2.18600591e-06  7.474487593e-06  3.1814
2167  8101.700185  0.7337416678  2.014613882e-05  9.672346914e-06  9.993126795e-06  1.015301203e-05  2.194724301e-06  7.477622612e-06  3.1664
2168  8101.899952  0.7334436119  2.014458693e-05  9.674484941e-06  1.005435533e-05  1.009023159e-05  2.200047276e-06  7.474437665e-06  3.1626
2169  8102.100319  0.7333820364  2.010041003e-05  9.653863307e-06  9.930490698e-06  1.016991933e-05  2.181834575e-06  7.472028732e-06  3.183
2170  8102.300835  0.7333020651  2.014797047e-05  9.677479619e-06  1.004201584e-05  1.010595464e-05  2.205166401e-06  7.472313217e-06  3.1578
2171  8102.500307  0.7332615413  2.01127087e-05  9.660934159e-06  9.981854455e-06  1.013085424e-05  2.182409217e-06  7.478524942e-06  3.167
2172  8102.700509  0.7329608201  2.013995734e-05  9.676932387e-06  1.004547299e-05  1.009448434e-05  2.203139718e-06  7.473792669e-06  3.1768
2173  8102.900927  0.7329077131  2.013762432e-05  9.676325276e-06  9.984279129e-06  1.015334519e-05  2.194752003e-06  7.481573273e-06  3.183
2174  8103.100874  0.7327977266  2.013288543e-05  9.675112266e-06  1.000942921e-05  1.012345622e-05  2.19555616e-06  7.479556106e-06  3.1772
2175  8103.300998  0.7325990749  2.010629528e-05  9.664253665e-06  9.948353782e-06  1.01579415e-05  2.190687724e-06  7.473565942e-06  3.1898
2176  8103.499755  0.7325153078  2.012803041e-05  9.675511288e-06  1.001110439e-05  1.011692602e-05  2.195783084e-06  7.479728204e-06  3.161
2177  8103.700516  0.7323490697  2.013798871e-05  9.681907594e-06  1.005554259e-05  1.008244612e-05  2.20211017e-06  7.479797423e-06  3.1772
2178  8103.900112  0.7322471927  2.01195409e-05  9.674023797e-06  1.000019086e-05  1.011935005e-05  2.193137724e-06  7.480886073e-06  3.1602
2179  8104.100214  0.7320840093  2.011717315e-05  9.6744639e-06  9.959469021e-06  1.015770413e-05  2.195806354e-06  7.478657546e-06  3.1902
2180  8104.30015  0.7319983989  2.013869533e-05  9.685643195e-06  1.000191525e-05  1.013678007e-05  2.19760248e-06  7.488040714e-06  3.1856
2181  8104.499852  0.7317855178  2.011801602e-05  9.67775754e-06  1.001107851e-05  1.010693752e-05  2.199142047e-06  7.478615493e-06  3.1724
2182  8104.700179  0.7316757439  2.011446727e-05  9.677112652e-06  1.001333423e-05  1.010113304e-05  2.196892459e-06  7.480220193e-06  3.1704
2183  8104.900106  0.7314959514  2.012081266e-05  9.68190601e-06  9.976642537e-06  1.014417013e-05  2.200189027e-06  7.481716984e-06  3.1806
2184  8105.100443  0.7315137845  2.010417621e-05  9.673728224e-06  9.948278334e-06  1.015589787e-05  2.188486491e-06  7.485241733e-06  3.1852
2185  8105.300185  0.7313409257  2.012648446e-05  9.6861367e-06  1.000156342e-05  1.012492104e-05  2.203793541e-06  7.482343159e-06  3.1522
2186  8105.499804  0.7312429974  2.015101175e-05  9.69889053e-06  1.004646109e-05  1.010455066e-05  2.200796619e-06  7.498093911e-06  3.1814
2187  8105.7006  0.7310256997  2.011107918e-05  9.681774169e-06  1.000156493e-05  1.010951425e-05  2.198818838e-06  7.482955332e-06  3.1746
2188  8105.900062  0.7308153418  2.010189877e-05  9.679390505e-06  9.938936219e-06  1.016296255e-05  2.191676105e-06  7.487714399e-06  3.1874
2189  8106.099816  0.7307601322  2.013071491e-05  9.693801121e-06  1.001213942e-05  1.01185755e-05  2.208693084e-06  7.485108037e-06  3.1654
2190  8106.299381  0.7306980428  2.011818547e-05  9.688369184e-06  1.00279695e-05  1.009021596e-05  2.195596198e-06  7.492772987e-06  3.1668
2191  8106.499403  0.73053819  2.012060566e-05  9.691083706e-06  9.990085282e-06  1.013052038e-05  2.200679327e-06  7.490404379e-06  3.1674
2192  8106.700353  0.7303926739  2.013201624e-05  9.697990717e-06  9.992400355e-06  1.013961588e-05  2.204489438e-06  7.493501279e-06  3.1814
2193  8106.900626  0.7303250215  2.011518964e-05  9.690540581e-06  9.980866256e-06  1.013432339e-05  2.19769739e-06  7.492843191e-06  3.1398
2194  8107.100076  0.7301771979  2.012813652e-05  9.698211287e-06  1.001456449e-05  1.011357203e-05  2.20607333e-06  7.492137957e-06  3.191
2195  8107.29961  0.7300446547  2.013018519e-05  9.700484034e-06  1.002362268e-05  1.010656251e-05  2.200202097e-06  7.500281938e-06  3.1634
2196  8107.49985  0.7297685028  2.011776478e-05  9.697176317e-06  1.000903313e-05  1.010873165e-05  2.208913824e-06  7.488262493e-06  3.195
2197  8107.700236  0.7298504274  2.009699978e-05  9.686373578e-06  9.949217567e-06  1.014778222e-05  2.189553176e-06  7.496820402e-06  3.1612
2198  8107.899788  0.7295509362  2.01546733e-05  9.717080865e-06  1.008283582e-05  1.007183747e-05  2.222151377e-06  7.494929488e-06  3.2046
2199  8108.099744  0.7294266351  2.011049813e-05  9.696988165e-06  9.963345187e-06  1.014715295e-05  2.19051355e-06  7.506474615e-06  3.148
2200  8108.300771  0.7292833385  2.010912716e-05  9.697716653e-06  9.984720945e-06  1.012440622e-05  2.208399892e-06  7.489316761e-06  3.1992
2201  8108.500993  0.7291641552  2.012256959e-05  9.705355972e-06  1.000052491e-05  1.012204468e-05  2.20597228e-06  7.499383692e-06  3.1704
2202  8108.700616  0.7290996129  2.012841698e-05  9.708802844e-06  1.001868392e-05  1.010973306e-05  2.199544089e-06  7.509258755e-06  3.1532
2203  8108.900411  0.7288687072  2.011008128e-05  9.702198782e-06  1.000917668e-05  1.01009046e-05  2.212179537e-06  7.490019245e-06  3.1886
2204  8109.099778  0.7288418315  2.011497461e-05  9.704820413e-06  9.940656328e-06  1.017431829e-05  2.192981232e-06  7.511839181e-06  3.165
2205  8109.299746  0.7286702685  2.014691927e-05  9.721900447e-06  1.003223082e-05  1.011468845e-05  2.217778648e-06  7.504121798e-06  3.1692
2206  8109.499841  0.728524059  2.009809211e-05  9.699756981e-06  9.968948364e-06  1.012914375e-05  2.195729282e-06  7.5040277e-06  3.136
2207  8109.699989  0.7283635009  2.01237671e-05  9.713707754e-06  1.001949762e-05  1.010426948e-05  2.213631942e-06  7.500075812e-06  3.165
2208  8109.90016  0.7281888392  2.012531936e-05  9.71615392e-06  1.000292838e-05  1.012239099e-05  2.209399998e-06  7.506753922e-06  3.199
2209  8110.100616  0.7281265586  2.009546802e-05  9.702346462e-06  9.951622471e-06  1.014384555e-05  2.19660923e-06  7.505737232e-06  3.1398
2210  8110.300496  0.7279522093  2.012854602e-05  9.720011466e-06  1.001858885e-05  1.010995717e-05  2.220534856e-06  7.499476609e-06  3.1662
2211  8110.500286  0.7279443283  2.012522077e-05  9.718482305e-06  9.987469628e-06  1.013775114e-05  2.203990634e-06  7.514491672e-06  3.1486
2212  8110.700549  0.7276461235  2.012000039e-05  9.718859158e-06  1.002993539e-05  1.0090065e-05  2.211241015e-06  7.507618143e-06  3.1708
2213  8110.900685  0.7276632701  2.008627401e-05  9.702401447e-06  9.932280339e-06  1.015399367e-05  2.202208907e-06  7.50019254e-06  3.17
2214  8111.100554  0.7275109328  2.012798649e-05  9.724031315e-06  1.001311199e-05  1.011487451e-05  2.208108598e-06  7.515922716e-06  3.142
2215  8111.300346  0.7273153502  2.012213758e-05  9.72310713e-06  1.002320431e-05  1.009893327e-05  2.215976896e-06  7.507130235e-06  3.169
2216  8111.500239  0.727183834  2.009862608e-05  9.713023605e-06  9.975424846e-06  1.012320124e-05  2.20019298e-06  7.512830625e-06  3.1394
2217  8111.7014  0.7270854545  2.012665494e-05  9.727525997e-06  1.000483183e-05  1.012182311e-05  2.223549432e-06  7.503976566e-06  3.167
2218  8111.900849  0.7269891192  2.010951141e-05  9.720176612e-06  9.992455754e-06  1.011705565e-05  2.201480653e-06  7.518695959e-06  3.1472
2219  8112.100926  0.7267614672  2.011540449e-05  9.725238824e-06  1.004459888e-05  1.007080561e-05  2.214260645e-06  7.51097818e-06  3.1608
2220  8112.300547  0.7266861468  2.011254868e-05  9.724590553e-06  9.988851967e-06  1.012369672e-05  2.214094198e-06  7.510496355e-06  3.1788
2221  8112.5005  0.7265458498  2.010770413e-05  9.723612265e-06  9.951677307e-06  1.015602682e-05  2.20384522e-06  7.519767046e-06  3.1454
2222  8112.700688  0.7264425635  2.011292665e-05  9.727142382e-06  1.000721806e-05  1.010570859e-05  2.216681467e-06  7.510460916e-06  3.154
2223  8112.900277  0.7262597272  2.012468431e-05  9.734608378e-06  1.001770297e-05  1.010698135e-05  2.208250748e-06  7.52635763e-06  3.1646
2224  8113.101273  0.7260987379  2.013049285e-05  9.738985799e-06  1.002181315e-05  1.010867969e-05  2.21959622e-06  7.519389579e-06  3.1448
2225  8113.300474  0.7260044495  2.009637265e-05  9.723395456e-06  9.969669052e-06  1.01267036e-05  2.213065232e-06  7.510330224e-06  3.1588
2226  8113.501021  0.7258957718  2.010484641e-05  9.728552602e-06  9.95953045e-06  1.014531596e-05  2.205888852e-06  7.52266375e-06  3.1326
2227  8113.700462  0.725709386  2.012096286e-05  9.738166094e-06  1.000654519e-05  1.011441767e-05  2.217508137e-06  7.520657957e-06  3.1984
2228  8113.900231  0.7256344528  2.010576218e-05  9.73153844e-06  9.998889499e-06  1.010687268e-05  2.208769541e-06  7.522768899e-06  3.1532
2229  8114.100741  0.7254412694  2.012762612e-05  9.744003164e-06  1.004114915e-05  1.008647697e-05  2.225707672e-06  7.518295492e-06  3.1834
2230  8114.300304  0.7253798234  2.01142744e-05  9.738137805e-06  9.948438614e-06  1.016583579e-05  2.208993821e-06  7.529143984e-06  3.1526
2231  8114.500776  0.7252185892  2.008221985e-05  9.724186636e-06  9.928380152e-06  1.015383969e-05  2.203910609e-06  7.520276027e-06  3.1412
2232  8114.700352  0.7251007465  2.012105115e-05  9.744137688e-06  1.002644821e-05  1.009460294e-05  2.223447582e-06  7.520690106e-06  3.1936
2233  8114.90017  0.7248819212  2.011077578e-05  9.741292984e-06  9.980467539e-06  1.013030824e-05  2.214615655e-06  7.526677328e-06  3.152
2234  8115.10045  0.7247874438  2.009755574e-05  9.735809205e-06  9.987564087e-06  1.010999165e-05  2.214742933e-06  7.521066272e-06  3.1516
2235  8115.300886  0.7247982384  2.010481422e-05  9.739220282e-06  9.952849858e-06  1.015196436e-05  2.209864947e-06  7.529355335e-06  3.1558
2236  8115.500916  0.7246037178  2.012962317e-05  9.753135293e-06  1.000349594e-05  1.012612723e-05  2.221197847e-06  7.531937446e-06  3.1446
2237  8115.700373  0.7244078832  2.011408851e-05  9.747517206e-06  1.001432652e-05  1.009976199e-05  2.224004321e-06  7.523512885e-06  3.1904
2238  8115.900183  0.7243464147  2.007642135e-05  9.729861331e-06  9.954205502e-06  1.012221584e-05  2.201929412e-06  7.527931919e-06  3.1376
2239  8116.100848  0.7241558404  2.011764091e-05  9.751696277e-06  1.002594695e-05  1.009169396e-05  2.229664919e-06  7.522031358e-06  3.1566
2240  8116.300439  0.7241144008  2.010039619e-05  9.743740951e-06  9.961447535e-06  1.013894866e-05  2.213202066e-06  7.530538885e-06  3.1626
2241  8116.50112  0.7240704  2.008808846e-05  9.738203209e-06  9.983765643e-06  1.010432281e-05  2.211739096e-06  7.526464114e-06  3.1462
2242  8116.700705  0.7238863492  2.012260232e-05  9.756730237e-06  1.001443621e-05  1.01081661e-05  2.226481317e-06  7.53024892e-06  3.1604
2243  8116.90081  0.7238183474  2.010045157e-05  9.746652898e-06  9.965276869e-06  1.01351747e-05  2.209118924e-06  7.537533974e-06  3.1724
2244  8117.100547  0.7236008427  2.009495472e-05  9.746107086e-06  1.001888185e-05  1.007607287e-05  2.22864112e-06  7.517465967e-06  3.1746
2245  8117.300233  0.7235481852  2.006916564e-05  9.73411187e-06  9.932365778e-06  1.013679986e-05  2.205133528e-06  7.528978342e-06  3.1708
2246  8117.500081  0.7233503318  2.009753354e-05  9.749799946e-06  1.002102602e-05  1.007650752e-05  2.22727027e-06  7.522529676e-06  3.1154
2247  8117.700287  0.7232038596  2.005636473e-05  9.731253213e-06  9.950526283e-06  1.010583845e-05  2.2100273e-06  7.521225913e-06  3.215
2248  8117.900674  0.7230184868  2.003772857e-05  9.724013435e-06  9.969860259e-06  1.006786831e-05  2.215344807e-06  7.508668627e-06  3.1526
2249  8118.10087  0.7229907255  2.001897293e-05  9.715181302e-06  9.957516344e-06  1.006145658e-05  2.222768868e-06  7.492412434e-06  3.1618
2250  8118.300523  0.7229434327  1.996027105e-05  9.687151478e-06  9.899277846e-06  1.00609932e-05  2.19598882e-06  7.491162658e-06  3.1574
2251  8118.501279  0.7227383236  1.992865915e-05  9.673793522e-06  9.936064472e-06  9.992594681e-06  2.214730751e-06  7.459062772e-06  3.1744
2252  8118.700219  0.7226793916  1.987900068e-05  9.650256937e-06  9.823644929e-06  1.005535575e-05  2.189768637e-06  7.4604883e-06  3.188
2253  8118.900401  0.7225612778  1.984971952e-05  9.63718062e-06  9.898434171e-06  9.951285344e-06  2.205220787e-06  7.431959833e-06  3.1424
2254  8119.099766  0.7223665342  1.981476276e-05  9.622082522e-06  9.868163219e-06  9.946599541e-06  2.194914855e-06  7.427167666e-06  3.164
2255  8119.300172  0.7222277903  1.979404692e-05  9.613356575e-06  9.806616041e-06  9.987430875e-06  2.189125606e-06  7.424230969e-06  3.1516
2256  8119.50019  0.7221678861  1.977603084e-05  9.605182098e-06  9.813456226e-06  9.962574616e-06  2.185243223e-06  7.419938875e-06  3.1568
2257  8119.699939  0.7219579504  1.976807411e-05  9.603333398e-06  9.804267161e-06  9.963806947e-06  2.187741216e-06  7.415592182e-06  3.17
2258  8119.900701  0.7219021912  1.9775961e-05  9.607700555e-06  9.817530477e-06  9.958430525e-06  2.185878388e-06  7.421822167e-06  3.1304
2259  8120.100614  0.7216679954  1.978703145e-05  9.615330486e-06  9.840076974e-06  9.946954475e-06  2.19033925e-06  7.424991236e-06  3.1786
2260  8120.300717  0.7217574879  1.979479752e-05  9.61824354e-06  9.807913472e-06  9.98688405e-06  2.186963059e-06  7.431280482e-06  3.1764
2261  8120.500291  0.7215374218  1.983506612e-05  9.639931144e-06  9.819469631e-06  1.001559649e-05  2.195595768e-06  7.444335375e-06  3.1912
2262  8120.699773  0.7213597395  1.987241889e-05  9.659800979e-06  9.871493046e-06  1.000092584e-05  2.197149145e-06  7.462651835e-06  3.1818
2263  8120.900392  0.7211813679  1.989430569e-05  9.672165037e-06  9.878028003e-06  1.001627769e-05  2.1988042e-06  7.473360838e-06  3.1722
2264  8121.100612  0.7212003705  1.991835567e-05  9.683673584e-06  9.861180177e-06  1.00571755e-05  2.209517201e-06  7.474156383e-06  3.1918
2265  8121.299676  0.7209828432  1.997392965e-05  9.71280446e-06  9.946049936e-06  1.002787971e-05  2.209539127e-06  7.503265333e-06  3.1648
2266  8121.500106  0.7208402806  2.000479227e-05  9.729199073e-06  9.958228286e-06  1.004656398e-05  2.217388243e-06  7.51181083e-06  3.1864
2267  8121.70062  0.7207528483  2.001475469e-05  9.734895339e-06  9.907199999e-06  1.010755469e-05  2.211617984e-06  7.523277355e-06  3.1434
2268  8121.900849  0.7205927867  2.003906591e-05  9.748280174e-06  9.945215715e-06  1.009385019e-05  2.228662956e-06  7.519617218e-06  3.135
2269  8122.099949  0.7204928831  2.00438431e-05  9.751578275e-06  9.987861232e-06  1.005598187e-05  2.215511255e-06  7.53606702e-06  3.136
2270  8122.299434  0.7203556603  2.004402296e-05  9.753004022e-06  9.978648418e-06  1.006537454e-05  2.223289379e-06  7.529714643e-06  3.095
2271  8122.499784  0.7201205039  2.003339419e-05  9.750124819e-06  9.913977282e-06  1.011941691e-05  2.222557376e-06  7.527567443e-06  3.0952
2272  8122.700366  0.7200881727  2.004324973e-05  9.755236838e-06  9.932986117e-06  1.011026361e-05  2.211618561e-06  7.543618277e-06  3.1182
2273  8122.901169  0.719974256  2.007620123e-05  9.772387818e-06  1.002592437e-05  1.005027686e-05  2.234519584e-06  7.537868234e-06  3.1616
2274  8123.100597  0.7198418918  2.006098784e-05  9.766275095e-06  9.962794577e-06  1.009819326e-05  2.219534822e-06  7.546740273e-06  3.2274
2275  8123.300603  0.7196561661  2.005362415e-05  9.764503585e-06  9.998896981e-06  1.005472717e-05  2.23217606e-06  7.532327525e-06  3.2374
2276  8123.499787  0.719631627  2.003858721e-05  9.757421239e-06  9.93206731e-06  1.01065199e-05  2.217823572e-06  7.539597668e-06  3.2682
2277  8123.700772  0.719499525  2.007689372e-05  9.777365414e-06  9.968485491e-06  1.010840823e-05  2.233632168e-06  7.543733246e-06  3.2102
2278  8123.899897  0.7193039091  2.005127853e-05  9.766801277e-06  9.966017445e-06  1.008526109e-05  2.219860776e-06  7.546940501e-06  3.222
2279  8124.100766  0.7191701742  2.004658411e-05  9.765820607e-06  9.948210553e-06  1.009837356e-05  2.228176854e-06  7.537643753e-06  3.2118
2280  8124.300452  0.7190893511  2.00758943e-05  9.780889746e-06  9.973164387e-06  1.010272992e-05  2.233032624e-06  7.547857122e-06  3.1716
2281  8124.500101  0.7190739914  2.005923828e-05  9.77292511e-06  9.957462769e-06  1.010177551e-05  2.219939026e-06  7.552986084e-06  3.125
2282  8124.700221  0.7188048505  2.006071651e-05  9.776276149e-06  9.991169741e-06  1.006954677e-05  2.233497656e-06  7.542778493e-06  3.1178
2283  8124.900677  0.7186414118  2.004359691e-05  9.769529768e-06  9.924558881e-06  1.011903803e-05  2.221617599e-06  7.547912169e-06  3.1152
2284  8125.100272  0.71850283  2.007738012e-05  9.787352434e-06  1.001720951e-05  1.006017061e-05  2.234973938e-06  7.552378496e-06  3.1064
2285  8125.300009  0.7184252845  2.003883786e-05  9.769321329e-06  9.961654314e-06  1.007718354e-05  2.221614115e-06  7.547707215e-06  3.0594
2286  8125.500301  0.7183811563  2.006375941e-05  9.781902716e-06  9.971769379e-06  1.009199003e-05  2.23510215e-06  7.546800567e-06  3.0752
2287  8125.70136  0.7181674047  2.007862393e-05  9.791242449e-06  9.994275736e-06  1.008434819e-05  2.230377382e-06  7.560865066e-06  3.0982
2288  8125.900846  0.7180358461  2.004201157e-05  9.77467447e-06  9.97224064e-06  1.006977093e-05  2.223142588e-06  7.551531882e-06  3.1818
2289  8126.100658  0.7179213258  2.004909068e-05  9.779246872e-06  9.962692619e-06  1.008639806e-05  2.231382749e-06  7.547864123e-06  3.1968
2290  8126.300226  0.7178055487  2.005540674e-05  9.783460264e-06  9.976271028e-06  1.007913572e-05  2.227309296e-06  7.556150969e-06  3.1904
2291  8126.500381  0.7176918222  2.005527561e-05  9.78450899e-06  9.999393422e-06  1.005588219e-05  2.238381399e-06  7.546127591e-06  3.2354
2292  8126.701018  0.7175733951  2.005932931e-05  9.78764575e-06  9.942430953e-06  1.011689836e-05  2.222220356e-06  7.565425393e-06  3.2632
2293  8126.900732  0.7174617233  2.007216878e-05  9.795004341e-06  9.978930057e-06  1.009323872e-05  2.239976363e-06  7.555027978e-06  3.2476
2294  8127.100258  0.7173582598  2.002518177e-05  9.773086285e-06  9.931444526e-06  1.009373724e-05  2.221380183e-06  7.551706102e-06  3.1982
2295  8127.299203  0.7172117726  2.004781329e-05  9.785564725e-06  9.982546852e-06  1.006526644e-05  2.23703118e-06  7.548533546e-06  3.1528
2296  8127.500382  0.7171101659  2.005991536e-05  9.79246681e-06  9.973229439e-06  1.008668592e-05  2.233798673e-06  7.558668137e-06  3.1006
2297  8127.700799  0.7169614703  2.004368751e-05  9.786000036e-06  9.962486759e-06  1.008120075e-05  2.229125977e-06  7.55687406e-06  3.0984
2298  8127.900229  0.7168720509  2.004267936e-05  9.786382875e-06  9.9340657e-06  1.010861366e-05  2.232230255e-06  7.55415262e-06  3.0618
2299  8128.100426  0.7167250402  2.005380479e-05  9.793254777e-06  9.960735397e-06  1.009306939e-05  2.235584701e-06  7.557670075e-06  3.0184
2300  8128.301014  0.7165866469  2.006235377e-05  9.798785655e-06  9.979612986e-06  1.008274078e-05  2.235727247e-06  7.563058408e-06  3.002
2301  8128.501279  0.7163789574  2.003748858e-05  9.78867388e-06  9.947724273e-06  1.008976431e-05  2.222090336e-06  7.566583544e-06  3.1042
2302  8128.700567  0.7163889448  2.005174141e-05  9.795538812e-06  1.000922219e-05  1.004251922e-05  2.236499045e-06  7.559039767e-06  3.2136
2303  8128.900904  0.7162136352  2.005181487e-05  9.797292105e-06  9.973165466e-06  1.00786494e-05  2.233339926e-06  7.563952178e-06  3.2788
2304  8129.100349  0.7159941872  2.003421958e-05  9.790843415e-06  9.949736056e-06  1.008448353e-05  2.23429607e-06  7.556547346e-06  3.2688
2305  8129.300576  0.7159942521  2.002888377e-05  9.788235137e-06  9.911926933e-06  1.011695684e-05  2.230322939e-06  7.557912199e-06  3.2226
2306  8129.500047  0.7159337348  2.006381545e-05  9.805899864e-06  9.996232617e-06  1.006758283e-05  2.235192942e-06  7.570706922e-06  3.2244
2307  8129.700123  0.7156408034  2.00339117e-05  9.794153435e-06  9.979930866e-06  1.005398084e-05  2.240331823e-06  7.553821612e-06  3.1916
2308  8129.899746  0.7156566281  2.002868238e-05  9.791441984e-06  9.914761329e-06  1.011392105e-05  2.230245073e-06  7.561196911e-06  3.2244
2309  8130.100321  0.7153382253  2.003671e-05  9.798485824e-06  9.933778057e-06  1.010293195e-05  2.231811103e-06  7.566674721e-06  3.174
2310  8130.300319  0.7154051201  2.003901358e-05  9.798956815e-06  9.990126322e-06  1.004888726e-05  2.241120772e-06  7.557836043e-06  3.1378
2311  8130.500031  0.715253611  2.00501042e-05  9.805865626e-06  9.974563968e-06  1.007554023e-05  2.236806377e-06  7.569059249e-06  3.101
2312  8130.700184  0.7151479062  2.003069757e-05  9.797410038e-06  9.926076069e-06  1.01046215e-05  2.237734975e-06  7.559675063e-06  3.0338
2313  8130.900041  0.7150047589  2.00170174e-05  9.792120413e-06  9.909707719e-06  1.010730968e-05  2.227603496e-06  7.564516917e-06  2.9738
2314  8131.099891  0.7147902535  2.00550582e-05  9.812834263e-06  1.000768236e-05  1.004737583e-05  2.242319713e-06  7.57051455e-06  2.9598
2315  8131.300837  0.7146846008  2.002977334e-05  9.801498017e-06  9.946393967e-06  1.008337937e-05  2.238430048e-06  7.563067969e-06  3.0814
2316  8131.501095  0.7146509836  2.002266979e-05  9.798351306e-06  9.967472504e-06  1.005519728e-05  2.223377861e-06  7.574973445e-06  3.1676
2317  8131.700449  0.7146120803  2.003447224e-05  9.80450841e-06  9.973809952e-06  1.006066229e-05  2.23898086e-06  7.56552755e-06  3.3258
2318  8131.899043  0.7143530002  2.005340258e-05  9.816315458e-06  9.957725661e-06  1.009567692e-05  2.24053082e-06  7.575784638e-06  3.3614
2319  8132.099566  0.7141334022  2.003199837e-05  9.80799149e-06  9.952353275e-06  1.00796451e-05  2.238863338e-06  7.569128152e-06  3.2996
2320  8132.299517  0.7141178446  2.001215715e-05  9.798429342e-06  9.924798819e-06  1.008735833e-05  2.231604063e-06  7.56682528e-06  3.2518
2321  8132.500261  0.7140378914  2.002536518e-05  9.805680273e-06  9.937504785e-06  1.008786039e-05  2.238486851e-06  7.567193423e-06  3.2062
2322  8132.700058  0.7139034184  2.003949006e-05  9.813916321e-06  9.969682649e-06  1.006980741e-05  2.241858123e-06  7.572058199e-06  3.195
2323  8132.899911  0.7137533519  2.002899847e-05  9.810250368e-06  9.947807929e-06  1.008119054e-05  2.236646299e-06  7.57360407e-06  3.1548
2324  8133.10024  0.7135361597  2.001551627e-05  9.80577626e-06  9.901284016e-06  1.011423225e-05  2.237889747e-06  7.567886513e-06  3.0942
2325  8133.299831  0.7134441755  2.003067623e-05  9.814105963e-06  9.959400474e-06  1.007127576e-05  2.24242006e-06  7.571685902e-06  3.0826
2326  8133.499607  0.7133377177  2.001689723e-05  9.808399013e-06  9.979753338e-06  1.003714389e-05  2.239301087e-06  7.569097925e-06  3.0506
2327  8133.700154  0.7132251579  2.001663094e-05  9.809372607e-06  9.942542675e-06  1.007408826e-05  2.240111772e-06  7.569260835e-06  3.0088
2328  8133.900758  0.7131389229  2.000629144e-05  9.805151132e-06  9.887118643e-06  1.01191728e-05  2.234445272e-06  7.57070586e-06  2.9906
2329  8134.101168  0.7130409657  2.002274831e-05  9.814178022e-06  9.978015264e-06  1.004473305e-05  2.241945012e-06  7.572233009e-06  3.003
2330  8134.30105  0.7128749539  2.002091914e-05  9.814910705e-06  9.962958308e-06  1.005796083e-05  2.234948088e-06  7.579962617e-06  3.1118
2331  8134.501255  0.7127306825  2.003185146e-05  9.821686977e-06  9.95239186e-06  1.007945961e-05  2.243644139e-06  7.578042837e-06  3.1874
2332  8134.700812  0.7126140169  1.999858722e-05  9.806521417e-06  9.919561763e-06  1.007902546e-05  2.233213393e-06  7.573308025e-06  3.2656
2333  8134.900422  0.7125577668  2.000626458e-05  9.810837939e-06  9.968039367e-06  1.003822521e-05  2.238858503e-06  7.571979437e-06  3.3282
2334  8135.100597  0.7122697389  2.002472727e-05  9.822720635e-06  9.967190735e-06  1.005753653e-05  2.246000476e-06  7.576720159e-06  3.3272
2335  8135.300052  0.7123001098  1.999936476e-05  9.809981634e-06  9.92735356e-06  1.00720112e-05  2.238050873e-06  7.571930761e-06  3.2672
2336  8135.499807  0.7121683143  2.001274179e-05  9.817837123e-06  9.948815629e-06  1.006392616e-05  2.245291614e-06  7.572545509e-06  3.2704
2337  8135.700385  0.711931047  2.001394398e-05  9.820756762e-06  9.932735214e-06  1.008120877e-05  2.23866213e-06  7.582094632e-06  3.1722
2338  8135.901085  0.7118881363  2.000667701e-05  9.81761216e-06  9.94511416e-06  1.006156285e-05  2.249817274e-06  7.567794886e-06  3.1158
2339  8136.099744  0.7117700318  2.000519208e-05  9.818042966e-06  9.925335723e-06  1.007985635e-05  2.232363936e-06  7.585679029e-06  3.0802
2340  8136.301001  0.7116739475  2.000829597e-05  9.82050983e-06  9.932364046e-06  1.007593192e-05  2.250499102e-06  7.570010728e-06  3.06
2341  8136.500723  0.7115576187  1.999123491e-05  9.81327739e-06  9.909582454e-06  1.008165246e-05  2.233435271e-06  7.579842119e-06  3.0192
2342  8136.700936  0.7113683503  2.001323637e-05  9.825937006e-06  9.9705374e-06  1.004269897e-05  2.245724785e-06  7.58021222e-06  3.0214
2343  8136.901071  0.7112433865  2.002310838e-05  9.832012456e-06  9.954349549e-06  1.006875883e-05  2.248419289e-06  7.583593167e-06  3.0766
2344  8137.100928  0.711078335  2.000518699e-05  9.824833925e-06  9.907969583e-06  1.00972174e-05  2.235297906e-06  7.589536019e-06  3.046
2345  8137.301077  0.7109430785  2.000315212e-05  9.825163399e-06  9.976361753e-06  1.002679037e-05  2.247598811e-06  7.577564588e-06  3.169
2346  8137.500582  0.7108777587  1.999166911e-05  9.820164594e-06  9.914760055e-06  1.007690905e-05  2.233036077e-06  7.587128517e-06  3.2102
2347  8137.700768  0.7107173421  2.00283722e-05  9.83977196e-06  9.982498264e-06  1.004587393e-05  2.254864226e-06  7.584907734e-06  3.2118
2348  8137.900559  0.7106113226  1.997782524e-05  9.815979292e-06  9.908084033e-06  1.006974121e-05  2.232322924e-06  7.583656369e-06  3.3078
2349  8138.100521  0.7104030692  2.002741592e-05  9.84239486e-06  9.977796503e-06  1.004961942e-05  2.257893611e-06  7.584501249e-06  3.3118
2350  8138.299852  0.7103444372  1.999955441e-05  9.829278724e-06  9.893577669e-06  1.010597674e-05  2.238937975e-06  7.590340749e-06  3.2592
2351  8138.499703  0.710238701  1.99848867e-05  9.823108517e-06  9.91577004e-06  1.006911666e-05  2.248427575e-06  7.574680942e-06  3.169
2352  8138.699778  0.7102098777  2.000014078e-05  9.830889664e-06  9.967084212e-06  1.003305657e-05  2.243042357e-06  7.587847307e-06  3.1356
2353  8138.900265  0.7099634557  2.001497353e-05  9.840605208e-06  9.96046393e-06  1.00545096e-05  2.252511963e-06  7.588093246e-06  3.0664
2354  8139.100887  0.709897084  1.999049936e-05  9.829224549e-06  9.941740361e-06  1.0048759e-05  2.248436878e-06  7.580787671e-06  3.0834
2355  8139.300832  0.7098005789  1.998221545e-05  9.826099613e-06  9.911769464e-06  1.007044598e-05  2.235542794e-06  7.590556819e-06  3.0752
2356  8139.500503  0.709568076  2.003846501e-05  9.856051193e-06  1.001284459e-05  1.002562042e-05  2.261728012e-06  7.594323181e-06  3.0838
2357  8139.700703  0.7094386301  1.997078762e-05  9.824035222e-06  9.872171856e-06  1.009861576e-05  2.235958584e-06  7.588076638e-06  3.0732
2358  8139.899821  0.7093741114  1.998938011e-05  9.833815689e-06  9.946997882e-06  1.004238223e-05  2.255038933e-06  7.578776756e-06  3.0474
2359  8140.100617  0.7092623937  2.000282385e-05  9.841528775e-06  9.95646025e-06  1.00463636e-05  2.245290108e-06  7.596238667e-06  3.136
2360  8140.300532  0.7091127886  1.999411862e-05  9.838717553e-06  9.942120135e-06  1.005199848e-05  2.243162881e-06  7.595554671e-06  3.165
2361  8140.500811  0.7089665866  1.998581085e-05  9.836067411e-06  9.914519276e-06  1.007129158e-05  2.246663839e-06  7.589403573e-06  3.2446
2362  8140.700859  0.7088710027  1.999592958e-05  9.841988057e-06  9.934805646e-06  1.006112393e-05  2.253138165e-06  7.588849892e-06  3.242
2363  8140.900153  0.7087855324  2.001874469e-05  9.854059839e-06  1.00110429e-05  1.000770179e-05  2.256940659e-06  7.597119181e-06  3.2316
2364  8141.100068  0.7085370233  1.996987562e-05  9.832447597e-06  9.880572965e-06  1.008930266e-05  2.238263136e-06  7.594184461e-06  3.2192
2365  8141.299917  0.7084200048  1.999355932e-05  9.845260608e-06  9.915834137e-06  1.007772518e-05  2.26093594e-06  7.584324668e-06  3.1628
2366  8141.500444  0.7083681836  1.997781438e-05  9.838017263e-06  9.885341499e-06  1.009247288e-05  2.241406228e-06  7.596611035e-06  3.1408
2367  8141.699943  0.7082836116  1.999257734e-05  9.846119911e-06  9.980327852e-06  1.001224949e-05  2.252885265e-06  7.593234647e-06  3.1028
2368  8141.900631  0.7081073604  2.000446655e-05  9.853711792e-06  9.961558228e-06  1.004290833e-05  2.253550415e-06  7.600161377e-06  3.1256
2369  8142.100765  0.707979755  1.999958583e-05  9.852564829e-06  9.890713393e-06  1.010887244e-05  2.252924201e-06  7.599640627e-06  3.1174
2370  8142.300874  0.7079045943  1.997152189e-05  9.839478966e-06  9.870400157e-06  1.010112173e-05  2.245477878e-06  7.594001088e-06  3.075
2371  8142.500216  0.7077224835  1.99875838e-05  9.849185753e-06  9.96831576e-06  1.001926804e-05  2.251987648e-06  7.597198105e-06  3.0002
2372  8142.700154  0.7075286233  2.000421588e-05  9.859292603e-06  9.998099009e-06  1.000611687e-05  2.26084919e-06  7.598443413e-06  3.0024
2373  8142.901328  0.7074011207  1.997037826e-05  9.843870409e-06  9.899699919e-06  1.007067834e-05  2.242191007e-06  7.601679402e-06  3.1028
2374  8143.100933  0.7073672053  1.998610594e-05  9.851957083e-06  9.912476381e-06  1.007362956e-05  2.2514694e-06  7.600487683e-06  3.165
2375  8143.300521  0.7072398919  2.000207601e-05  9.86108474e-06  9.955574731e-06  1.004650128e-05  2.254353109e-06  7.606731631e-06  3.1814
2376  8143.499828  0.7070122425  2.000081703e-05  9.862709045e-06  9.991992524e-06  1.000882451e-05  2.260440575e-06  7.60226847e-06  3.2648
2377  8143.700945  0.7069153768  1.996575449e-05  9.846372895e-06  9.890076591e-06  1.007567789e-05  2.248336106e-06  7.598036789e-06  3.2792
2378  8143.900033  0.7069197743  1.997959155e-05  9.853153493e-06  9.906978637e-06  1.007261291e-05  2.249607974e-06  7.60354552e-06  3.2438
2379  8144.100016  0.7068054646  1.998511287e-05  9.857003083e-06  9.938353655e-06  1.004675922e-05  2.254619598e-06  7.602383485e-06  3.1924
2380  8144.299981  0.7065506883  1.999394655e-05  9.863872766e-06  9.976071715e-06  1.001787484e-05  2.261416256e-06  7.60245651e-06  3.201
2381  8144.500303  0.7064490188  1.997955975e-05  9.857777325e-06  9.884885978e-06  1.009467377e-05  2.252251977e-06  7.605525348e-06  3.154
2382  8144.700136  0.7063320007  1.998735714e-05  9.86277856e-06  9.93401646e-06  1.005334068e-05  2.254453237e-06  7.608325323e-06  3.0936
2383  8144.899394  0.706096014  1.99842416e-05  9.863568587e-06  9.951621738e-06  1.003261986e-05  2.264078937e-06  7.59948965e-06  3.0886
2384  8145.099685  0.7061296213  1.997064038e-05  9.856524217e-06  9.915979912e-06  1.005466047e-05  2.248549336e-06  7.607974881e-06  3.0422
2385  8145.299781  0.7059219271  1.999376135e-05  9.86998531e-06  9.940754631e-06  1.005300672e-05  2.258452287e-06  7.611533023e-06  2.9964
2386  8145.499831  0.7059606767  1.997942628e-05  9.862526581e-06  9.907886281e-06  1.007154e-05  2.255320958e-06  7.607205623e-06  2.974
2387  8145.700146  0.7056638146  1.99945306e-05  9.872913048e-06  9.940137394e-06  1.005439321e-05  2.256385741e-06  7.616527307e-06  3.05
2388  8145.900721  0.7056072886  1.998913547e-05  9.870806979e-06  9.929908616e-06  1.005922685e-05  2.255384024e-06  7.615422955e-06  3.0832
2389  8146.100881  0.7055022229  1.997828484e-05  9.866485417e-06  9.935554862e-06  1.004272997e-05  2.253171623e-06  7.613313794e-06  3.2
2390  8146.300476  0.70538578  1.99856918e-05  9.8712928e-06  9.925272365e-06  1.006041944e-05  2.254835289e-06  7.616457511e-06  3.3386
2391  8146.499819  0.7052402044  1.999296271e-05  9.876321676e-06  9.93079629e-06  1.006216642e-05  2.258024117e-06  7.61829756e-06  3.368
2392  8146.699763  0.705064641  1.995744648e-05  9.860508011e-06  9.899590389e-06  1.005785609e-05  2.25931001e-06  7.601198001e-06  3.321
2393  8146.900612  0.7049488194  1.998048941e-05  9.873036428e-06  9.919049856e-06  1.006143955e-05  2.259836988e-06  7.61319944e-06  3.1982
2394  8147.10011  0.7049268551  1.999136678e-05  9.87862828e-06  9.906629311e-06  1.008473747e-05  2.26233872e-06  7.61628956e-06  3.1444
2395  8147.299199  0.7046528858  1.998537513e-05  9.878373541e-06  9.953542576e-06  1.003183256e-05  2.254820113e-06  7.623553428e-06  3.1422
2396  8147.500594  0.7045469131  1.995604161e-05  9.864919919e-06  9.865481426e-06  1.009056018e-05  2.258984554e-06  7.605935366e-06  3.1228
2397  8147.699857  0.7045582053  1.998046338e-05  9.876880864e-06  9.918252848e-06  1.006221053e-05  2.261761979e-06  7.615118885e-06  3.0568
2398  8147.900259  0.7042480761  1.998594023e-05  9.88265264e-06  9.955843795e-06  1.003009643e-05  2.265088965e-06  7.617563675e-06  2.9916
2399  8148.099911  0.7042482669  1.995984811e-05  9.869748719e-06  9.892227536e-06  1.006762057e-05  2.253016388e-06  7.616732331e-06  2.9422
2400  8148.300492  0.7041357927  1.998058077e-05  9.881111917e-06  9.929190451e-06  1.005139032e-05  2.26537904e-06  7.615732877e-06  2.9146
2401  8148.500585  0.7039155389  2.001690112e-05  9.901254177e-06  1.001200739e-05  1.000489373e-05  2.269022904e-06  7.632231273e-06  3.041
2402  8148.701058  0.7037787422  1.994784405e-05  9.868445343e-06  9.898784619e-06  1.004905943e-05  2.244335532e-06  7.624109811e-06  3.1434
2403  8148.901401  0.7037828502  1.996176886e-05  9.875293549e-06  9.930266511e-06  1.003150235e-05  2.261171209e-06  7.614122341e-06  3.2464
2404  8149.099889  0.7036599582  1.999603464e-05  9.893460939e-06  9.960550936e-06  1.00354837e-05  2.265156313e-06  7.628304626e-06  3.3704
2405  8149.300939  0.7034090585  1.997339539e-05  9.884739457e-06  9.956606663e-06  1.001678872e-05  2.266013119e-06  7.618726339e-06  3.3878
2406  8149.5001  0.7033580618  1.996390286e-05  9.880545513e-06  9.89153846e-06  1.00723644e-05  2.257635619e-06  7.622909894e-06  3.2868
2407  8149.700588  0.7032964455  1.99592849e-05  9.878868667e-06  9.857677936e-06  1.010160696e-05  2.266074476e-06  7.612794191e-06  3.2456
2408  8149.899546  0.7031346591  1.997131251e-05  9.886421107e-06  9.938028762e-06  1.003328375e-05  2.257258782e-06  7.629162324e-06  3.1572
2409  8150.099998  0.7029970372  1.997917455e-05  9.891674279e-06  9.964093295e-06  1.001508126e-05  2.271867171e-06  7.619807108e-06  3.1368
2410  8150.300091  0.7028485007  1.996790506e-05  9.887563318e-06  9.912144731e-06  1.005576033e-05  2.260730278e-06  7.62683304e-06  3.0774
2411  8150.500416  0.7028157481  1.99414853e-05  9.874804392e-06  9.834606503e-06  1.01068788e-05  2.258796128e-06  7.616008264e-06  3.047
2412  8150.699966  0.7026758007  1.998515947e-05  9.897816436e-06  9.937428214e-06  1.004773125e-05  2.266971349e-06  7.630845088e-06  2.9482
2413  8150.900548  0.7024601958  1.99841977e-05  9.899474257e-06  9.934237245e-06  1.004996045e-05  2.269849268e-06  7.629624989e-06  2.9056
2414  8151.101725  0.7023200713  1.997605995e-05  9.89682979e-06  9.943194284e-06  1.003286566e-05  2.268748958e-06  7.628080833e-06  2.9362
2415  8151.30118  0.7022977591  1.994456867e-05  9.8814484e-06  9.864579884e-06  1.007998879e-05  2.245625474e-06  7.635822926e-06  3.031
2416  8151.5004  0.70208611  1.99994625e-05  9.910742679e-06  9.993223981e-06  1.000623852e-05  2.271726198e-06  7.639016481e-06  3.2126
2417  8151.700126  0.7020627791  1.997438325e-05  9.898545589e-06  9.915447948e-06  1.005893531e-05  2.260036383e-06  7.638509206e-06  3.3436
2418  8151.90059  0.7018065666  1.995821367e-05  9.893066961e-06  9.908315619e-06  1.004989805e-05  2.266987707e-06  7.626079254e-06  3.371
2419  8152.100152  0.7017834941  1.997534177e-05  9.90178563e-06  9.915172537e-06  1.006016924e-05  2.269262476e-06  7.632523153e-06  3.3474
2420  8152.299883  0.7016809231  1.997026716e-05  9.900285571e-06  9.90706413e-06  1.006320303e-05  2.262219548e-06  7.638066024e-06  3.2576
2421  8152.499917  0.7015055382  1.996697274e-05  9.900388585e-06  9.939615878e-06  1.002735686e-05  2.272705066e-06  7.627683519e-06  3.2366
2422  8152.699667  0.7014874288  1.997407115e-05  9.904087603e-06  9.927991556e-06  1.004607959e-05  2.267391522e-06  7.636696081e-06  3.1318
2423  8152.900257  0.7013102604  1.997448041e-05  9.906045417e-06  9.936570048e-06  1.003791036e-05  2.272373028e-06  7.633672389e-06  3.1114
2424  8153.100217  0.7012615473  1.994447066e-05  9.89164437e-06  9.886922977e-06  1.005754768e-05  2.255924582e-06  7.635719788e-06  3.047
2425  8153.29963  0.700912404  1.999711051e-05  9.921214911e-06  1.000420534e-05  9.992905173e-06  2.286791602e-06  7.634423308e-06  2.9948
2426  8153.499739  0.7009487238  1.996836962e-05  9.90659581e-06  9.857415424e-06  1.011095419e-05  2.266817141e-06  7.639778668e-06  2.944
2427  8153.700478  0.7006962894  1.99662954e-05  9.908067581e-06  9.911443621e-06  1.005485178e-05  2.262454504e-06  7.645613077e-06  2.8842
2428  8153.901367  0.7006307886  1.997978081e-05  9.915409023e-06  9.97437364e-06  1.000540717e-05  2.278387619e-06  7.637021404e-06  2.9504
2429  8154.101252  0.7004915071  1.998022697e-05  9.917011599e-06  9.956606191e-06  1.002362078e-05  2.263771401e-06  7.653240198e-06  3.107
2430  8154.300943  0.7003728691  1.995978467e-05  9.908040641e-06  9.912930454e-06  1.004685421e-05  2.264984155e-06  7.643056487e-06  3.2164
2431  8154.499899  0.7002841482  1.997285081e-05  9.915406339e-06  9.946985797e-06  1.002586501e-05  2.270469836e-06  7.644936503e-06  3.366
2432  8154.699532  0.7001948421  1.998572075e-05  9.922681665e-06  9.919267144e-06  1.00664536e-05  2.276436201e-06  7.646245463e-06  3.3844
2433  8154.900056  0.6999977992  1.997231536e-05  9.91798012e-06  9.921357871e-06  1.005095749e-05  2.268195031e-06  7.649785089e-06  3.3346
2434  8155.100052  0.6997509354  1.994817421e-05  9.908437685e-06  9.890099214e-06  1.0058075e-05  2.272102391e-06  7.636335294e-06  3.2662
2435  8155.300618  0.699759626  1.99598775e-05  9.914164655e-06  9.875050098e-06  1.008482741e-05  2.272161206e-06  7.642003449e-06  3.1956
2436  8155.500143  0.6995929775  1.997038728e-05  9.921038097e-06  9.928343917e-06  1.004204336e-05  2.268041016e-06  7.652997081e-06  3.1124
2437  8155.700337  0.6995560486  1.996496552e-05  9.918710917e-06  9.906716526e-06  1.0058249e-05  2.274549898e-06  7.644161019e-06  3.0678
2438  8155.900072  0.6993767797  1.996390077e-05  9.919960122e-06  9.870058716e-06  1.009384205e-05  2.270263435e-06  7.649696686e-06  3.0638
2439  8156.100613  0.6991074235  1.998334292e-05  9.932295791e-06  9.949796019e-06  1.00335469e-05  2.281835027e-06  7.650460764e-06  2.9774
2440  8156.299978  0.6989993242  1.996177492e-05  9.922648449e-06  9.941093289e-06  1.002068163e-05  2.277295573e-06  7.645352876e-06  2.9392
2441  8156.499854  0.6990212117  1.995019685e-05  9.91667614e-06  9.874075021e-06  1.007612183e-05  2.264904699e-06  7.651771441e-06  2.9312
2442  8156.700899  0.6988124984  1.999619845e-05  9.94161696e-06  9.989639875e-06  1.000655857e-05  2.280489303e-06  7.661127658e-06  2.9612
2443  8156.900663  0.6987027343  1.995648588e-05  9.922961974e-06  9.931131427e-06  1.002535445e-05  2.266857582e-06  7.656104392e-06  3.1144
2444  8157.100522  0.6984367806  1.996377597e-05  9.929227189e-06  9.909825913e-06  1.005395006e-05  2.271482197e-06  7.657744992e-06  3.2076
2445  8157.300689  0.6983797867  1.997904785e-05  9.937389198e-06  9.935129061e-06  1.004391879e-05  2.279374745e-06  7.658014453e-06  3.367
2446  8157.500012  0.6982517902  1.996608905e-05  9.932214822e-06  9.96600877e-06  1.000008028e-05  2.27602136e-06  7.656193463e-06  3.3526
2447  8157.699849  0.6980677859  1.995392135e-05  9.927988573e-06  9.907776226e-06  1.004614512e-05  2.279390508e-06  7.648598064e-06  3.2988
2448  8157.90015  0.6978954597  1.99552368e-05  9.930354182e-06  9.878800641e-06  1.007643616e-05  2.273215894e-06  7.657138288e-06  3.2348
2449  8158.100498  0.6978349599  1.994981055e-05  9.928254552e-06  9.901382882e-06  1.004842767e-05  2.276205979e-06  7.652048573e-06  3.1574
2450  8158.299526  0.6977668468  1.996789748e-05  9.937932599e-06  9.974601499e-06  9.993295977e-06  2.274837186e-06  7.663095413e-06  3.1014
2451  8158.49935  0.6974731525  1.998082592e-05  9.94728806e-06  9.957372709e-06  1.002345321e-05  2.291414871e-06  7.655873188e-06  3.0308
2452  8158.700024  0.6974124808  1.995523869e-05  9.935152431e-06  9.873952247e-06  1.008128644e-05  2.274030727e-06  7.661121705e-06  3.005
2453  8158.900556  0.6973185694  1.993519942e-05  9.926107577e-06  9.87281349e-06  1.006238593e-05  2.269527892e-06  7.656579685e-06  2.9666
2454  8159.0999  0.6971680094  1.998209106e-05  9.950953902e-06  9.984965575e-06  9.997125487e-06  2.28757713e-06  7.663376771e-06  2.9566
2455  8159.300159  0.6970928142  1.996368522e-05  9.942535514e-06  9.902430056e-06  1.006125517e-05  2.272495384e-06  7.670040131e-06  3.0088
2456  8159.500976  0.6969652314  1.994392969e-05  9.933963969e-06  9.903414862e-06  1.004051483e-05  2.279056168e-06  7.654907801e-06  3.0572
2457  8159.700504  0.696866988  1.996643573e-05  9.946151202e-06  9.927847416e-06  1.003858832e-05  2.272239456e-06  7.673911747e-06  3.1626
2458  8159.901074  0.6967108915  1.998737964e-05  9.958138584e-06  9.95781227e-06  1.002956737e-05  2.284455829e-06  7.673682754e-06  3.2434
2459  8160.10051  0.6965829676  1.994786984e-05  9.939725406e-06  9.903813257e-06  1.004405658e-05  2.276332074e-06  7.663393332e-06  3.3718
2460  8160.300726  0.6963671226  1.99226021e-05  9.929277825e-06  9.85244462e-06  1.007015748e-05  2.272733053e-06  7.656544772e-06  3.2992
2461  8160.499812  0.6963333339  1.996515827e-05  9.950823725e-06  9.929856548e-06  1.003530173e-05  2.288790102e-06  7.662033623e-06  3.2408
2462  8160.699093  0.6962508558  1.994574539e-05  9.941968122e-06  9.893990464e-06  1.005175493e-05  2.274437311e-06  7.667530811e-06  3.1756
2463  8160.900223  0.6960245845  1.996111604e-05  9.951881202e-06  9.926108526e-06  1.003500752e-05  2.288288729e-06  7.663592474e-06  3.1454
2464  8161.100538  0.6959415327  1.994207432e-05  9.943213463e-06  9.854137743e-06  1.008793657e-05  2.275723482e-06  7.667489981e-06  3.0808
2465  8161.300663  0.6958460366  1.994698664e-05  9.946612589e-06  9.924186945e-06  1.00227997e-05  2.281266453e-06  7.665346136e-06  3.0334
2466  8161.500305  0.6955905121  1.995096745e-05  9.951140065e-06  9.939058754e-06  1.00119087e-05  2.286302117e-06  7.664837948e-06  3.0098
2467  8161.700565  0.6955304493  1.993920125e-05  9.94586868e-06  9.873214773e-06  1.006598648e-05  2.273249291e-06  7.672619389e-06  2.991
2468  8161.90022  0.6954072164  1.995764753e-05  9.956296732e-06  9.944686378e-06  1.001296115e-05  2.29233114e-06  7.663965593e-06  2.9858
2469  8162.100232  0.695351522  1.993568608e-05  9.94589471e-06  9.890334333e-06  1.004535175e-05  2.267415406e-06  7.678479304e-06  3.0488
2470  8162.30112  0.6951387243  1.997853251e-05  9.969391993e-06  9.97521669e-06  1.000331582e-05  2.293903758e-06  7.675488234e-06  3.0906
2471  8162.501363  0.695071272  1.994998095e-05  9.955816135e-06  9.908461385e-06  1.004151957e-05  2.281066218e-06  7.674749917e-06  3.216
2472  8162.701093  0.6948744119  1.992849997e-05  9.947054277e-06  9.917262716e-06  1.001123726e-05  2.276567873e-06  7.670486404e-06  3.2704
2473  8162.900966  0.6948038386  1.994146962e-05  9.954230385e-06  9.919480224e-06  1.002198939e-05  2.29107561e-06  7.663154775e-06  3.3072
2474  8163.099574  0.69455481  1.995023483e-05  9.961086026e-06  9.905671412e-06  1.004456342e-05  2.27808499e-06  7.683001036e-06  3.2434
2475  8163.300675  0.6944577408  1.991439462e-05  9.944156349e-06  9.865347743e-06  1.004904687e-05  2.283274949e-06  7.6608814e-06  3.2004
2476  8163.499598  0.6944752467  1.994941638e-05  9.961469912e-06  9.922840496e-06  1.002657589e-05  2.282373654e-06  7.679096258e-06  3.1318
2477  8163.700578  0.6941926858  1.996903703e-05  9.974085102e-06  9.948909876e-06  1.002012715e-05  2.301287582e-06  7.67279752e-06  3.114
2478  8163.900407  0.6941379359  1.990671251e-05  9.943499798e-06  9.840671403e-06  1.006604111e-05  2.267821495e-06  7.675678303e-06  3.0696
2479  8164.100628  0.6939424231  1.99367675e-05  9.960459619e-06  9.906808654e-06  1.002995885e-05  2.289060906e-06  7.671398713e-06  3.0178
2480  8164.300254  0.6937693695  1.99435378e-05  9.965566505e-06  9.915702655e-06  1.002783514e-05  2.292968408e-06  7.672598097e-06  3.0178
2481  8164.499862  0.693787936  1.99185381e-05  9.952889637e-06  9.870814958e-06  1.004772314e-05  2.269601471e-06  7.683288166e-06  2.9904
2482  8164.700484  0.6936390904  1.995726579e-05  9.973725515e-06  9.940759394e-06  1.00165064e-05  2.296686488e-06  7.677039026e-06  3.0226
2483  8164.899999  0.6934683944  1.995039956e-05  9.97199612e-06  9.895583606e-06  1.005481595e-05  2.284980774e-06  7.687015346e-06  3.0532
2484  8165.10108  0.6932757819  1.993666041e-05  9.967048345e-06  9.874535508e-06  1.00621249e-05  2.283743611e-06  7.683304734e-06  3.1734
2485  8165.300567  0.693167541  1.993857805e-05  9.969086048e-06  9.917091547e-06  1.00214865e-05  2.279429e-06  7.689657049e-06  3.2276
2486  8165.500347  0.6930026854  1.994164468e-05  9.972263181e-06  9.941719021e-06  9.999925662e-06  2.293898121e-06  7.67836506e-06  3.3178
2487  8165.699987  0.6928798149  1.993224309e-05  9.968786501e-06  9.886079574e-06  1.004616352e-05  2.28482829e-06  7.68395821e-06  3.2916
2488  8165.899613  0.6927529522  1.991978135e-05  9.963817922e-06  9.858938409e-06  1.006084294e-05  2.288223917e-06  7.675594005e-06  3.2254
2489  8166.100405  0.692713455  1.993782562e-05  9.973237518e-06  9.894787154e-06  1.004303846e-05  2.288740197e-06  7.684497321e-06  3.1646
2490  8166.301353  0.6925193635  1.995737801e-05  9.984955765e-06  9.936729786e-06  1.002064823e-05  2.287671072e-06  7.697284692e-06  3.1162
2491  8166.500752  0.6923818702  1.992510055e-05  9.970177634e-06  9.908179436e-06  1.001692111e-05  2.294786851e-06  7.675390783e-06  3.0982
2492  8166.700736  0.6921647611  1.991273849e-05  9.96615538e-06  9.872313953e-06  1.004042453e-05  2.284962513e-06  7.681192867e-06  3.0524
2493  8166.89997  0.6920686629  1.994633816e-05  9.983931123e-06  9.92576297e-06  1.002057519e-05  2.293083392e-06  7.69084773e-06  3.0292
2494  8167.100209  0.6919724192  1.992357928e-05  9.973499241e-06  9.906783982e-06  1.00167953e-05  2.286658595e-06  7.686840646e-06  3.0146
2495  8167.300307  0.6918862366  1.993636449e-05  9.980759494e-06  9.908161799e-06  1.002820269e-05  2.294864273e-06  7.68589522e-06  3.003
2496  8167.501173  0.6917025599  1.994263785e-05  9.985734109e-06  9.908019031e-06  1.003461882e-05  2.290151539e-06  7.69558257e-06  3.0088
2497  8167.700853  0.6916077198  1.99328158e-05  9.981762609e-06  9.928590713e-06  1.000422508e-05  2.291678644e-06  7.690083965e-06  3.099
2498  8167.900762  0.6914257814  1.993085481e-05  9.982596656e-06  9.932074554e-06  9.998780255e-06  2.286154958e-06  7.696441698e-06  3.1878
2499  8168.100589  0.6912951679  1.992939821e-05  9.983170952e-06  9.904584437e-06  1.002481377e-05  2.293478523e-06  7.689692429e-06  3.3048
2500  8168.300092  0.6911332462  1.992820041e-05  9.984187468e-06  9.90465004e-06  1.002355037e-05  2.294781809e-06  7.68940566e-06  3.2742
2501  8168.500003  0.6910116622  1.990910691e-05  9.975834304e-06  9.856836172e-06  1.005227074e-05  2.283721337e-06  7.692112967e-06  3.2506
2502  8168.699488  0.6908981224  1.994482716e-05  9.994867361e-06  9.933593605e-06  1.001123356e-05  2.303083577e-06  7.691783784e-06  3.1632
2503  8168.899976  0.6906879574  1.990865253e-05  9.978836302e-06  9.868867057e-06  1.003978548e-05  2.284582653e-06  7.694253649e-06  3.1518
2504  8169.099627  0.6905838721  1.991307228e-05  9.98209055e-06  9.878685244e-06  1.003438703e-05  2.295748188e-06  7.686342362e-06  3.103
2505  8169.300056  0.6905064612  1.991232218e-05  9.982487263e-06  9.855737176e-06  1.005658501e-05  2.286636748e-06  7.695850515e-06  3.0854
2506  8169.499989  0.6903279454  1.991565804e-05  9.985942093e-06  9.892416935e-06  1.002324111e-05  2.297072379e-06  7.688869713e-06  3.059
2507  8169.700039  0.6902735182  1.990478759e-05  9.981034746e-06  9.880323858e-06  1.002446373e-05  2.287941107e-06  7.693093639e-06  2.9816
2508  8169.899928  0.6900370508  1.993350664e-05  9.997799468e-06  9.921237218e-06  1.001226942e-05  2.29980086e-06  7.697998608e-06  2.9932
2509  8170.100928  0.6899238206  1.99267666e-05  9.995550687e-06  9.895413228e-06  1.003135337e-05  2.298245438e-06  7.697305249e-06  2.998
2510  8170.301096  0.6898699115  1.990054885e-05  9.982937645e-06  9.868513369e-06  1.003203548e-05  2.280954224e-06  7.701983421e-06  3.062
2511  8170.500616  0.6896663668  1.992170106e-05  9.995582808e-06  9.933039227e-06  9.988661832e-06  2.300598876e-06  7.694983932e-06  3.1824
2512  8170.701011  0.6895198285  1.991732549e-05  9.994851917e-06  9.915158203e-06  1.000216729e-05  2.291914651e-06  7.702937265e-06  3.255
2513  8170.900852  0.6894432919  1.990826886e-05  9.991071797e-06  9.895066499e-06  1.001320236e-05  2.299689546e-06  7.691382252e-06  3.2668
2514  8171.100143  0.6892318795  1.991493946e-05  9.996532641e-06  9.896252989e-06  1.001868647e-05  2.2956048e-06  7.700927841e-06  3.231
2515  8171.3007  0.6891105417  1.991209518e-05  9.996317782e-06  9.88687737e-06  1.002521781e-05  2.300000863e-06  7.696316919e-06  3.227
2516  8171.500659  0.6890075394  1.989684248e-05  9.989689496e-06  9.890517342e-06  1.000632514e-05  2.292228191e-06  7.697461305e-06  3.158
2517  8171.700415  0.688709555  1.990473624e-05  9.996631142e-06  9.913631603e-06  9.991104637e-06  2.297011684e-06  7.699619457e-06  3.1348
2518  8171.900524  0.6886550917  1.990754273e-05  9.998585167e-06  9.913135269e-06  9.994407456e-06  2.30277046e-06  7.695814707e-06  3.09
2519  8172.100665  0.6885417242  1.988429372e-05  9.988040583e-06  9.852622428e-06  1.003167129e-05  2.289350618e-06  7.698689965e-06  3.0738
2520  8172.300235  0.6883790685  1.99076303e-05  1.000138939e-05  9.914471577e-06  9.993158723e-06  2.304454309e-06  7.696935077e-06  3.0132
2521  8172.500386  0.6882641241  1.991161449e-05  1.00045409e-05  9.893324881e-06  1.001828961e-05  2.297605842e-06  7.706935061e-06  2.9696
2522  8172.700786  0.6881338923  1.990617106e-05  1.00031085e-05  9.889901978e-06  1.001626908e-05  2.299220892e-06  7.703887608e-06  2.9946
2523  8172.901145  0.6880312322  1.98878201e-05  9.994912933e-06  9.875897044e-06  1.001192306e-05  2.295206549e-06  7.699706384e-06  3.0054
2524  8173.100727  0.6879069111  1.990338758e-05  1.000398023e-05  9.919304917e-06  9.984082667e-06  2.298515517e-06  7.70546471e-06  3.0936
2525  8173.300768  0.6878130173  1.990964764e-05  1.000806635e-05  9.923223418e-06  9.986424222e-06  2.302353778e-06  7.705712573e-06  3.1908
2526  8173.500295  0.687595214  1.9895723e-05  1.00032453e-05  9.881398433e-06  1.001432457e-05  2.294413638e-06  7.708831659e-06  3.264
2527  8173.70028  0.6874574364  1.990262221e-05  1.00080929e-05  9.860046668e-06  1.004257554e-05  2.302345944e-06  7.705746957e-06  3.2566
2528  8173.900078  0.6873573339  1.989987574e-05  1.000771358e-05  9.861014802e-06  1.003886093e-05  2.300544904e-06  7.707168673e-06  3.2414
2529  8174.100286  0.6872241762  1.988559753e-05  1.000186476e-05  9.886802013e-06  9.998795517e-06  2.298811304e-06  7.703053452e-06  3.178
2530  8174.299055  0.6870871296  1.989364017e-05  1.000728133e-05  9.898200916e-06  9.99543925e-06  2.302456024e-06  7.70482531e-06  3.1406
2531  8174.499928  0.6869257922  1.98905504e-05  1.000734149e-05  9.848220237e-06  1.004233016e-05  2.301677502e-06  7.705663984e-06  3.1142
2532  8174.700056  0.6867604248  1.987652553e-05  1.000193915e-05  9.853218664e-06  1.002330687e-05  2.298009788e-06  7.70392936e-06  3.0646
2533  8174.900123  0.6866884792  1.989135552e-05  1.001012181e-05  9.893147415e-06  9.998208106e-06  2.301060749e-06  7.709061062e-06  3.0126
2534  8175.100058  0.6865070126  1.991630452e-05  1.002449609e-05  9.914420483e-06  1.000188404e-05  2.307437712e-06  7.717058376e-06  2.995
2535  8175.300597  0.6863517332  1.987778893e-05  1.00066637e-05  9.845471098e-06  1.003231783e-05  2.299784867e-06  7.706878831e-06  2.9336
2536  8175.500555  0.6862410851  1.987396764e-05  1.000584709e-05  9.864720867e-06  1.000924678e-05  2.296729863e-06  7.709117231e-06  2.9848
2537  8175.701193  0.6860438022  1.990129627e-05  1.002158299e-05  9.919629957e-06  9.981666315e-06  2.305209926e-06  7.716373068e-06  3.0504
2538  8175.901203  0.6859717881  1.98885773e-05  1.001589943e-05  9.903274158e-06  9.985303141e-06  2.297185892e-06  7.718713542e-06  3.2324
2539  8176.101991  0.6858797581  1.988663861e-05  1.001584482e-05  9.916456516e-06  9.97018209e-06  2.305552088e-06  7.710292735e-06  3.312
2540  8176.300395  0.6856578809  1.988283966e-05  1.00161536e-05  9.85021174e-06  1.003262792e-05  2.306558025e-06  7.709595578e-06  3.3182
2541  8176.499556  0.6855493845  1.989790392e-05  1.002482995e-05  9.872030805e-06  1.002587311e-05  2.305805236e-06  7.719024717e-06  3.2242
2542  8176.699878  0.6853863949  1.988637072e-05  1.002065251e-05  9.921035527e-06  9.965335198e-06  2.30899235e-06  7.711660157e-06  3.181
2543  8176.900101  0.6852619333  1.986427428e-05  1.001076409e-05  9.860405137e-06  1.000386914e-05  2.297693084e-06  7.713071002e-06  3.1592
2544  8177.100323  0.6851041327  1.987839662e-05  1.001946211e-05  9.855382259e-06  1.002301436e-05  2.306935237e-06  7.712526872e-06  3.1226
2545  8177.299904  0.6849689575  1.987830941e-05  1.002077262e-05  9.893082714e-06  9.985226695e-06  2.305288611e-06  7.715484007e-06  3.0582
2546  8177.499777  0.6847198775  1.989484016e-05  1.003160423e-05  9.90098455e-06  9.993855608e-06  2.310583461e-06  7.721020767e-06  3.005
2547  8177.700314  0.6846288975  1.987428153e-05  1.002214969e-05  9.825995144e-06  1.004828639e-05  2.30353765e-06  7.718612044e-06  2.979
2548  8177.900144  0.6845886981  1.98758043e-05  1.002332052e-05  9.877217482e-06  9.998586819e-06  2.304858355e-06  7.718462161e-06  2.9572
2549  8178.099832  0.6842923747  1.988060233e-05  1.002871145e-05  9.907024639e-06  9.973577692e-06  2.312712367e-06  7.715999086e-06  2.9134
2550  8178.300815  0.6842483834  1.986211183e-05  1.001982475e-05  9.837394255e-06  1.002471758e-05  2.296025139e-06  7.723799613e-06  2.9904
2551  8178.50143  0.6841856079  1.989005432e-05  1.003455078e-05  9.902373657e-06  9.987680664e-06  2.305847656e-06  7.728703125e-06  3.128
2552  8178.700194  0.6841422165  1.987403234e-05  1.002690275e-05  9.872512817e-06  1.000151952e-05  2.298431743e-06  7.728471005e-06  3.301
2553  8178.89919  0.6838943718  1.98894902e-05  1.003718895e-05  9.87208218e-06  1.001740802e-05  2.312066537e-06  7.725122409e-06  3.3754
2554  8179.09954  0.6837406087  1.987391123e-05  1.003086931e-05  9.858179236e-06  1.0015732e-05  2.31362847e-06  7.717240844e-06  3.3126
2555  8179.299607  0.6837471887  1.985948186e-05  1.002352049e-05  9.844375658e-06  1.00151062e-05  2.300207455e-06  7.723313031e-06  3.2182
2556  8179.500113  0.6835864159  1.986678643e-05  1.002881949e-05  9.849594816e-06  1.001719161e-05  2.308707298e-06  7.720112197e-06  3.159
2557  8179.700336  0.6834037339  1.987975843e-05  1.003720126e-05  9.861619913e-06  1.001813852e-05  2.314169088e-06  7.723032168e-06  3.1416
2558  8179.900431  0.6833041761  1.98571651e-05  1.002679218e-05  9.854370588e-06  1.000279451e-05  2.305785959e-06  7.72100622e-06  3.0814
2559  8180.099885  0.6830884858  1.987183168e-05  1.003636252e-05  9.883927594e-06  9.98790409e-06  2.30878451e-06  7.727578011e-06  3.0446
2560  8180.300271  0.6830783898  1.987033145e-05  1.003570614e-05  9.847534815e-06  1.002279663e-05  2.313297335e-06  7.722408803e-06  3.0002
2561  8180.500326  0.6828896033  1.987171497e-05  1.003829982e-05  9.885807427e-06  9.985907548e-06  2.312158403e-06  7.726141417e-06  2.9394
2562  8180.700317  0.6827617545  1.985490565e-05  1.003109089e-05  9.837336767e-06  1.001756889e-05  2.302783784e-06  7.728307101e-06  2.9388
2563  8180.900677  0.6826728759  1.987465789e-05  1.004196258e-05  9.897538791e-06  9.977119095e-06  2.317355154e-06  7.724607425e-06  2.9342
2564  8181.101579  0.6825187793  1.986239351e-05  1.003731242e-05  9.901018964e-06  9.961374548e-06  2.306409491e-06  7.73090293e-06  3.0184
2565  8181.301568  0.682352732  1.987206527e-05  1.004386759e-05  9.909408189e-06  9.962657085e-06  2.305929237e-06  7.737938355e-06  3.211
2566  8181.500721  0.6822702753  1.987854939e-05  1.004797332e-05  9.875626842e-06  1.000292255e-05  2.315329365e-06  7.73264396e-06  3.3456
2567  8181.699368  0.6821209247  1.984663861e-05  1.003334182e-05  9.824469544e-06  1.002216907e-05  2.305452653e-06  7.727889163e-06  3.3596
2568  8181.900603  0.6819480908  1.985916022e-05  1.004140738e-05  9.899426085e-06  9.959734136e-06  2.321125031e-06  7.720282352e-06  3.2996
2569  8182.100372  0.6818813767  1.986821827e-05  1.004665764e-05  9.886374341e-06  9.981843931e-06  2.311976229e-06  7.734681416e-06  3.2312
2570  8182.300676  0.6817133849  1.984999313e-05  1.003912818e-05  9.828356453e-06  1.002163667e-05  2.311130639e-06  7.727997542e-06  3.1452
2571  8182.500314  0.6815725082  1.984901058e-05  1.004004557e-05  9.836775575e-06  1.001223501e-05  2.307578227e-06  7.732467343e-06  3.0976
2572  8182.700044  0.6814212699  1.98789637e-05  1.005671733e-05  9.883784781e-06  9.99517892e-06  2.326409681e-06  7.730307649e-06  3.0648
2573  8182.900337  0.6814049841  1.986099547e-05  1.004779088e-05  9.836953513e-06  1.002404196e-05  2.306341737e-06  7.741449144e-06  3.0158
2574  8183.100367  0.6811839668  1.984024696e-05  1.003951275e-05  9.834012354e-06  1.00062346e-05  2.307711668e-06  7.731801083e-06  2.9462
2575  8183.300301  0.6810971356  1.986571469e-05  1.005327277e-05  9.904632176e-06  9.961082511e-06  2.328942573e-06  7.724330197e-06  2.9224
2576  8183.500467  0.6808714527  1.984997251e-05  1.004757357e-05  9.817763319e-06  1.003220919e-05  2.305128273e-06  7.742445298e-06  2.9302
2577  8183.700896  0.6808062611  1.986002494e-05  1.005331724e-05  9.889418263e-06  9.97060668e-06  2.310891516e-06  7.742425722e-06  3.01
2578  8183.901335  0.6807723576  1.985952808e-05  1.005340656e-05  9.853120004e-06  1.000640808e-05  2.311491935e-06  7.741914626e-06  3.0996
2579  8184.101137  0.6805503873  1.987707141e-05  1.006452123e-05  9.888889683e-06  9.988181727e-06  2.318712008e-06  7.745809217e-06  3.2436
2580  8184.301106  0.6804857491  1.984683462e-05  1.004986077e-05  9.864517758e-06  9.98231686e-06  2.315299522e-06  7.734561244e-06  3.3552
2581  8184.49997  0.6803935732  1.985971637e-05  1.005731071e-05  9.86422155e-06  9.995494819e-06  2.309109641e-06  7.748201068e-06  3.2826
2582  8184.700495  0.6802209474  1.984975788e-05  1.005400299e-05  9.855152605e-06  9.99460528e-06  2.326088772e-06  7.727914215e-06  3.2534
2583  8184.899397  0.6801275158  1.984637633e-05  1.005322946e-05  9.868037944e-06  9.978338388e-06  2.311074393e-06  7.742155066e-06  3.1846
2584  8185.100161  0.6798637758  1.985987674e-05  1.006272171e-05  9.870182993e-06  9.989693747e-06  2.323380612e-06  7.739341103e-06  3.1344
2585  8185.300602  0.6798889359  1.985896075e-05  1.006200443e-05  9.85360015e-06  1.00053606e-05  2.313626177e-06  7.748378256e-06  3.1056
2586  8185.500091  0.6796630484  1.985800688e-05  1.006379416e-05  9.879147869e-06  9.978859011e-06  2.324010423e-06  7.739783736e-06  3.0242
2587  8185.699967  0.679480256  1.984468255e-05  1.005888007e-05  9.878534364e-06  9.966148187e-06  2.321053623e-06  7.73782645e-06  3.025
2588  8185.899359  0.6793720326  1.984395091e-05  1.005959784e-05  9.843149821e-06  1.000080109e-05  2.313337962e-06  7.74625988e-06  3.0006
2589  8186.100545  0.6793394613  1.986188314e-05  1.006901628e-05  9.872142378e-06  9.989740762e-06  2.324061172e-06  7.744955106e-06  2.907
2590  8186.300387  0.6791673588  1.984340188e-05  1.006137861e-05  9.902737416e-06  9.94066446e-06  2.321080772e-06  7.740297837e-06  2.9412
2591  8186.500538  0.6789930401  1.986672484e-05  1.007496036e-05  9.91169544e-06  9.955029402e-06  2.318658719e-06  7.756301643e-06  3.0582
2592  8186.701518  0.6789048314  1.987593645e-05  1.008052097e-05  9.883867859e-06  9.992068588e-06  2.320439284e-06  7.760081686e-06  3.1384
2593  8186.90058  0.6787709965  1.981110979e-05  1.004898751e-05  9.790522257e-06  1.002058754e-05  2.307660362e-06  7.741327153e-06  3.227
2594  8187.100113  0.6786750363  1.986138777e-05  1.007545731e-05  9.90776929e-06  9.953618483e-06  2.33420609e-06  7.741251223e-06  3.3022
2595  8187.299713  0.6785205286  1.985688595e-05  1.007473009e-05  9.867180395e-06  9.989705559e-06  2.314464831e-06  7.760265263e-06  3.2774
2596  8187.500282  0.6784708817  1.982687292e-05  1.00600019e-05  9.829731017e-06  9.997141902e-06  2.319745286e-06  7.740256618e-06  3.1942
2597  8187.699759  0.6783626848  1.98460799e-05  1.007083695e-05  9.827795583e-06  1.001828432e-05  2.323375504e-06  7.747461448e-06  3.1846
2598  8187.899877  0.6781832054  1.988243445e-05  1.009109595e-05  9.907166774e-06  9.975267679e-06  2.330149993e-06  7.760945956e-06  3.1218
2599  8188.100825  0.6779707999  1.983798882e-05  1.007067693e-05  9.820282924e-06  1.001770589e-05  2.315788021e-06  7.754888906e-06  3.0808
2600  8188.300334  0.6779901038  1.983084061e-05  1.006685384e-05  9.82320982e-06  1.000763079e-05  2.321427177e-06  7.74542666e-06  3.0128
2601  8188.500934  0.677821673  1.986029633e-05  1.008350486e-05  9.889950082e-06  9.970346246e-06  2.332963486e-06  7.750541372e-06  3.0254
2602  8188.700495  0.6776782693  1.985011782e-05  1.007978238e-05  9.842911545e-06  1.000720627e-05  2.318170054e-06  7.761612328e-06  2.942
2603  8188.900785  0.6775054752  1.983767505e-05  1.007520479e-05  9.846299736e-06  9.99137531e-06  2.32515795e-06  7.750046844e-06  2.9654
2604  8189.101076  0.6774469611  1.986025937e-05  1.008726521e-05  9.880720774e-06  9.9795386e-06  2.324785105e-06  7.7624801e-06  3.0004
2605  8189.300947  0.677335737  1.986740864e-05  1.009201882e-05  9.867273432e-06  1.000013521e-05  2.323271362e-06  7.768747456e-06  3.0936
2606  8189.501074  0.6772403481  1.985467977e-05  1.008651505e-05  9.899923403e-06  9.954756367e-06  2.327378872e-06  7.759136176e-06  3.1696
2607  8189.700643  0.677112907  1.983411327e-05  1.00773511e-05  9.869845609e-06  9.96426766e-06  2.32052803e-06  7.756823072e-06  3.2208
2608  8189.900853  0.6769477754  1.984224834e-05  1.008314929e-05  9.851038952e-06  9.991209386e-06  2.327633286e-06  7.755516005e-06  3.2444
2609  8190.100371  0.6769372803  1.984187862e-05  1.008306724e-05  9.861089415e-06  9.980789208e-06  2.323838809e-06  7.759228429e-06  3.246
2610  8190.300155  0.6767370939  1.985662801e-05  1.009258264e-05  9.888564316e-06  9.968063692e-06  2.332979537e-06  7.759603106e-06  3.1652
2611  8190.499699  0.6765492061  1.985519954e-05  1.009375291e-05  9.867394462e-06  9.987805079e-06  2.329940856e-06  7.76381205e-06  3.1496
2612  8190.699468  0.6764654824  1.982677484e-05  1.00801466e-05  9.833167363e-06  9.993607481e-06  2.327386122e-06  7.752760483e-06  3.0916
2613  8190.89986  0.6764004465  1.983788559e-05  1.008645139e-05  9.868826274e-06  9.969059315e-06  2.321637409e-06  7.764813978e-06  3.062
2614  8191.099512  0.6762190269  1.98581632e-05  1.009859333e-05  9.903013865e-06  9.955149333e-06  2.336461258e-06  7.762132072e-06  3.002
2615  8191.300286  0.6760875313  1.98322519e-05  1.008674278e-05  9.818953067e-06  1.001329884e-05  2.326861081e-06  7.759881696e-06  2.9962
2616  8191.500769  0.6760691933  1.983945808e-05  1.00905929e-05  9.853644598e-06  9.985813478e-06  2.322309131e-06  7.768283766e-06  2.9388
2617  8191.700981  0.6759263639  1.986350314e-05  1.010426559e-05  9.914725622e-06  9.948777517e-06  2.333733114e-06  7.770532481e-06  3.0028
2618  8191.900399  0.6757092402  1.986028408e-05  1.010482186e-05  9.879195671e-06  9.981088406e-06  2.327863306e-06  7.776958559e-06  3.0742
2619  8192.101116  0.675537135  1.983125822e-05  1.009179034e-05  9.83459773e-06  9.996660488e-06  2.324301422e-06  7.767488919e-06  3.1732
2620  8192.300822  0.6754977658  1.983203799e-05  1.009258448e-05  9.820715636e-06  1.001132235e-05  2.3258071e-06  7.766777383e-06  3.2166
2621  8192.500733  0.675345769  1.985224825e-05  1.010440527e-05  9.862534768e-06  9.989713484e-06  2.328662373e-06  7.775742894e-06  3.2474
2622  8192.699964  0.6752194337  1.983677241e-05  1.0097804e-05  9.862257305e-06  9.974515106e-06  2.329520116e-06  7.768283879e-06  3.2326
2623  8192.900609  0.6751152603  1.985064414e-05  1.010591804e-05  9.836613426e-06  1.001403072e-05  2.33151522e-06  7.77440282e-06  3.2118
2624  8193.100029  0.6749713155  1.98456429e-05  1.010482635e-05  9.817910845e-06  1.002773205e-05  2.333403353e-06  7.771422997e-06  3.114
2625  8193.300292  0.6749003089  1.982622913e-05  1.009565826e-05  9.83517147e-06  9.991057663e-06  2.324601508e-06  7.771056749e-06  3.1102
2626  8193.49984  0.6746372869  1.98465799e-05  1.010867947e-05  9.869211598e-06  9.977368305e-06  2.33234393e-06  7.776335541e-06  3.041
2627  8193.700382  0.6746117644  1.984353985e-05  1.010738901e-05  9.85516732e-06  9.988372526e-06  2.339283473e-06  7.768105534e-06  3.0356
2628  8193.900088  0.6745060313  1.983160668e-05  1.01023789e-05  9.823691243e-06  1.000791543e-05  2.32871123e-06  7.773667666e-06  2.97
2629  8194.100878  0.6743721519  1.985192526e-05  1.011408332e-05  9.868535541e-06  9.983389718e-06  2.334255686e-06  7.779827637e-06  2.9408
2630  8194.300282  0.674140287  1.986387752e-05  1.01225195e-05  9.901282931e-06  9.962594589e-06  2.340751494e-06  7.781768005e-06  2.982
2631  8194.500718  0.674094114  1.98429842e-05  1.011233929e-05  9.860642699e-06  9.982341499e-06  2.32832848e-06  7.784010808e-06  3.0648
2632  8194.700875  0.6740475631  1.983329065e-05  1.01078698e-05  9.878153171e-06  9.955137481e-06  2.330069392e-06  7.77780041e-06  3.1816
2633  8194.900182  0.6738292573  1.98372367e-05  1.011208816e-05  9.856175477e-06  9.981061228e-06  2.335499398e-06  7.776588764e-06  3.1802
2634  8195.100119  0.6736760121  1.984730001e-05  1.011876849e-05  9.882462975e-06  9.964837033e-06  2.333829622e-06  7.784938871e-06  3.2626
2635  8195.299853  0.6735829555  1.982527911e-05  1.010848217e-05  9.846885105e-06  9.978394001e-06  2.337587177e-06  7.770894995e-06  3.244
2636  8195.499971  0.6734902982  1.983851075e-05  1.0116166e-05  9.859960079e-06  9.978550673e-06  2.333779752e-06  7.782386243e-06  3.2018
2637  8195.70026  0.6733799175  1.985249242e-05  1.012441309e-05  9.870259092e-06  9.982233332e-06  2.343134618e-06  7.781278469e-06  3.1858
2638  8195.900399  0.6732163318  1.982229764e-05  1.011066812e-05  9.837488268e-06  9.984809375e-06  2.333258832e-06  7.777409288e-06  3.0524
2639  8196.10009  0.6730924274  1.983027629e-05  1.011599109e-05  9.871032417e-06  9.959243874e-06  2.333999224e-06  7.781991865e-06  3.0714
2640  8196.30014  0.6729009143  1.984091914e-05  1.012335888e-05  9.858177033e-06  9.982742107e-06  2.341868759e-06  7.781490123e-06  3.01
2641  8196.499785  0.6728084578  1.9823175e-05  1.011524053e-05  9.82028865e-06  1.000288635e-05  2.327160939e-06  7.78807959e-06  2.9738
2642  8196.70046  0.672749639  1.985009468e-05  1.012957272e-05  9.868851355e-06  9.981243328e-06  2.349272195e-06  7.780300528e-06  2.953
2643  8196.900562  0.6725426185  1.98424381e-05  1.012776198e-05  9.840983253e-06  1.000145485e-05  2.331648033e-06  7.796113949e-06  2.9732
2644  8197.10151  0.6724930039  1.983650032e-05  1.012523363e-05  9.853305409e-06  9.983194912e-06  2.333225194e-06  7.792008436e-06  3.0436
2645  8197.300232  0.6724226641  1.984616113e-05  1.013087742e-05  9.878025358e-06  9.968135773e-06  2.335223304e-06  7.795654115e-06  3.1528
2646  8197.500646  0.6722471765  1.983483258e-05  1.012687152e-05  9.827777992e-06  1.000705459e-05  2.33603321e-06  7.790838307e-06  3.2318
2647  8197.700099  0.6720832412  1.98334653e-05  1.012783361e-05  9.842033035e-06  9.99143226e-06  2.341807722e-06  7.786025884e-06  3.26
2648  8197.900075  0.6720560019  1.980972822e-05  1.011598797e-05  9.788965624e-06  1.00207626e-05  2.326907727e-06  7.789080243e-06  3.227
2649  8198.099817  0.6717940824  1.98750784e-05  1.015201819e-05  9.920794826e-06  9.95428357e-06  2.355001805e-06  7.797016389e-06  3.1954
2650  8198.300013  0.67172342  1.982127076e-05  1.012524917e-05  9.79382437e-06  1.002744639e-05  2.329833553e-06  7.795415614e-06  3.1784
2651  8198.500522  0.6715390329  1.982085338e-05  1.012690306e-05  9.847869017e-06  9.972984363e-06  2.339691077e-06  7.787211981e-06  3.1204
2652  8198.699778  0.6714537852  1.983422105e-05  1.01345968e-05  9.849355441e-06  9.984865606e-06  2.345044091e-06  7.78955271e-06  3.085
2653  8198.900328  0.671328083  1.98365804e-05  1.013707652e-05  9.854490337e-06  9.98209006e-06  2.336028216e-06  7.801048304e-06  3.009
2654  8199.099765  0.6712149397  1.982335212e-05  1.013146272e-05  9.853288151e-06  9.970063971e-06  2.348524132e-06  7.782938592e-06  2.9814
2655  8199.299838  0.671135819  1.982847381e-05  1.01348822e-05  9.839628818e-06  9.988844988e-06  2.337762692e-06  7.797119507e-06  2.915
2656  8199.5005  0.6709225317  1.985621396e-05  1.015122586e-05  9.894386793e-06  9.961827167e-06  2.348303835e-06  7.802922022e-06  2.9636
2657  8199.701179  0.6708330035  1.984542885e-05  1.014662048e-05  9.903355782e-06  9.942073064e-06  2.341667201e-06  7.804953278e-06  3.021
2658  8199.900972  0.6706750907  1.981299403e-05  1.013163692e-05  9.845776299e-06  9.967217735e-06  2.334903924e-06  7.796732991e-06  3.1316
2659  8200.101139  0.6706222047  1.983578172e-05  1.014382615e-05  9.880501799e-06  9.95527992e-06  2.349762022e-06  7.79406413e-06  3.2246
2660  8200.300253  0.670484149  1.982880689e-05  1.014165931e-05  9.858309895e-06  9.970496991e-06  2.337980825e-06  7.803678483e-06  3.2732
2661  8200.501  0.6703385808  1.983848066e-05  1.01480842e-05  9.894009841e-06  9.944470821e-06  2.350029027e-06  7.79805517e-06  3.2462
2662  8200.700379  0.6701869201  1.983510256e-05  1.01478951e-05  9.836003184e-06  9.999099374e-06  2.349133432e-06  7.798761666e-06  3.1984
2663  8200.900146  0.6700350027  1.98163219e-05  1.013982697e-05  9.798967516e-06  1.001735439e-05  2.338873798e-06  7.800953172e-06  3.1446
2664  8201.099934  0.6699528028  1.982715069e-05  1.014620194e-05  9.888082284e-06  9.939068403e-06  2.350216095e-06  7.795985845e-06  3.1226
2665  8201.299927  0.6698929512  1.981941709e-05  1.014285145e-05  9.845014886e-06  9.974402199e-06  2.340438245e-06  7.802413206e-06  3.0638
2666  8201.500168  0.6695783137  1.983774341e-05  1.015542497e-05  9.869695546e-06  9.968047866e-06  2.348963589e-06  7.806461379e-06  2.9942
2667  8201.700177  0.6695471457  1.979855491e-05  1.013567932e-05  9.770382899e-06  1.002817202e-05  2.344099289e-06  7.791580035e-06  3.0048
2668  8201.900075  0.6694298953  1.983249513e-05  1.015424521e-05  9.844081925e-06  9.988413203e-06  2.342245204e-06  7.812000005e-06  2.8976
2669  8202.100691  0.6692273885  1.984938607e-05  1.016495164e-05  9.886853626e-06  9.962532444e-06  2.357872448e-06  7.807079193e-06  2.955
2670  8202.300633  0.6692152596  1.981920315e-05  1.014961795e-05  9.844710466e-06  9.974492687e-06  2.333620297e-06  7.815997652e-06  3.0062
2671  8202.500557  0.6690187732  1.982228573e-05  1.015319133e-05  9.834518799e-06  9.987766926e-06  2.343981511e-06  7.809209824e-06  3.1214
2672  8202.700658  0.668899072  1.983942942e-05  1.016318899e-05  9.86098891e-06  9.978440505e-06  2.351303687e-06  7.811885306e-06  3.2496
2673  8202.900346  0.6687094184  1.981565329e-05  1.01529345e-05  9.835412246e-06  9.980241042e-06  2.340194643e-06  7.812739856e-06  3.2492
2674  8203.101171  0.6686285938  1.983830918e-05  1.016536426e-05  9.897081337e-06  9.941227841e-06  2.362754728e-06  7.802609536e-06  3.2652
2675  8203.299877  0.6685057631  1.982504051e-05  1.015981312e-05  9.823761105e-06  1.000127941e-05  2.338868792e-06  7.820944326e-06  3.2104
2676  8203.501118  0.6684158996  1.982710444e-05  1.016178396e-05  9.830326237e-06  9.996778205e-06  2.358432734e-06  7.803351225e-06  3.1686
2677  8203.700086  0.6683248386  1.982104168e-05  1.015960177e-05  9.849446369e-06  9.97159531e-06  2.34481529e-06  7.814786484e-06  3.1052
2678  8203.900475  0.6680861535  1.980920448e-05  1.015595821e-05  9.839797098e-06  9.969407379e-06  2.350024364e-06  7.805933843e-06  3.05
2679  8204.099969  0.6680565097  1.983760104e-05  1.01708183e-05  9.910336737e-06  9.927264299e-06  2.35769146e-06  7.813126844e-06  3.0292
2680  8204.300245  0.6678950799  1.979263501e-05  1.014940232e-05  9.788588173e-06  1.000404684e-05  2.338096879e-06  7.811305445e-06  2.9266
2681  8204.500429  0.6677207919  1.984362627e-05  1.01773236e-05  9.895380709e-06  9.948245561e-06  2.364048077e-06  7.813275523e-06  2.8956
2682  8204.700666  0.6676853963  1.982372539e-05  1.016747679e-05  9.84460232e-06  9.979123071e-06  2.349426309e-06  7.818050483e-06  2.9148
2683  8204.900771  0.6674309228  1.983590508e-05  1.017631296e-05  9.956736247e-06  9.879168828e-06  2.349161275e-06  7.82715168e-06  3.0004
2684  8205.101926  0.6673455051  1.980394939e-05  1.016078676e-05  9.838333735e-06  9.965615651e-06  2.352215479e-06  7.808571286e-06  3.152
2685  8205.30047  0.6671817323  1.981983688e-05  1.017060367e-05  9.833879101e-06  9.985957774e-06  2.346407572e-06  7.824196098e-06  3.2236
2686  8205.499694  0.6671632969  1.981077923e-05  1.016614313e-05  9.839408478e-06  9.971370755e-06  2.353352713e-06  7.812790419e-06  3.2732
2687  8205.699922  0.6670581262  1.982474393e-05  1.017437928e-05  9.876583035e-06  9.948160893e-06  2.35262954e-06  7.821749735e-06  3.2674
2688  8205.899493  0.6668047702  1.981688532e-05  1.017292316e-05  9.826678094e-06  9.99020723e-06  2.357064011e-06  7.815859146e-06  3.1902
2689  8206.100316  0.6667912764  1.98061347e-05  1.016754156e-05  9.819870591e-06  9.98626411e-06  2.353595495e-06  7.813946068e-06  3.1996
2690  8206.30008  0.6666748758  1.980946385e-05  1.017043437e-05  9.816111931e-06  9.993351916e-06  2.343127407e-06  7.827306961e-06  3.0872
2691  8206.501007  0.6664269466  1.981421618e-05  1.017539674e-05  9.824981069e-06  9.98923511e-06  2.361998891e-06  7.813397849e-06  3.0774
2692  8206.699731  0.6663188264  1.98063755e-05  1.017247003e-05  9.821952184e-06  9.984423319e-06  2.349288241e-06  7.823181788e-06  3.0006
2693  8206.900332  0.6662447115  1.97994473e-05  1.016966543e-05  9.805218433e-06  9.994228871e-06  2.35421197e-06  7.815453461e-06  2.9316
2694  8207.10034  0.6660421603  1.981688168e-05  1.018068222e-05  9.838107525e-06  9.978774159e-06  2.36095317e-06  7.819729048e-06  2.912
2695  8207.301658  0.6660824723  1.981566056e-05  1.017964451e-05  9.817315143e-06  9.998345417e-06  2.347707997e-06  7.831936513e-06  2.8746
2696  8207.50135  0.6658246418  1.981867272e-05  1.018381727e-05  9.897838183e-06  9.920834535e-06  2.356621595e-06  7.827195673e-06  2.981
2697  8207.701008  0.6657308259  1.978622179e-05  1.016809626e-05  9.82022783e-06  9.965993964e-06  2.347135712e-06  7.820960545e-06  3.115
2698  8207.899965  0.6656323842  1.980190977e-05  1.017716008e-05  9.859600125e-06  9.942309645e-06  2.355399001e-06  7.821761082e-06  3.272
2699  8208.100352  0.6654755202  1.974940307e-05  1.015176667e-05  9.804992676e-06  9.944410396e-06  2.350655004e-06  7.801111666e-06  3.3276
2700  8208.300138  0.6653404518  1.972831913e-05  1.014229872e-05  9.787861823e-06  9.940457308e-06  2.343628724e-06  7.798669999e-06  3.2668
2701  8208.500267  0.665173715  1.971257905e-05  1.013589666e-05  9.781703265e-06  9.930875781e-06  2.350346213e-06  7.785550443e-06  3.2052
2702  8208.699393  0.6651127309  1.967693582e-05  1.01181865e-05  9.798384316e-06  9.878551507e-06  2.345693081e-06  7.772493423e-06  3.163
2703  8208.899822  0.6649832997  1.964882031e-05  1.010503689e-05  9.73941424e-06  9.909406075e-06  2.338661169e-06  7.766375725e-06  3.1216
2704  8209.099694  0.6648123856  1.966703509e-05  1.011613327e-05  9.781315288e-06  9.8857198e-06  2.348621744e-06  7.767511524e-06  3.053
2705  8209.299767  0.6647181394  1.966584988e-05  1.011647703e-05  9.77864313e-06  9.887206752e-06  2.336163252e-06  7.780313777e-06  3.0128
2706  8209.500526  0.6645557599  1.969279462e-05  1.013198299e-05  9.792957371e-06  9.899837247e-06  2.353509896e-06  7.778473096e-06  2.9324
2707  8209.700524  0.6644775882  1.971384397e-05  1.014360584e-05  9.77240521e-06  9.941438758e-06  2.352883314e-06  7.790722524e-06  2.874
2708  8209.900767  0.6643576809  1.975621165e-05  1.016662478e-05  9.841132123e-06  9.915079531e-06  2.352534352e-06  7.81409043e-06  2.877
2709  8210.101361  0.6641727272  1.975901633e-05  1.016994887e-05  9.857281129e-06  9.901735197e-06  2.353944939e-06  7.816003934e-06  2.9726
2710  8210.301881  0.6640516545  1.975347206e-05  1.016832628e-05  9.798248634e-06  9.955223427e-06  2.341520794e-06  7.826805483e-06  3.11
2711  8210.501276  0.6639184264  1.979539214e-05  1.019126279e-05  9.859458888e-06  9.93593325e-06  2.362961688e-06  7.828301101e-06  3.2338
2712  8210.700412  0.6638175835  1.975704753e-05  1.017254761e-05  9.794022794e-06  9.963024733e-06  2.349622407e-06  7.822925202e-06  3.3432
2713  8210.900224  0.6636846409  1.97843315e-05  1.018794996e-05  9.815678735e-06  9.968652769e-06  2.360889207e-06  7.827060752e-06  3.2674
2714  8211.100446  0.6635125907  1.978612291e-05  1.019062559e-05  9.778008365e-06  1.000811455e-05  2.361992129e-06  7.828633466e-06  3.2482
2715  8211.300157  0.663299989  1.974990368e-05  1.017413408e-05  9.768780073e-06  9.981123606e-06  2.349233872e-06  7.824900211e-06  3.1228
2716  8211.500466  0.6632970219  1.977338102e-05  1.018625863e-05  9.819553063e-06  9.953827957e-06  2.362651488e-06  7.823607137e-06  3.1168
2717  8211.700071  0.6631585527  1.978344346e-05  1.019285359e-05  9.823786292e-06  9.959657165e-06  2.358227153e-06  7.834626436e-06  3.0434
2718  8211.900001  0.6630888286  1.976231708e-05  1.018267878e-05  9.78499722e-06  9.977319856e-06  2.360612036e-06  7.822066743e-06  3.0192
2719  8212.099731  0.6629152001  1.976207011e-05  1.018431966e-05  9.772441194e-06  9.989628921e-06  2.353408466e-06  7.830911198e-06  2.959
2720  8212.299642  0.6627089372  1.979566481e-05  1.020373702e-05  9.849375486e-06  9.946289327e-06  2.37336523e-06  7.83037179e-06  2.8818
2721  8212.500748  0.662589839  1.978271551e-05  1.019827679e-05  9.833517242e-06  9.949198271e-06  2.364181786e-06  7.834095001e-06  2.8516
2722  8212.701409  0.6625362605  1.975465936e-05  1.018435908e-05  9.806124154e-06  9.948535208e-06  2.348791543e-06  7.835567539e-06  2.9516
2723  8212.901307  0.6624274077  1.978695323e-05  1.02021184e-05  9.878099312e-06  9.90885392e-06  2.36165414e-06  7.840464262e-06  3.0896
2724  8213.101255  0.6622535185  1.97737917e-05  1.019710535e-05  9.809117766e-06  9.964673932e-06  2.356679273e-06  7.840426077e-06  3.2914
2725  8213.300625  0.6620690958  1.975776419e-05  1.019071939e-05  9.825167649e-06  9.932596543e-06  2.366182779e-06  7.824536607e-06  3.314
2726  8213.500703  0.6619889593  1.976751695e-05  1.019656678e-05  9.829326392e-06  9.938190559e-06  2.360874286e-06  7.835692491e-06  3.2962
2727  8213.700602  0.6618491953  1.979302149e-05  1.021114969e-05  9.842682475e-06  9.950339019e-06  2.370161523e-06  7.840988171e-06  3.2306
2728  8213.900572  0.6617475131  1.97520298e-05  1.019103842e-05  9.78990111e-06  9.962128693e-06  2.356687522e-06  7.834350898e-06  3.1798
2729  8214.100183  0.6615584394  1.974648302e-05  1.019010306e-05  9.799907916e-06  9.946575104e-06  2.363025129e-06  7.827077933e-06  3.1284
2730  8214.300099  0.6614990202  1.977999136e-05  1.020800146e-05  9.85196265e-06  9.928028712e-06  2.370652981e-06  7.837348476e-06  3.054
2731  8214.500433  0.6613514879  1.975127922e-05  1.019468771e-05  9.810934776e-06  9.94034444e-06  2.359607539e-06  7.83508017e-06  3.0276
2732  8214.700251  0.6612684663  1.97652584e-05  1.020275013e-05  9.813923593e-06  9.951334808e-06  2.370604499e-06  7.832145626e-06  2.9502
2733  8214.899925  0.6611826488  1.975802555e-05  1.019989184e-05  9.750429899e-06  1.000759565e-05  2.35922165e-06  7.840670193e-06  2.9034
2734  8215.100463  0.6609371983  1.977289465e-05  1.021007364e-05  9.845476201e-06  9.927418446e-06  2.373201072e-06  7.836872563e-06  2.8446
2735  8215.300699  0.6608979602  1.975557976e-05  1.020153308e-05  9.808480043e-06  9.947099718e-06  2.359697204e-06  7.841835874e-06  2.9088
2736  8215.500775  0.6607954962  1.977669808e-05  1.021348477e-05  9.851536587e-06  9.925161489e-06  2.360758074e-06  7.852726698e-06  3.0634
2737  8215.701301  0.6605783893  1.97645071e-05  1.020940515e-05  9.809190753e-06  9.955316344e-06  2.362950225e-06  7.846454925e-06  3.1948
2738  8215.900404  0.6605427736  1.974553762e-05  1.019996969e-05  9.784366774e-06  9.961170843e-06  2.357007875e-06  7.842961816e-06  3.3376
2739  8216.100595  0.6603386792  1.976884283e-05  1.021409291e-05  9.815059328e-06  9.953783502e-06  2.373409098e-06  7.840683813e-06  3.3096
2740  8216.300762  0.6601491363  1.977017266e-05  1.021671633e-05  9.818791455e-06  9.951381209e-06  2.36819054e-06  7.848525788e-06  3.2228
2741  8216.500824  0.6599957255  1.97422494e-05  1.020385156e-05  9.795758119e-06  9.946491277e-06  2.367817212e-06  7.83603435e-06  3.193
2742  8216.700834  0.6599195085  1.970939758e-05  1.018764843e-05  9.69997692e-06  1.000942066e-05  2.353224868e-06  7.834423558e-06  3.1336
2743  8216.899958  0.6597996607  1.978033174e-05  1.022553923e-05  9.87335019e-06  9.906981553e-06  2.377874483e-06  7.847664748e-06  3.074
2744  8217.100542  0.6596103958  1.974438783e-05  1.020888985e-05  9.812755174e-06  9.931632654e-06  2.369099897e-06  7.839789952e-06  3.0152
2745  8217.300215  0.6594747042  1.974319445e-05  1.020965808e-05  9.772202131e-06  9.97099232e-06  2.360767352e-06  7.84889073e-06  2.9632
2746  8217.500387  0.6594423438  1.976166497e-05  1.021954032e-05  9.813295516e-06  9.948369458e-06  2.377952325e-06  7.841587991e-06  2.8884
2747  8217.700283  0.6591566325  1.976539612e-05  1.022439064e-05  9.844573311e-06  9.920822807e-06  2.373728346e-06  7.850662298e-06  2.874
2748  8217.901258  0.6590643136  1.972171718e-05  1.020273794e-05  9.774256739e-06  9.947460438e-06  2.361048731e-06  7.841689208e-06  2.9006
2749  8218.101815  0.6589707296  1.976115766e-05  1.022409866e-05  9.879761621e-06  9.881396043e-06  2.366408361e-06  7.857690297e-06  3.0408
2750  8218.300914  0.6589250553  1.976622997e-05  1.02271901e-05  9.859720667e-06  9.906509304e-06  2.374102314e-06  7.853087781e-06  3.1908
2751  8218.500217  0.6586852854  1.974509357e-05  1.021870381e-05  9.816327825e-06  9.928765741e-06  2.367302949e-06  7.851400862e-06  3.3302
2752  8218.699574  0.6585437944  1.97406561e-05  1.021785292e-05  9.798094941e-06  9.942561163e-06  2.377351539e-06  7.840501378e-06  3.307
2753  8218.899555  0.6583966726  1.976096693e-05  1.022987082e-05  9.814929814e-06  9.946037115e-06  2.369977374e-06  7.859893444e-06  3.2246
2754  8219.100513  0.6582470488  1.972893074e-05  1.021481457e-05  9.805092075e-06  9.923838667e-06  2.370051315e-06  7.844763253e-06  3.1692
2755  8219.300528  0.6581256549  1.973559964e-05  1.021950796e-05  9.806571468e-06  9.929028173e-06  2.374633851e-06  7.844874105e-06  3.1006
2756  8219.499891  0.6580228303  1.974937838e-05  1.022769448e-05  9.802235497e-06  9.947142882e-06  2.370096531e-06  7.857597949e-06  3.0622
2757  8219.699955  0.657928101  1.97303986e-05  1.021883332e-05  9.795299694e-06  9.935098906e-06  2.375554692e-06  7.843278627e-06  3.033
2758  8219.899926  0.657863094  1.974228021e-05  1.02256518e-05  9.787262918e-06  9.955017296e-06  2.365605763e-06  7.860046038e-06  2.958
2759  8220.100428  0.6577394261  1.976309693e-05  1.023769996e-05  9.823984616e-06  9.93911231e-06  2.389847957e-06  7.847852001e-06  2.9062
2760  8220.299968  0.657606567  1.973577553e-05  1.022490528e-05  9.778518408e-06  9.957257123e-06  2.365961075e-06  7.858944208e-06  2.8384
2761  8220.501323  0.6574152571  1.973720524e-05  1.022760246e-05  9.779306915e-06  9.957898325e-06  2.367065748e-06  7.860536708e-06  2.8798
2762  8220.701286  0.6573178351  1.976076783e-05  1.024080996e-05  9.848413986e-06  9.912353842e-06  2.379410758e-06  7.861399203e-06  3.0334
2763  8220.901355  0.6572780632  1.973447845e-05  1.022759253e-05  9.788800337e-06  9.94567811e-06  2.359169247e-06  7.868423282e-06  3.1778
2764  8221.10059  0.6570524352  1.975243492e-05  1.023920864e-05  9.857066352e-06  9.895368567e-06  2.384598482e-06  7.85461016e-06  3.3074
2765  8221.299788  0.656945209  1.972404584e-05  1.022558879e-05  9.745489428e-06  9.978556416e-06  2.36709902e-06  7.85848977e-06  3.2884
2766  8221.49979  0.6568380885  1.97584708e-05  1.024453315e-05  9.813010912e-06  9.945459892e-06  2.382189511e-06  7.862343642e-06  3.2592
2767  8221.699899  0.6567115814  1.970559659e-05  1.021841112e-05  9.744599989e-06  9.960996601e-06  2.366809815e-06  7.851601304e-06  3.1938
2768  8221.899767  0.6566241176  1.973608696e-05  1.023511718e-05  9.837162552e-06  9.898924405e-06  2.380852446e-06  7.854264731e-06  3.1044
2769  8222.099668  0.6564999867  1.973581484e-05  1.023624661e-05  9.792274092e-06  9.943540749e-06  2.378574724e-06  7.857671889e-06  3.0852
2770  8222.299486  0.6563648355  1.972368477e-05  1.023133787e-05  9.806561431e-06  9.917123337e-06  2.37157478e-06  7.85976309e-06  3.0266
2771  8222.500193  0.6562314434  1.973310691e-05  1.023759098e-05  9.790439702e-06  9.942667209e-06  2.382295311e-06  7.855295664e-06  2.9862
2772  8222.699817  0.6562056137  1.974143329e-05  1.024217527e-05  9.802208861e-06  9.939224426e-06  2.379353014e-06  7.862822258e-06  2.9202
2773  8222.900766  0.6560228621  1.971802365e-05  1.02318997e-05  9.803738214e-06  9.91428544e-06  2.379914208e-06  7.851985493e-06  2.8256
2774  8223.101915  0.65588785  1.973895269e-05  1.0244143e-05  9.85118754e-06  9.88776515e-06  2.378388769e-06  7.865754228e-06  2.896
2775  8223.302121  0.6557631104  1.972747275e-05  1.023946231e-05  9.799551361e-06  9.927921392e-06  2.370880474e-06  7.868581839e-06  2.9638
2776  8223.501309  0.6557137703  1.973927917e-05  1.024609591e-05  9.82655436e-06  9.912724805e-06  2.372861339e-06  7.873234575e-06  3.155
2777  8223.700095  0.6554730023  1.973317929e-05  1.024539611e-05  9.828667372e-06  9.904511915e-06  2.382161563e-06  7.863234545e-06  3.288
2778  8223.899483  0.6554470839  1.973143855e-05  1.024475785e-05  9.795981628e-06  9.935456926e-06  2.380360096e-06  7.864397753e-06  3.3314
2779  8224.099729  0.6552747131  1.974110964e-05  1.025154609e-05  9.804732427e-06  9.936377217e-06  2.380575271e-06  7.870970819e-06  3.236
2780  8224.299739  0.655118862  1.970559535e-05  1.023469851e-05  9.752272369e-06  9.953322983e-06  2.377983665e-06  7.856714841e-06  3.204
2781  8224.500924  0.6550340358  1.970646137e-05  1.023601654e-05  9.758290266e-06  9.948171102e-06  2.368751306e-06  7.867265237e-06  3.123
2782  8224.699976  0.6548073984  1.974035061e-05  1.025594356e-05  9.811175061e-06  9.929175546e-06  2.392121159e-06  7.863822397e-06  3.1126
2783  8224.899598  0.6547535241  1.970571578e-05  1.023850088e-05  9.757743823e-06  9.947971958e-06  2.363964922e-06  7.874535961e-06  3.0154
2784  8225.100333  0.6545179697  1.972454103e-05  1.025069623e-05  9.776307413e-06  9.948233612e-06  2.393292514e-06  7.857403716e-06  3.0276
2785  8225.300322  0.6545609397  1.972369261e-05  1.024981487e-05  9.743601525e-06  9.980091088e-06  2.378451992e-06  7.87136288e-06  2.9074
2786  8225.499483  0.6542841585  1.972381326e-05  1.025271494e-05  9.805921472e-06  9.917891793e-06  2.377840125e-06  7.874874812e-06  2.8744
2787  8225.701195  0.6540945833  1.971527422e-05  1.025021922e-05  9.78404166e-06  9.93123256e-06  2.392498473e-06  7.857720751e-06  2.8422
2788  8225.901123  0.6540435783  1.969808856e-05  1.024180655e-05  9.716970982e-06  9.981117575e-06  2.355952336e-06  7.885854216e-06  2.928
2789  8226.101261  0.6539707008  1.97690457e-05  1.027944906e-05  9.923453339e-06  9.845592357e-06  2.399758724e-06  7.879690333e-06  3.106
2790  8226.301062  0.6538752455  1.970275482e-05  1.024595731e-05  9.767133938e-06  9.935620879e-06  2.368624922e-06  7.877332387e-06  3.2656
2791  8226.500636  0.653610828  1.972361776e-05  1.025951903e-05  9.785264074e-06  9.938353687e-06  2.389599727e-06  7.869919307e-06  3.316
2792  8226.699738  0.6535617802  1.971313072e-05  1.0254567e-05  9.747359536e-06  9.965771184e-06  2.383527236e-06  7.871039766e-06  3.3012
2793  8226.900077  0.6534228288  1.971714128e-05  1.025807853e-05  9.801941038e-06  9.915200242e-06  2.3763721e-06  7.88170643e-06  3.1718
2794  8227.100265  0.6532177278  1.972913621e-05  1.026642447e-05  9.834503976e-06  9.89463223e-06  2.404356671e-06  7.8620678e-06  3.142
2795  8227.299679  0.6531558228  1.969427579e-05  1.024891864e-05  9.740838682e-06  9.953437105e-06  2.367559854e-06  7.881358787e-06  3.1052
2796  8227.500366  0.6530440868  1.970430656e-05  1.025528448e-05  9.779738129e-06  9.924568426e-06  2.392897809e-06  7.862386672e-06  3.0504
2797  8227.699237  0.6529336045  1.973127474e-05  1.027045496e-05  9.804404141e-06  9.926870595e-06  2.381993233e-06  7.888461722e-06  2.9904
2798  8227.899426  0.6526539839  1.971742099e-05  1.026611407e-05  9.784571985e-06  9.932849006e-06  2.392148939e-06  7.873965129e-06  2.9122
2799  8228.100291  0.6525756442  1.96826093e-05  1.024879179e-05  9.74146547e-06  9.941143825e-06  2.382670435e-06  7.866121358e-06  2.9008
2800  8228.300451  0.652532405  1.971377728e-05  1.026546492e-05  9.812013447e-06  9.901763836e-06  2.379161775e-06  7.886303141e-06  2.8682
2801  8228.501234  0.6522611968  1.974043725e-05  1.028213566e-05  9.860013823e-06  9.880423424e-06  2.399895349e-06  7.882240308e-06  2.945
2802  8228.701394  0.6523133641  1.968486132e-05  1.025265314e-05  9.719044337e-06  9.965816979e-06  2.366316712e-06  7.886336428e-06  3.0914
2803  8228.901096  0.6521663492  1.971625812e-05  1.027051564e-05  9.805452438e-06  9.910805677e-06  2.386552432e-06  7.88396321e-06  3.2464
2804  8229.100849  0.6520109053  1.974233356e-05  1.028569749e-05  9.824907816e-06  9.917425749e-06  2.398070598e-06  7.88762689e-06  3.3084
2805  8229.299874  0.6519859406  1.971647964e-05  1.027248412e-05  9.758678541e-06  9.9578011e-06  2.386512293e-06  7.885971823e-06  3.29
2806  8229.500875  0.6517645713  1.967836497e-05  1.025489586e-05  9.706134287e-06  9.972230681e-06  2.378997743e-06  7.875898113e-06  3.1836
2807  8229.700312  0.6516365617  1.971102063e-05  1.027322854e-05  9.782980062e-06  9.928040565e-06  2.390642106e-06  7.882586431e-06  3.1592
2808  8229.899713  0.6515187625  1.972889569e-05  1.028375623e-05  9.790220245e-06  9.938675444e-06  2.393379335e-06  7.890376891e-06  3.0962
2809  8230.099839  0.6514310374  1.969978097e-05  1.026948093e-05  9.744083727e-06  9.955697245e-06  2.384540075e-06  7.884940853e-06  3.082
2810  8230.299378  0.651346293  1.969650115e-05  1.026864133e-05  9.744770044e-06  9.951731108e-06  2.391766815e-06  7.876874518e-06  2.9878
2811  8230.499596  0.6511805537  1.973140774e-05  1.028854473e-05  9.798286013e-06  9.933121731e-06  2.390412496e-06  7.898132234e-06  2.9656
2812  8230.699336  0.6509987271  1.970193216e-05  1.027504339e-05  9.759924847e-06  9.942007314e-06  2.394184743e-06  7.880858645e-06  2.8748
2813  8230.900997  0.6508565676  1.968625811e-05  1.026832862e-05  9.725622972e-06  9.96063514e-06  2.386165612e-06  7.882163009e-06  2.8456
2814  8231.101219  0.6508367081  1.97292765e-05  1.029097133e-05  9.825602505e-06  9.903673993e-06  2.393460208e-06  7.897511125e-06  2.8802
2815  8231.301016  0.6508111035  1.971964883e-05  1.028621282e-05  9.833026476e-06  9.886622351e-06  2.382380706e-06  7.903832116e-06  3.0698
2816  8231.501298  0.6506249674  1.970828379e-05  1.028219827e-05  9.798134829e-06  9.910148963e-06  2.385854294e-06  7.89634398e-06  3.2352
2817  8231.700878  0.6504633447  1.971926905e-05  1.02895924e-05  9.773418046e-06  9.945851006e-06  2.403483376e-06  7.886109021e-06  3.3118
2818  8231.899781  0.6502995924  1.970280681e-05  1.028268601e-05  9.757456991e-06  9.945349817e-06  2.383020702e-06  7.899665307e-06  3.268
2819  8232.1005  0.6502580768  1.972118283e-05  1.029270356e-05  9.826308896e-06  9.894873933e-06  2.401418449e-06  7.891285108e-06  3.2192
2820  8232.300046  0.6500513568  1.968666642e-05  1.027681327e-05  9.744287966e-06  9.942378456e-06  2.388315953e-06  7.888497313e-06  3.1684
2821  8232.499814  0.649957691  1.970750435e-05  1.028865471e-05  9.789032645e-06  9.918471701e-06  2.399356879e-06  7.889297829e-06  3.1126
2822  8232.700293  0.6498999532  1.969593744e-05  1.028320971e-05  9.773518441e-06  9.922418998e-06  2.392398076e-06  7.890811634e-06  3.0706
2823  8232.900804  0.6497812914  1.971858289e-05  1.029625456e-05  9.786078922e-06  9.932503971e-06  2.397658881e-06  7.898595676e-06  2.9902
2824  8233.100278  0.6496642842  1.971941996e-05  1.02978965e-05  9.80562695e-06  9.913793014e-06  2.402720758e-06  7.89517574e-06  2.9518
2825  8233.299741  0.6495735492  1.967870028e-05  1.027756431e-05  9.751268648e-06  9.927431632e-06  2.388728851e-06  7.888835464e-06  2.8872
2826  8233.500463  0.6493473308  1.970298232e-05  1.029257416e-05  9.773762352e-06  9.929219965e-06  2.397665526e-06  7.894908637e-06  2.8492
2827  8233.70111  0.6492876339  1.972024308e-05  1.030220595e-05  9.799834755e-06  9.920408328e-06  2.396226989e-06  7.905978958e-06  2.8816
2828  8233.901405  0.6492719669  1.971201755e-05  1.029807012e-05  9.808910483e-06  9.903107067e-06  2.387028055e-06  7.911042066e-06  3.0314
2829  8234.10165  0.6490970844  1.970534526e-05  1.029638484e-05  9.799425367e-06  9.905919894e-06  2.395791246e-06  7.900593598e-06  3.1968
2830  8234.300423  0.64896124  1.971351797e-05  1.030205461e-05  9.771902489e-06  9.94161548e-06  2.396337567e-06  7.905717041e-06  3.301
2831  8234.500375  0.6488828636  1.970073455e-05  1.029618109e-05  9.731446129e-06  9.969288421e-06  2.393117432e-06  7.903063655e-06  3.2724
2832  8234.700477  0.6487909697  1.970080418e-05  1.029716368e-05  9.772582561e-06  9.928221622e-06  2.399647129e-06  7.897516553e-06  3.244
2833  8234.900438  0.648576055  1.971004085e-05  1.030420577e-05  9.791371169e-06  9.918669682e-06  2.399983376e-06  7.904222391e-06  3.1414
2834  8235.100512  0.6484673189  1.969466454e-05  1.029728682e-05  9.74364403e-06  9.95102051e-06  2.396992598e-06  7.900294218e-06  3.122
2835  8235.300124  0.6484750896  1.969070932e-05  1.029513884e-05  9.734450722e-06  9.956258594e-06  2.390765647e-06  7.904373194e-06  3.072
2836  8235.499402  0.6482928364  1.973079427e-05  1.031797727e-05  9.803422292e-06  9.927371979e-06  2.408749835e-06  7.909227435e-06  2.9988
2837  8235.699706  0.6481212783  1.970463091e-05  1.030606339e-05  9.751743776e-06  9.952887129e-06  2.403877012e-06  7.902186382e-06  2.9482
2838  8235.899992  0.6480779135  1.967615428e-05  1.029161562e-05  9.728944405e-06  9.947209879e-06  2.389863145e-06  7.901752479e-06  2.8862
2839  8236.100291  0.6478929254  1.972639476e-05  1.031980278e-05  9.863059402e-06  9.863335359e-06  2.411501864e-06  7.908300914e-06  2.8194
2840  8236.300885  0.6476356903  1.969024e-05  1.030353862e-05  9.740246082e-06  9.949993923e-06  2.396550409e-06  7.90698821e-06  2.9004
2841  8236.501686  0.6476507353  1.969691495e-05  1.030687643e-05  9.759470791e-06  9.937444161e-06  2.387029388e-06  7.919847038e-06  3.0108
2842  8236.701411  0.6475520405  1.97218056e-05  1.032091962e-05  9.8610208e-06  9.860784796e-06  2.406203234e-06  7.914716383e-06  3.1616
2843  8236.900642  0.6474300466  1.972010248e-05  1.032128739e-05  9.806195496e-06  9.913906986e-06  2.405473892e-06  7.915813498e-06  3.2854
2844  8237.101188  0.6472879189  1.969373226e-05  1.030895059e-05  9.759918073e-06  9.933814188e-06  2.400831595e-06  7.908118992e-06  3.2826
2845  8237.300711  0.6472206873  1.967652071e-05  1.030063347e-05  9.748975314e-06  9.927545401e-06  2.399583318e-06  7.901050157e-06  3.2512
2846  8237.500432  0.6470745591  1.970203631e-05  1.031549813e-05  9.784817924e-06  9.917218388e-06  2.403120157e-06  7.912377976e-06  3.1292
2847  8237.700029  0.6469600813  1.970447227e-05  1.031795465e-05  9.800234317e-06  9.904237953e-06  2.404565734e-06  7.913388914e-06  3.104
2848  8237.900046  0.6467408692  1.969756151e-05  1.031659721e-05  9.788301394e-06  9.909260118e-06  2.408293191e-06  7.908304016e-06  3.0802
2849  8238.100009  0.6467621399  1.966994609e-05  1.03019145e-05  9.702400018e-06  9.967546069e-06  2.395118272e-06  7.906796227e-06  3.0244
2850  8238.299795  0.6465790643  1.971043527e-05  1.032501034e-05  9.772630405e-06  9.937804867e-06  2.405112976e-06  7.919897366e-06  2.9668
2851  8238.499744  0.6464090097  1.970328234e-05  1.032301872e-05  9.809993672e-06  9.89328867e-06  2.414069775e-06  7.908948941e-06  2.907
2852  8238.700283  0.6463849182  1.967018114e-05  1.030592449e-05  9.709463437e-06  9.960717704e-06  2.392122432e-06  7.913802058e-06  2.8572
2853  8238.900682  0.6462429167  1.970401149e-05  1.032511552e-05  9.77065683e-06  9.93335466e-06  2.406610582e-06  7.91850494e-06  2.8832
2854  8239.101129  0.646118721  1.970802218e-05  1.032849984e-05  9.805678041e-06  9.902344134e-06  2.402691489e-06  7.92580835e-06  2.9818
2855  8239.301491  0.6460376814  1.969804339e-05  1.032410682e-05  9.791394252e-06  9.906649134e-06  2.399232463e-06  7.92487436e-06  3.1416
2856  8239.501305  0.6458493449  1.970663525e-05  1.033055541e-05  9.740857009e-06  9.965778239e-06  2.404704175e-06  7.925851239e-06  3.2556
2857  8239.700359  0.6458087505  1.96957212e-05  1.032525322e-05  9.757909279e-06  9.937811919e-06  2.404027466e-06  7.921225755e-06  3.2686
2858  8239.900214  0.6456254362  1.96849086e-05  1.032147674e-05  9.747661726e-06  9.937246874e-06  2.40638727e-06  7.915089473e-06  3.2376
2859  8240.099723  0.6456030914  1.968935569e-05  1.032403919e-05  9.75808031e-06  9.931275375e-06  2.404565646e-06  7.919473543e-06  3.1744
2860  8240.300704  0.6454618809  1.968898712e-05  1.032530387e-05  9.753616651e-06  9.93537047e-06  2.40822737e-06  7.917076502e-06  3.1198
2861  8240.500693  0.6453620154  1.969024844e-05  1.032699659e-05  9.773675562e-06  9.916572881e-06  2.400858189e-06  7.926138405e-06  3.0758
2862  8240.700567  0.645142607  1.969813667e-05  1.033340074e-05  9.767510804e-06  9.930625865e-06  2.415062027e-06  7.918338712e-06  3.0118
2863  8240.900016  0.6450316633  1.969972219e-05  1.033537906e-05  9.745821969e-06  9.953900218e-06  2.407526858e-06  7.927852207e-06  2.973
2864  8241.100312  0.6449663617  1.968422926e-05  1.032792517e-05  9.753182355e-06  9.931046905e-06  2.405048357e-06  7.922876813e-06  2.8896
2865  8241.300491  0.6448220495  1.969029415e-05  1.033259831e-05  9.799193668e-06  9.891100481e-06  2.41693333e-06  7.91566498e-06  2.8568
2866  8241.500735  0.6446282945  1.969171806e-05  1.033534785e-05  9.77727409e-06  9.91444397e-06  2.403651959e-06  7.931695888e-06  2.8738
2867  8241.701055  0.6446595257  1.969646409e-05  1.033751598e-05  9.769078036e-06  9.927386055e-06  2.407669438e-06  7.929846542e-06  2.9852
2868  8241.90125  0.6445219924  1.96894436e-05  1.033525268e-05  9.786311926e-06  9.903131672e-06  2.402001468e-06  7.933251211e-06  3.1164
2869  8242.101149  0.6443131969  1.971156428e-05  1.034902473e-05  9.820340083e-06  9.891224201e-06  2.417633996e-06  7.931390733e-06  3.25
2870  8242.300774  0.6441955424  1.967788499e-05  1.033255792e-05  9.746345078e-06  9.931539908e-06  2.405398648e-06  7.927159274e-06  3.2802
2871  8242.500302  0.6440630946  1.966787885e-05  1.032867177e-05  9.745540175e-06  9.922338678e-06  2.404880198e-06  7.923791575e-06  3.2258
2872  8242.699497  0.6439489269  1.968324911e-05  1.033792372e-05  9.761128719e-06  9.922120394e-06  2.41875647e-06  7.919167252e-06  3.164
2873  8242.899899  0.6438288025  1.968419276e-05  1.033966131e-05  9.757585117e-06  9.926607643e-06  2.403698905e-06  7.935962405e-06  3.156
2874  8243.100525  0.6437465746  1.96716414e-05  1.033391807e-05  9.746508715e-06  9.925132689e-06  2.414772592e-06  7.919145476e-06  3.0764
2875  8243.299966  0.6436708451  1.967765708e-05  1.033786108e-05  9.734371506e-06  9.94328557e-06  2.404557343e-06  7.933303732e-06  3.0374
2876  8243.499822  0.643507487  1.969533152e-05  1.034883695e-05  9.772257942e-06  9.923073574e-06  2.421393885e-06  7.927443069e-06  2.9656
2877  8243.699265  0.6433046865  1.967305777e-05  1.033922989e-05  9.752300433e-06  9.920757333e-06  2.409709786e-06  7.929520099e-06  2.909
2878  8243.899695  0.6432338189  1.966796385e-05  1.033728532e-05  9.711081452e-06  9.956882397e-06  2.404500547e-06  7.932784769e-06  2.8784
2879  8244.101087  0.6431908323  1.969287675e-05  1.035082422e-05  9.771123426e-06  9.921753324e-06  2.420657125e-06  7.9301671e-06  2.903
2880  8244.30107  0.6430175438  1.968185515e-05  1.034682396e-05  9.768672892e-06  9.913182259e-06  2.399525127e-06  7.947298836e-06  2.96
2881  8244.501737  0.6429048058  1.968679551e-05  1.035058797e-05  9.779981182e-06  9.906814329e-06  2.415013467e-06  7.935574501e-06  3.1
2882  8244.700514  0.6428867505  1.968598938e-05  1.035035101e-05  9.747847924e-06  9.938141456e-06  2.409456811e-06  7.9408942e-06  3.2512
2883  8244.90035  0.6426345009  1.968988658e-05  1.035501177e-05  9.751069655e-06  9.938816922e-06  2.417433269e-06  7.937578499e-06  3.2716
2884  8245.099849  0.6425347013  1.966036215e-05  1.034051665e-05  9.733599849e-06  9.9267623e-06  2.407929683e-06  7.932586965e-06  3.2298
2885  8245.300367  0.6423569386  1.966579812e-05  1.034521457e-05  9.74852254e-06  9.917275582e-06  2.417952527e-06  7.927262043e-06  3.2044
2886  8245.500281  0.6423016041  1.967868652e-05  1.035256736e-05  9.73980201e-06  9.938884509e-06  2.408966934e-06  7.94360043e-06  3.118
2887  8245.700501  0.6421637964  1.966673782e-05  1.034770729e-05  9.73652235e-06  9.930215474e-06  2.416642819e-06  7.931064469e-06  3.061
2888  8245.90011  0.642025371  1.967771809e-05  1.035491787e-05  9.756828646e-06  9.920889443e-06  2.416179701e-06  7.938738167e-06  3.0472
2889  8246.100248  0.6418751236  1.969188221e-05  1.036392842e-05  9.772964272e-06  9.918917934e-06  2.418445311e-06  7.945483113e-06  2.9656
2890  8246.30049  0.641748802  1.967229728e-05  1.035492876e-05  9.794026439e-06  9.878270844e-06  2.418100748e-06  7.936828009e-06  2.904
2891  8246.500046  0.6416130543  1.965223638e-05  1.03457736e-05  9.72398831e-06  9.92824807e-06  2.41484858e-06  7.930925017e-06  2.8686
2892  8246.700151  0.6415734244  1.969327102e-05  1.036778684e-05  9.808443987e-06  9.88482703e-06  2.425456988e-06  7.942329856e-06  2.8914
2893  8246.900075  0.641386566  1.966306008e-05  1.03538164e-05  9.758902728e-06  9.904157348e-06  2.405994157e-06  7.947822248e-06  2.9488
2894  8247.101562  0.6413069963  1.96885949e-05  1.036808702e-05  9.81556252e-06  9.873032378e-06  2.423451557e-06  7.944635462e-06  3.1076
2895  8247.301283  0.6411346263  1.968568787e-05  1.036834321e-05  9.756681457e-06  9.929006414e-06  2.415378304e-06  7.952964901e-06  3.2262
2896  8247.500716  0.6410088379  1.968003438e-05  1.036666947e-05  9.768848655e-06  9.911185724e-06  2.416755829e-06  7.949913637e-06  3.2404
2897  8247.69979  0.6409726111  1.965963287e-05  1.035629792e-05  9.756101248e-06  9.903531621e-06  2.420843142e-06  7.935454779e-06  3.2292
2898  8247.899806  0.6408248847  1.968571215e-05  1.0371568e-05  9.793888056e-06  9.891824091e-06  2.423577715e-06  7.947990285e-06  3.1716
2899  8248.099616  0.6406873817  1.9670612e-05  1.03650375e-05  9.751417667e-06  9.91919433e-06  2.42101114e-06  7.944026356e-06  3.1626
2900  8248.300469  0.6406000909  1.964531316e-05  1.035261043e-05  9.708486285e-06  9.936826879e-06  2.407247308e-06  7.945363119e-06  3.083
2901  8248.500759  0.640339758  1.968966233e-05  1.037868294e-05  9.791906454e-06  9.897755874e-06  2.440615902e-06  7.938067035e-06  3.058
2902  8248.700613  0.6403509905  1.966052951e-05  1.036321024e-05  9.703235658e-06  9.957293851e-06  2.405225105e-06  7.957985131e-06  2.957
2903  8248.90006  0.6401453194  1.966646296e-05  1.036847008e-05  9.770269607e-06  9.896193355e-06  2.427581485e-06  7.940888594e-06  2.9054
2904  8249.100262  0.6401125492  1.965902448e-05  1.036488805e-05  9.745276637e-06  9.91374784e-06  2.422931459e-06  7.941956586e-06  2.88
2905  8249.300993  0.6399255373  1.967127128e-05  1.037328471e-05  9.749124278e-06  9.922147005e-06  2.41961922e-06  7.953665493e-06  2.874
2906  8249.502245  0.6398715756  1.966485831e-05  1.037046254e-05  9.753576645e-06  9.91128167e-06  2.417271133e-06  7.953191411e-06  2.944
2907  8249.701898  0.6398022994  1.968292422e-05  1.03807089e-05  9.803972942e-06  9.878951282e-06  2.416240413e-06  7.964468483e-06  3.0752
2908  8249.901607  0.6396560241  1.967890949e-05  1.038010978e-05  9.763396414e-06  9.915513077e-06  2.428832571e-06  7.95127721e-06  3.2316
2909  8250.100484  0.6395569666  1.967094339e-05  1.037693574e-05  9.753207926e-06  9.917735468e-06  2.421010959e-06  7.955924777e-06  3.2596
2910  8250.300196  0.6394096938  1.965465959e-05  1.036987269e-05  9.73701418e-06  9.91764541e-06  2.42537029e-06  7.944502402e-06  3.2332
2911  8250.500349  0.6392270351  1.966125344e-05  1.037524659e-05  9.76113113e-06  9.900122307e-06  2.420499057e-06  7.95474753e-06  3.1668
2912  8250.700476  0.6391459807  1.965799623e-05  1.037436862e-05  9.745482047e-06  9.912514187e-06  2.424902739e-06  7.949465876e-06  3.108
2913  8250.90025  0.6391796558  1.966511836e-05  1.037777779e-05  9.781312161e-06  9.883806197e-06  2.429082777e-06  7.948695011e-06  3.0524
2914  8251.100325  0.6389098149  1.965266049e-05  1.037400241e-05  9.727180696e-06  9.925479794e-06  2.414162542e-06  7.959839867e-06  3.016
2915  8251.299795  0.6388691286  1.969437488e-05  1.039644507e-05  9.808647513e-06  9.885727362e-06  2.436215003e-06  7.960230062e-06  2.9884
2916  8251.50015  0.6387188772  1.963385888e-05  1.036605673e-05  9.718055919e-06  9.91580296e-06  2.421837565e-06  7.944219165e-06  2.9446
2917  8251.700177  0.638692483  1.964007267e-05  1.036961111e-05  9.741197715e-06  9.898874954e-06  2.422447271e-06  7.947163838e-06  2.886
2918  8251.899978  0.6385937103  1.96748302e-05  1.038898857e-05  9.791757982e-06  9.883072216e-06  2.431976569e-06  7.957011999e-06  2.8976
2919  8252.101139  0.6384127612  1.966178353e-05  1.038397828e-05  9.782453485e-06  9.879330042e-06  2.419020227e-06  7.964958049e-06  2.9596
2920  8252.301291  0.6383421867  1.965051996e-05  1.03787621e-05  9.769607718e-06  9.880912246e-06  2.429233632e-06  7.949528469e-06  3.0654
2921  8252.500852  0.6381980655  1.967614462e-05  1.039379406e-05  9.772115955e-06  9.904028664e-06  2.424206562e-06  7.969587502e-06  3.1938
2922  8252.700267  0.6380252884  1.966701319e-05  1.039076558e-05  9.778086933e-06  9.888926259e-06  2.429071415e-06  7.961694164e-06  3.2426
2923  8252.900625  0.63798416  1.963774678e-05  1.037572985e-05  9.741444189e-06  9.896302592e-06  2.422810782e-06  7.952919065e-06  3.2286
2924  8253.100389  0.6378519158  1.964996386e-05  1.03835579e-05  9.730028615e-06  9.919935248e-06  2.431272093e-06  7.952285803e-06  3.1564
2925  8253.300194  0.637817733  1.966811279e-05  1.039350354e-05  9.769126587e-06  9.898986206e-06  2.429788086e-06  7.963715454e-06  3.1254
2926  8253.499987  0.6376021901  1.963831312e-05  1.037999316e-05  9.731351074e-06  9.906962043e-06  2.422891542e-06  7.957101621e-06  3.04
2927  8253.70046  0.6375246015  1.964768051e-05  1.038575016e-05  9.734076884e-06  9.913603623e-06  2.429503319e-06  7.956246839e-06  3.0162
2928  8253.899931  0.6374435231  1.96676354e-05  1.039714125e-05  9.759526631e-06  9.908108768e-06  2.434663113e-06  7.962478136e-06  2.9638
2929  8254.099987  0.6373099995  1.964056133e-05  1.03842152e-05  9.739297057e-06  9.901264269e-06  2.42662874e-06  7.957586458e-06  2.9204
2930  8254.300234  0.637284759  1.96400489e-05  1.038420637e-05  9.718537497e-06  9.921511403e-06  2.423484976e-06  7.960721396e-06  2.8614
2931  8254.500558  0.6371311836  1.965173316e-05  1.039197998e-05  9.763210343e-06  9.888522819e-06  2.432489148e-06  7.959490827e-06  2.8976
2932  8254.700804  0.6370464626  1.964800675e-05  1.039088971e-05  9.764131929e-06  9.883874826e-06  2.422544984e-06  7.968344729e-06  2.968
2933  8254.901187  0.6368946555  1.966214019e-05  1.039994287e-05  9.784639515e-06  9.877500672e-06  2.434279585e-06  7.965663289e-06  3.1064
2934  8255.101146  0.6367554205  1.964779854e-05  1.039380419e-05  9.724051952e-06  9.923746586e-06  2.422326088e-06  7.971478105e-06  3.201
2935  8255.301132  0.6366818374  1.965487073e-05  1.039831053e-05  9.759760998e-06  9.895109729e-06  2.434391472e-06  7.963919063e-06  3.2642
2936  8255.500053  0.6365937868  1.963722492e-05  1.038988991e-05  9.75251909e-06  9.884705835e-06  2.432738204e-06  7.957151703e-06  3.184
2937  8255.700472  0.6364847332  1.962492409e-05  1.038451405e-05  9.730243229e-06  9.894680864e-06  2.428244517e-06  7.956269532e-06  3.1542
2938  8255.900185  0.6363842565  1.966722406e-05  1.040794275e-05  9.802288343e-06  9.864935714e-06  2.442348413e-06  7.965594333e-06  3.1156
2939  8256.100331  0.6362802966  1.961917441e-05  1.038359418e-05  9.686221952e-06  9.932952457e-06  2.416410135e-06  7.967184042e-06  3.0616
2940  8256.300633  0.6361425621  1.965985826e-05  1.040655965e-05  9.787940664e-06  9.871917599e-06  2.444256113e-06  7.96230354e-06  3.026
2941  8256.499936  0.6360075982  1.964091039e-05  1.039793322e-05  9.745826977e-06  9.895083408e-06  2.431595501e-06  7.966337716e-06  2.9788
2942  8256.700482  0.6359270593  1.964307746e-05  1.039991803e-05  9.783068095e-06  9.860009363e-06  2.433265137e-06  7.966652896e-06  2.9184
2943  8256.901  0.6358269011  1.962415331e-05  1.039093943e-05  9.71813563e-06  9.906017678e-06  2.433806992e-06  7.957132441e-06  2.9034
2944  8257.101432  0.6357042079  1.964917439e-05  1.040546464e-05  9.748948096e-06  9.900226296e-06  2.429834363e-06  7.975630273e-06  2.887
2945  8257.301055  0.6355836684  1.962191414e-05  1.039228124e-05  9.715731724e-06  9.906182418e-06  2.427153523e-06  7.965127713e-06  2.959
2946  8257.500761  0.6355481992  1.964195314e-05  1.04032634e-05  9.811529566e-06  9.830423574e-06  2.433505136e-06  7.969758268e-06  3.0484
2947  8257.700681  0.635364032  1.965840216e-05  1.041389327e-05  9.775750795e-06  9.882651368e-06  2.434579025e-06  7.979314245e-06  3.171
2948  8257.901102  0.6352631679  1.963781292e-05  1.040403561e-05  9.721402266e-06  9.916410653e-06  2.43614746e-06  7.96788815e-06  3.2314
2949  8258.100213  0.635130282  1.959619432e-05  1.038336595e-05  9.672768811e-06  9.923425513e-06  2.417295689e-06  7.966070265e-06  3.1924
2950  8258.299989  0.6350698761  1.964239332e-05  1.040847397e-05  9.776062738e-06  9.866330586e-06  2.446093786e-06  7.962380182e-06  3.151
2951  8258.499559  0.6349014691  1.964002354e-05  1.040897102e-05  9.775791654e-06  9.864231887e-06  2.432050644e-06  7.976920377e-06  3.1412
2952  8258.700172  0.6348196665  1.961310206e-05  1.039555331e-05  9.712197422e-06  9.900904637e-06  2.434042887e-06  7.961510428e-06  3.062
2953  8258.899394  0.6347037058  1.962893126e-05  1.04051498e-05  9.709702789e-06  9.919228476e-06  2.434959099e-06  7.970190705e-06  3.049
2954  8259.099935  0.6345893232  1.962982356e-05  1.04068131e-05  9.712422093e-06  9.91740147e-06  2.433212561e-06  7.973600534e-06  2.9892
2955  8259.300475  0.6344221829  1.962669022e-05  1.040689121e-05  9.752533505e-06  9.874156711e-06  2.439709002e-06  7.967182205e-06  2.938
2956  8259.500344  0.6343022274  1.961358388e-05  1.040118929e-05  9.721070385e-06  9.892513498e-06  2.425607111e-06  7.975582175e-06  2.9104
2957  8259.700537  0.6341907217  1.963543049e-05  1.041393581e-05  9.765855976e-06  9.869574519e-06  2.444868399e-06  7.969067412e-06  2.9136
2958  8259.901101  0.6341414139  1.960574925e-05  1.039870665e-05  9.706529195e-06  9.899220051e-06  2.425450575e-06  7.973256079e-06  2.9824
2959  8260.100994  0.6340837377  1.962754207e-05  1.041086581e-05  9.780165178e-06  9.847376897e-06  2.434345439e-06  7.97652037e-06  3.058
2960  8260.301067  0.6338725375  1.965073533e-05  1.042536961e-05  9.759231928e-06  9.891503402e-06  2.440312984e-06  7.985056627e-06  3.1734
2961  8260.500333  0.6338263536  1.962521061e-05  1.041230877e-05  9.741255956e-06  9.883954658e-06  2.434371569e-06  7.977937201e-06  3.2214
2962  8260.699783  0.6336308549  1.959418651e-05  1.039788126e-05  9.710315488e-06  9.883871019e-06  2.437768492e-06  7.96011277e-06  3.1816
2963  8260.899767  0.6335470179  1.960911623e-05  1.040667632e-05  9.734270961e-06  9.874845267e-06  2.431641589e-06  7.975034729e-06  3.1648
2964  8261.099978  0.6333980086  1.964206849e-05  1.04257177e-05  9.776281581e-06  9.86578691e-06  2.448679053e-06  7.977038643e-06  3.1038
2965  8261.300858  0.6333431364  1.960229063e-05  1.040517514e-05  9.715846941e-06  9.886443693e-06  2.429714141e-06  7.975461e-06  3.059
2966  8261.499679  0.6331403422  1.962008563e-05  1.041673322e-05  9.760973979e-06  9.859111653e-06  2.446726835e-06  7.970006383e-06  3.0142
2967  8261.70016  0.6331990359  1.961583392e-05  1.041386464e-05  9.713846842e-06  9.901987076e-06  2.434237798e-06  7.979626846e-06  3.0024
2968  8261.900072  0.6330219933  1.963616775e-05  1.042650546e-05  9.813964327e-06  9.822203426e-06  2.444973832e-06  7.981531628e-06  2.9518
2969  8262.100847  0.632889136  1.960633596e-05  1.041204846e-05  9.707435791e-06  9.898900166e-06  2.440232346e-06  7.971816112e-06  2.9126
2970  8262.300576  0.6327180773  1.960766651e-05  1.04145364e-05  9.727417071e-06  9.880249443e-06  2.434197783e-06  7.980338618e-06  2.9112
2971  8262.500895  0.632656276  1.961776798e-05  1.042054574e-05  9.782927562e-06  9.834840419e-06  2.446050418e-06  7.974495322e-06  2.9506
2972  8262.700206  0.6325282763  1.962204042e-05  1.042414937e-05  9.76934089e-06  9.85269953e-06  2.430170028e-06  7.993979345e-06  3.0532
2973  8262.900831  0.6325005972  1.962043148e-05  1.042358314e-05  9.745665228e-06  9.874766257e-06  2.448895933e-06  7.974687209e-06  3.1686
2974  8263.099506  0.6324365476  1.961351025e-05  1.042057357e-05  9.712787007e-06  9.900723243e-06  2.432836488e-06  7.987737079e-06  3.228
2975  8263.29973  0.6322255589  1.95987551e-05  1.041493142e-05  9.727092947e-06  9.871662152e-06  2.440365331e-06  7.97456609e-06  3.169
2976  8263.499692  0.6320962785  1.960896717e-05  1.042170543e-05  9.753764815e-06  9.855202353e-06  2.445935474e-06  7.975769954e-06  3.1392
2977  8263.700211  0.6319949454  1.959843558e-05  1.041716369e-05  9.68415035e-06  9.914285234e-06  2.429477852e-06  7.987685836e-06  3.09
2978  8263.900501  0.6319028037  1.960194533e-05  1.04199893e-05  9.760796772e-06  9.841148563e-06  2.447571917e-06  7.972417382e-06  3.0772
2979  8264.100244  0.6317819107  1.95939907e-05  1.041702005e-05  9.713636307e-06  9.880354393e-06  2.434725406e-06  7.982294643e-06  3.0142
2980  8264.300454  0.631646212  1.962987849e-05  1.043751582e-05  9.750443657e-06  9.879434829e-06  2.456587273e-06  7.980928549e-06  2.9802
2981  8264.50085  0.6315306294  1.957870457e-05  1.041150917e-05  9.693415905e-06  9.885288668e-06  2.431202976e-06  7.980306189e-06  2.9302
2982  8264.700403  0.6313944817  1.960987189e-05  1.042950309e-05  9.778071346e-06  9.831800542e-06  2.442431523e-06  7.987071567e-06  2.9238
2983  8264.901229  0.6313058498  1.959881238e-05  1.0424545e-05  9.706036439e-06  9.892775943e-06  2.448701095e-06  7.975843907e-06  2.9342
2984  8265.100582  0.6312566657  1.960288318e-05  1.042722309e-05  9.736345265e-06  9.866537919e-06  2.434193186e-06  7.993029904e-06  2.9616
2985  8265.299476  0.6310765188  1.961633034e-05  1.043625583e-05  9.808012833e-06  9.808317505e-06  2.448383243e-06  7.987872586e-06  3.0288
2986  8265.500515  0.63100923  1.960711896e-05  1.043205714e-05  9.732979536e-06  9.874139428e-06  2.438924015e-06  7.993133128e-06  3.2008
2987  8265.700405  0.6308503858  1.959177812e-05  1.042555089e-05  9.690215371e-06  9.901562754e-06  2.441350465e-06  7.984200421e-06  3.19
2988  8265.900255  0.6308378422  1.959574342e-05  1.042779177e-05  9.752426147e-06  9.84331727e-06  2.447550714e-06  7.98024106e-06  3.202
2989  8266.100173  0.630630312  1.95957452e-05  1.042995703e-05  9.761359973e-06  9.834385223e-06  2.444216634e-06  7.985740393e-06  3.1308
2990  8266.300364  0.6305323896  1.959462838e-05  1.043038391e-05  9.732576862e-06  9.86205152e-06  2.445878411e-06  7.984505503e-06  3.0856
2991  8266.500114  0.6305493762  1.958896606e-05  1.042719269e-05  9.719503759e-06  9.8694623e-06  2.441684506e-06  7.985508182e-06  3.0764
2992  8266.70057  0.6303501939  1.959851816e-05  1.043435539e-05  9.732990614e-06  9.865527542e-06  2.447904565e-06  7.98645083e-06  3.0082
2993  8266.900385  0.6302317665  1.960193172e-05  1.043740879e-05  9.735688617e-06  9.866243099e-06  2.448904956e-06  7.988503838e-06  2.9706
2994  8267.100506  0.6301828552  1.959139809e-05  1.043231022e-05  9.735966541e-06  9.855431552e-06  2.443114091e-06  7.989196127e-06  2.9356
2995  8267.300964  0.6299517755  1.959640963e-05  1.043739043e-05  9.755053027e-06  9.841356606e-06  2.446305571e-06  7.991084855e-06  2.902
2996  8267.500481  0.629887926  1.958806347e-05  1.043361127e-05  9.709986692e-06  9.878076779e-06  2.450633891e-06  7.982977381e-06  2.9144
2997  8267.700281  0.6298437158  1.960786087e-05  1.044461813e-05  9.754621115e-06  9.853239753e-06  2.440445282e-06  8.004172853e-06  2.9536
2998  8267.900589  0.6298375015  1.959721501e-05  1.043901223e-05  9.759105166e-06  9.838109849e-06  2.445909211e-06  7.993103015e-06  3.0662
2999  8268.099926  0.6296466596  1.960499362e-05  1.04451489e-05  9.758090373e-06  9.846903243e-06  2.449729907e-06  7.995418992e-06  3.1802
3000  8268.300238  0.6294028316  1.959766376e-05  1.044378988e-05  9.721651404e-06  9.876012356e-06  2.448314595e-06  7.995475282e-06  3.2092
3001  8268.500681  0.6294888867  1.958216034e-05  1.043462996e-05  9.708296747e-06  9.873863592e-06  2.452027038e-06  7.98260292e-06  3.1836
3002  8268.70088  0.6292313637  1.957758753e-05  1.043488015e-05  9.693842456e-06  9.883745077e-06  2.437429459e-06  7.997450691e-06  3.1124
3003  8268.900568  0.6291430901  1.961417461e-05  1.045530399e-05  9.800769596e-06  9.813405009e-06  2.460402208e-06  7.994901787e-06  3.0896
3004  8269.100418  0.6290776782  1.956337363e-05  1.042890677e-05  9.688344495e-06  9.87502914e-06  2.436785518e-06  7.992121253e-06  3.0456
3005  8269.300681  0.6289886266  1.959104506e-05  1.044458801e-05  9.703759102e-06  9.887285961e-06  2.45261563e-06  7.991972381e-06  3.0126
3006  8269.500468  0.6289080865  1.960040094e-05  1.045041756e-05  9.734391114e-06  9.866009827e-06  2.453154805e-06  7.997262757e-06  2.947
3007  8269.701047  0.6286826011  1.958877056e-05  1.044657183e-05  9.743266057e-06  9.8455045e-06  2.439489788e-06  8.007082044e-06  2.932
3008  8269.900823  0.6285463097  1.957588326e-05  1.044112206e-05  9.725327688e-06  9.850555577e-06  2.457148343e-06  7.983973712e-06  2.9186
3009  8270.10085  0.6285744911  1.957080874e-05  1.043812131e-05  9.688824385e-06  9.881984352e-06  2.437922812e-06  8.000198495e-06  2.9272
3010  8270.300021  0.628337909  1.961336281e-05  1.046329272e-05  9.801405053e-06  9.811957758e-06  2.461006371e-06  8.002286353e-06  2.9536
3011  8270.500669  0.6283066441  1.957987144e-05  1.04457524e-05  9.744893776e-06  9.834977668e-06  2.441125177e-06  8.004627228e-06  3.1092
3012  8270.700668  0.6281440819  1.95918171e-05  1.04538246e-05  9.744564238e-06  9.847252861e-06  2.452200027e-06  8.001624577e-06  3.1498
3013  8270.900711  0.6281021844  1.9605427e-05  1.046152489e-05  9.744155501e-06  9.861271497e-06  2.460027841e-06  8.00149705e-06  3.1836
3014  8271.099946  0.6280186478  1.956706861e-05  1.044192897e-05  9.70734105e-06  9.859727558e-06  2.436261519e-06  8.005667448e-06  3.1354
3015  8271.30059  0.6278798173  1.959937429e-05  1.046062098e-05  9.7730159e-06  9.826358388e-06  2.467746157e-06  7.992874827e-06  3.1354
3016  8271.499885  0.6277983837  1.95668863e-05  1.044413189e-05  9.681444677e-06  9.885441621e-06  2.43870102e-06  8.005430872e-06  3.096
3017  8271.700197  0.6276685303  1.958214887e-05  1.045363588e-05  9.75578283e-06  9.826366041e-06  2.460961318e-06  7.992674562e-06  3.0358
3018  8271.899836  0.6276303871  1.958529741e-05  1.045571549e-05  9.711699509e-06  9.873597901e-06  2.451637809e-06  8.004077679e-06  3.0362
3019  8272.100612  0.6274661308  1.958835294e-05  1.045906452e-05  9.705936547e-06  9.882416388e-06  2.448419898e-06  8.010644624e-06  2.973
3020  8272.300462  0.6273268907  1.957767383e-05  1.045481812e-05  9.722816052e-06  9.854857776e-06  2.453323611e-06  8.001494505e-06  2.9424
3021  8272.500238  0.6273372738  1.957846769e-05  1.04551335e-05  9.735110044e-06  9.84335765e-06  2.45272502e-06  8.002408477e-06  2.9116
3022  8272.700354  0.6271144406  1.958820099e-05  1.046266236e-05  9.72784632e-06  9.860354672e-06  2.456920538e-06  8.005741824e-06  2.8978
3023  8272.900794  0.6270281127  1.958246773e-05  1.046050305e-05  9.721125089e-06  9.861342644e-06  2.448654813e-06  8.011848233e-06  2.99
3024  8273.101243  0.6269823795  1.957450779e-05  1.045672923e-05  9.716664053e-06  9.857843733e-06  2.447006364e-06  8.00972287e-06  3.0296
3025  8273.300308  0.6267759635  1.9603763e-05  1.047451929e-05  9.753963356e-06  9.84979964e-06  2.458902211e-06  8.015617081e-06  3.1634
3026  8273.500437  0.6267260907  1.958958063e-05  1.046746352e-05  9.715715543e-06  9.873865083e-06  2.457779591e-06  8.009683924e-06  3.1772
3027  8273.700122  0.6265283447  1.956148921e-05  1.045452033e-05  9.689822296e-06  9.871666913e-06  2.451228155e-06  8.003292175e-06  3.1472
3028  8273.900614  0.6265169616  1.958461099e-05  1.046699677e-05  9.748324551e-06  9.836286441e-06  2.459454744e-06  8.007542031e-06  3.1082
3029  8274.099927  0.6262763215  1.95817122e-05  1.046796623e-05  9.709743086e-06  9.871969115e-06  2.451927272e-06  8.016038953e-06  3.086
3030  8274.300413  0.6262186145  1.958055812e-05  1.046795333e-05  9.72749508e-06  9.85306304e-06  2.463190382e-06  8.004762953e-06  3.022
3031  8274.49946  0.6262092751  1.955500264e-05  1.045438877e-05  9.684357446e-06  9.870645192e-06  2.445707715e-06  8.008681053e-06  3.027
3032  8274.700047  0.6261560708  1.960910129e-05  1.048386847e-05  9.777140377e-06  9.831960916e-06  2.465048768e-06  8.0188197e-06  2.973
3033  8274.899986  0.6259972758  1.958696683e-05  1.047369747e-05  9.72585996e-06  9.861106873e-06  2.459157689e-06  8.014539782e-06  3.0026
3034  8275.100627  0.6258413572  1.95531568e-05  1.045724866e-05  9.700688419e-06  9.852468376e-06  2.448313721e-06  8.008934934e-06  2.9244
3035  8275.301332  0.6258253336  1.957185771e-05  1.046741784e-05  9.712036937e-06  9.859820775e-06  2.460746765e-06  8.006671075e-06  2.943
3036  8275.502125  0.6256326596  1.959576583e-05  1.048222383e-05  9.756976216e-06  9.838789611e-06  2.452686662e-06  8.029537169e-06  2.9764
3037  8275.701493  0.6255423713  1.957750028e-05  1.047339875e-05  9.761690747e-06  9.81580953e-06  2.457519802e-06  8.015878952e-06  3.0944
3038  8275.900815  0.6254389357  1.957565175e-05  1.047349312e-05  9.719587691e-06  9.85606406e-06  2.456212398e-06  8.017280723e-06  3.1644
3039  8276.100153  0.625352213  1.959189885e-05  1.048309483e-05  9.737782546e-06  9.854116304e-06  2.465647956e-06  8.017446878e-06  3.156
3040  8276.300251  0.6252035431  1.958211687e-05  1.047941862e-05  9.730305142e-06  9.851811727e-06  2.45637488e-06  8.023043738e-06  3.1508
3041  8276.500185  0.6250242  1.957121812e-05  1.047546466e-05  9.715326627e-06  9.855891497e-06  2.453350104e-06  8.022114558e-06  3.1212
3042  8276.700318  0.6249748994  1.956739317e-05  1.047393372e-05  9.705413373e-06  9.861979801e-06  2.468911454e-06  8.005022268e-06  3.0868
3043  8276.899584  0.6248856393  1.957946525e-05  1.048133112e-05  9.740911436e-06  9.838553815e-06  2.453223993e-06  8.028107131e-06  3.0248
3044  8277.100088  0.6246792374  1.957589527e-05  1.048158322e-05  9.727182103e-06  9.848713162e-06  2.465804978e-06  8.015778247e-06  3.0128
3045  8277.300239  0.6246621033  1.957768298e-05  1.048272004e-05  9.685729001e-06  9.891953984e-06  2.453788938e-06  8.028931102e-06  2.963
3046  8277.500699  0.6246032109  1.958963303e-05  1.048973635e-05  9.705917851e-06  9.883715182e-06  2.461550641e-06  8.028185708e-06  2.9388
3047  8277.700711  0.6244091191  1.957404646e-05  1.04834247e-05  9.750453087e-06  9.823593375e-06  2.466716701e-06  8.016707995e-06  2.9228
3048  8277.901286  0.6242735317  1.955914645e-05  1.047686501e-05  9.694857122e-06  9.864289326e-06  2.44826851e-06  8.028596504e-06  2.9086
3049  8278.100848  0.6242955752  1.960783875e-05  1.050271555e-05  9.782734202e-06  9.825104544e-06  2.468357624e-06  8.034357922e-06  3.0154
3050  8278.300705  0.6241996681  1.956115575e-05  1.047871527e-05  9.709627578e-06  9.851528174e-06  2.451752434e-06  8.026962833e-06  3.106
3051  8278.500343  0.624008241  1.958768996e-05  1.04949382e-05  9.747856988e-06  9.839832972e-06  2.468617636e-06  8.026320563e-06  3.1504
3052  8278.700486  0.6238668503  1.959191091e-05  1.049868406e-05  9.708820307e-06  9.8830906e-06  2.467639093e-06  8.031044969e-06  3.1696
3053  8278.900448  0.6238290064  1.955609924e-05  1.047989032e-05  9.692321777e-06  9.863777466e-06  2.454232422e-06  8.025657898e-06  3.1238
3054  8279.100395  0.6236743312  1.95718793e-05  1.048996908e-05  9.749311777e-06  9.822567522e-06  2.46750827e-06  8.022460814e-06  3.094
3055  8279.299924  0.623561769  1.958147248e-05  1.049629218e-05  9.723862168e-06  9.857610316e-06  2.465625027e-06  8.030667149e-06  3.0606
3056  8279.499711  0.6234954665  1.957622516e-05  1.049417521e-05  9.71854235e-06  9.857682805e-06  2.4629522e-06  8.031223009e-06  3.0394
3057  8279.700196  0.6233444422  1.957398992e-05  1.049456179e-05  9.718735481e-06  9.855254438e-06  2.464998622e-06  8.029563164e-06  2.9906
3058  8279.900194  0.6232188856  1.958440209e-05  1.05014627e-05  9.743467646e-06  9.840934445e-06  2.467748083e-06  8.033714616e-06  2.9688
3059  8280.100581  0.6231529234  1.9583621e-05  1.050173656e-05  9.744046026e-06  9.839574975e-06  2.470071106e-06  8.031665454e-06  2.9054
3060  8280.300347  0.6229946988  1.956800785e-05  1.049502443e-05  9.721108857e-06  9.84689899e-06  2.462805851e-06  8.03221858e-06  2.9162
3061  8280.501506  0.6228704466  1.9583355e-05  1.050456079e-05  9.77129774e-06  9.812057262e-06  2.464785089e-06  8.039775706e-06  2.9414
3062  8280.701631  0.6227246877  1.957456284e-05  1.050137521e-05  9.718824258e-06  9.855738582e-06  2.470209037e-06  8.031166177e-06  3.0348
3063  8280.900697  0.6227564637  1.956526068e-05  1.049605126e-05  9.716861688e-06  9.848398993e-06  2.456457885e-06  8.039593373e-06  3.0918
3064  8281.100415  0.6226282483  1.958732605e-05  1.050923589e-05  9.760650732e-06  9.826675318e-06  2.473766588e-06  8.035469298e-06  3.1458
3065  8281.299582  0.6224614628  1.959660057e-05  1.051596573e-05  9.757550253e-06  9.839050317e-06  2.474162696e-06  8.041803034e-06  3.137
3066  8281.499922  0.6223630224  1.95632115e-05  1.049908191e-05  9.700753452e-06  9.862458047e-06  2.461359407e-06  8.037722499e-06  3.1668
3067  8281.700599  0.6222893499  1.955543176e-05  1.049567993e-05  9.676562211e-06  9.878869546e-06  2.465351851e-06  8.030328078e-06  3.1226
3068  8281.900846  0.6221422094  1.957582025e-05  1.050816879e-05  9.723071179e-06  9.85274907e-06  2.465566062e-06  8.042602726e-06  3.0602
3069  8282.10049  0.6220420732  1.958748357e-05  1.051548251e-05  9.768924112e-06  9.81855946e-06  2.479717577e-06  8.035764931e-06  3.0164
3070  8282.300143  0.6219420106  1.955200438e-05  1.049748596e-05  9.687560857e-06  9.864443521e-06  2.457088419e-06  8.040397542e-06  2.9902
3071  8282.500653  0.621842404  1.957976802e-05  1.051343944e-05  9.705248982e-06  9.874519037e-06  2.472463854e-06  8.040975584e-06  2.9396
3072  8282.700067  0.6216589615  1.959593889e-05  1.052405284e-05  9.757365493e-06  9.838573397e-06  2.481174829e-06  8.042878009e-06  2.9136
3073  8282.900781  0.6215602604  1.955662136e-05  1.050397395e-05  9.691832679e-06  9.864788681e-06  2.457070622e-06  8.04690333e-06  2.8936
3074  8283.100865  0.6214221934  1.957991611e-05  1.051793778e-05  9.753193347e-06  9.826722766e-06  2.479185695e-06  8.038752083e-06  2.9544
3075  8283.300779  0.6213276558  1.957189438e-05  1.051462264e-05  9.729739911e-06  9.842154467e-06  2.457427853e-06  8.05719479e-06  3.0436
3076  8283.499998  0.621216993  1.958102537e-05  1.052069228e-05  9.775062549e-06  9.805962821e-06  2.475915789e-06  8.044776488e-06  3.1144
3077  8283.700563  0.6211780866  1.95654625e-05  1.051273951e-05  9.706073204e-06  9.859389301e-06  2.468669538e-06  8.04406997e-06  3.1868
3078  8283.901046  0.6210273205  1.957577366e-05  1.051986573e-05  9.729843505e-06  9.845930157e-06  2.473189371e-06  8.046676356e-06  3.1338
3079  8284.100691  0.6209820223  1.957507928e-05  1.05199691e-05  9.739060891e-06  9.836018391e-06  2.474165024e-06  8.045804073e-06  3.1226
3080  8284.299744  0.6208379363  1.955482009e-05  1.05105958e-05  9.741810568e-06  9.813009524e-06  2.465759788e-06  8.044836007e-06  3.0614
3081  8284.500639  0.6206889528  1.95618887e-05  1.051596172e-05  9.729077578e-06  9.832811121e-06  2.480696508e-06  8.035265209e-06  3.0556
3082  8284.700722  0.6206668932  1.956533051e-05  1.051804396e-05  9.698891322e-06  9.866439184e-06  2.464448229e-06  8.053595734e-06  3.0014
3083  8284.899935  0.6205228942  1.956185235e-05  1.051768858e-05  9.746423715e-06  9.815428634e-06  2.474402868e-06  8.043285717e-06  2.9702
3084  8285.100089  0.6203058255  1.956564778e-05  1.0522013e-05  9.729148402e-06  9.836499378e-06  2.475769094e-06  8.046243905e-06  2.9714
3085  8285.300334  0.6203451637  1.956404853e-05  1.052073908e-05  9.690379769e-06  9.873668762e-06  2.470460807e-06  8.050278274e-06  2.909
3086  8285.499782  0.6202001896  1.95735643e-05  1.052738236e-05  9.781001114e-06  9.792563186e-06  2.477502856e-06  8.0498795e-06  2.9104
3087  8285.700523  0.6201304421  1.955929029e-05  1.052043902e-05  9.707055472e-06  9.852234819e-06  2.465604902e-06  8.054834116e-06  2.948
3088  8285.901242  0.6200103905  1.957425238e-05  1.052975078e-05  9.728928492e-06  9.845323893e-06  2.47301947e-06  8.05673131e-06  3.038
3089  8286.100868  0.620020916  1.956669566e-05  1.052557494e-05  9.731541562e-06  9.835154094e-06  2.475015862e-06  8.050559073e-06  3.1358
3090  8286.300351  0.6197435851  1.956033006e-05  1.052506919e-05  9.713530617e-06  9.846799442e-06  2.466150107e-06  8.058919084e-06  3.1328
3091  8286.501148  0.6196272744  1.95744937e-05  1.053391553e-05  9.715891488e-06  9.85860221e-06  2.487472039e-06  8.046443493e-06  3.1608
3092  8286.700828  0.61960357  1.956225742e-05  1.052758019e-05  9.709677139e-06  9.852580281e-06  2.465985719e-06  8.061594468e-06  3.0828
3093  8286.900431  0.6195558406  1.954797254e-05  1.052039479e-05  9.679138233e-06  9.868834306e-06  2.47413424e-06  8.046260548e-06  3.0698
3094  8287.099056  0.619366561  1.95686954e-05  1.053354108e-05  9.724226994e-06  9.844468403e-06  2.475245841e-06  8.058295242e-06  3.018
3095  8287.299143  0.6192164658  1.957340805e-05  1.053765937e-05  9.742605686e-06  9.830802365e-06  2.482919693e-06  8.054739676e-06  3.0402
3096  8287.50036  0.6192442431  1.952777163e-05  1.051279825e-05  9.661699931e-06  9.866071701e-06  2.464903196e-06  8.04789505e-06  2.999
3097  8287.700511  0.6191308905  1.95435733e-05  1.052249778e-05  9.668894337e-06  9.874678964e-06  2.468159558e-06  8.05433822e-06  2.9212
3098  8287.900172  0.6189932636  1.960815707e-05  1.055872353e-05  9.817359027e-06  9.790798042e-06  2.502852641e-06  8.055870888e-06  2.8902
3099  8288.100357  0.6188065594  1.952437964e-05  1.051557365e-05  9.662503187e-06  9.861876452e-06  2.457922262e-06  8.05765139e-06  2.9306
3100  8288.300762  0.6188942953  1.954371586e-05  1.052506442e-05  9.697457457e-06  9.846258406e-06  2.470944142e-06  8.054120278e-06  2.9554
3101  8288.500471  0.6186204313  1.958424652e-05  1.054978059e-05  9.794877185e-06  9.78936933e-06  2.483033177e-06  8.066747412e-06  3.0932
3102  8288.700707  0.6186055243  1.956449429e-05  1.053929743e-05  9.745940671e-06  9.818553618e-06  2.476645467e-06  8.062651962e-06  3.113
3103  8288.901241  0.6184758114  1.952533782e-05  1.051956847e-05  9.673632851e-06  9.851704972e-06  2.472523979e-06  8.047044488e-06  3.1614
3104  8289.100403  0.6184020957  1.956472965e-05  1.054156846e-05  9.737031356e-06  9.827698294e-06  2.481989469e-06  8.059578986e-06  3.1056
3105  8289.299792  0.6181561996  1.9574541e-05  1.05494486e-05  9.732084443e-06  9.842456554e-06  2.479714628e-06  8.069733976e-06  3.1156
3106  8289.500546  0.6181137251  1.95260559e-05  1.052376517e-05  9.696391985e-06  9.829663919e-06  2.47548309e-06  8.048282075e-06  3.0624
3107  8289.700768  0.6179799081  1.954259573e-05  1.053408902e-05  9.726836149e-06  9.81575958e-06  2.478441223e-06  8.055647795e-06  3.0268
3108  8289.900875  0.617937687  1.95639908e-05  1.054606691e-05  9.725511452e-06  9.838479349e-06  2.479200347e-06  8.066866561e-06  2.994
3109  8290.100168  0.6177796692  1.953682073e-05  1.053308503e-05  9.703407288e-06  9.833413442e-06  2.478955926e-06  8.054129102e-06  2.9982
3110  8290.300654  0.6177734871  1.954447906e-05  1.053727908e-05  9.706104656e-06  9.838374402e-06  2.477096584e-06  8.0601825e-06  2.93
3111  8290.500645  0.6176737625  1.95618284e-05  1.054768468e-05  9.72963462e-06  9.832193781e-06  2.486390522e-06  8.061294159e-06  2.8868
3112  8290.700771  0.6176125043  1.953973057e-05  1.053641501e-05  9.695159497e-06  9.844571068e-06  2.469875115e-06  8.066539894e-06  2.9408
3113  8290.900794  0.6174337499  1.956268387e-05  1.055067794e-05  9.767004553e-06  9.795679319e-06  2.479951625e-06  8.070726315e-06  2.986
3114  8291.100987  0.6172925812  1.953414338e-05  1.053677265e-05  9.681781159e-06  9.852362218e-06  2.478305157e-06  8.058467489e-06  3.0946
3115  8291.301123  0.6172429044  1.953408158e-05  1.053726276e-05  9.679810257e-06  9.854271328e-06  2.469582941e-06  8.067679819e-06  3.1104
3116  8291.500295  0.6171777148  1.954796284e-05  1.054543815e-05  9.717249569e-06  9.830713272e-06  2.484692501e-06  8.06074565e-06  3.1602
3117  8291.699454  0.6170426246  1.954997396e-05  1.054794791e-05  9.696335109e-06  9.85363885e-06  2.478473006e-06  8.069474901e-06  3.1068
3118  8291.900169  0.6167768262  1.954978383e-05  1.05506493e-05  9.685448825e-06  9.864335007e-06  2.486802121e-06  8.063847178e-06  3.138
3119  8292.100634  0.6168455028  1.952758864e-05  1.053794724e-05  9.698622834e-06  9.828965804e-06  2.476052054e-06  8.061895183e-06  3.0624
3120  8292.30078  0.6166792502  1.954139121e-05  1.054714906e-05  9.748230231e-06  9.793160976e-06  2.480832464e-06  8.066316592e-06  3.0432
3121  8292.500909  0.6166516588  1.953170094e-05  1.054220976e-05  9.668177169e-06  9.863523774e-06  2.485227774e-06  8.05698199e-06  3.0196
3122  8292.700062  0.6165396666  1.95275318e-05  1.054113994e-05  9.681874584e-06  9.845657219e-06  2.476487475e-06  8.064652461e-06  2.9472
3123  8292.900156  0.6164131282  1.953978099e-05  1.054908694e-05  9.726101872e-06  9.813679119e-06  2.484362215e-06  8.064724724e-06  2.929
3124  8293.100019  0.6162372812  1.954111748e-05  1.05516638e-05  9.700270473e-06  9.840847009e-06  2.484201092e-06  8.067462704e-06  2.896
3125  8293.300373  0.6162066025  1.954254998e-05  1.055276105e-05  9.728691558e-06  9.813858423e-06  2.48247828e-06  8.070282765e-06  2.9268
3126  8293.500054  0.61607788  1.952809196e-05  1.054631134e-05  9.744434135e-06  9.783657827e-06  2.480260618e-06  8.066050718e-06  3.0144
3127  8293.70057  0.6159426824  1.95203815e-05  1.054357261e-05  9.677705164e-06  9.842676338e-06  2.477909883e-06  8.065662723e-06  3.0938
3128  8293.901013  0.6158350146  1.954371562e-05  1.055731272e-05  9.740554369e-06  9.803161254e-06  2.483062377e-06  8.074250344e-06  3.1232
3129  8294.101228  0.6158110605  1.951724513e-05  1.054326619e-05  9.728472769e-06  9.788772364e-06  2.48527971e-06  8.057986477e-06  3.1362
3130  8294.300234  0.6156876515  1.952954355e-05  1.055121186e-05  9.716086318e-06  9.813457236e-06  2.484636938e-06  8.066574922e-06  3.097
3131  8294.500379  0.6155829225  1.954814861e-05  1.056236973e-05  9.729773038e-06  9.818375575e-06  2.488913784e-06  8.073455947e-06  3.0816
3132  8294.699934  0.6154262397  1.953318228e-05  1.055593684e-05  9.725650463e-06  9.807531818e-06  2.488108492e-06  8.067828347e-06  3.0624
3133  8294.901276  0.6155155071  1.949089541e-05  1.053214435e-05  9.637372486e-06  9.853522927e-06  2.470060544e-06  8.062083808e-06  3.03
3134  8295.100134  0.6153632579  1.953420955e-05  1.055715687e-05  9.747557608e-06  9.78665194e-06  2.500402564e-06  8.056754308e-06  3.0184
3135  8295.300086  0.6152859447  1.952631094e-05  1.055370402e-05  9.716096652e-06  9.810214285e-06  2.479129727e-06  8.074574293e-06  2.9484
3136  8295.500711  0.6151036054  1.951673853e-05  1.055045385e-05  9.661151769e-06  9.855586758e-06  2.482864523e-06  8.067589327e-06  2.9286
3137  8295.700162  0.6151820597  1.952765103e-05  1.055552483e-05  9.694126392e-06  9.833524638e-06  2.495469324e-06  8.060055503e-06  2.8988
3138  8295.900895  0.6148550067  1.953993627e-05  1.056562047e-05  9.738393026e-06  9.801543249e-06  2.476584629e-06  8.089035846e-06  2.9184
3139  8296.101654  0.614822194  1.951226128e-05  1.055100227e-05  9.699193597e-06  9.813067688e-06  2.487909624e-06  8.063092651e-06  3.0152
3140  8296.300355  0.6148123237  1.950379979e-05  1.054653093e-05  9.678807235e-06  9.824992553e-06  2.469493223e-06  8.077037705e-06  3.056
3141  8296.500683  0.6146694838  1.954138785e-05  1.056836586e-05  9.747800568e-06  9.793587279e-06  2.495882865e-06  8.072482996e-06  3.1352
3142  8296.700073  0.6146702491  1.950452407e-05  1.054842114e-05  9.691454307e-06  9.813069767e-06  2.485245552e-06  8.063175583e-06  3.145
3143  8296.900215  0.6145706199  1.951106645e-05  1.055301071e-05  9.653606599e-06  9.85745985e-06  2.474967736e-06  8.078042978e-06  3.1128
3144  8297.100122  0.6144359369  1.956070704e-05  1.0581285e-05  9.762260735e-06  9.798446307e-06  2.505482975e-06  8.075802023e-06  3.071
3145  8297.299501  0.6143126938  1.949442282e-05  1.054672855e-05  9.656963756e-06  9.837459069e-06  2.475805549e-06  8.070923002e-06  3.0464
3146  8297.500326  0.6143089935  1.950538166e-05  1.055269647e-05  9.699511607e-06  9.805870056e-06  2.487097642e-06  8.065598827e-06  3.0088
3147  8297.700426  0.6140495593  1.953361206e-05  1.057071157e-05  9.750807544e-06  9.782804511e-06  2.496298725e-06  8.074412847e-06  2.9968
3148  8297.900662  0.6140744428  1.951593057e-05  1.056088035e-05  9.695645194e-06  9.820285373e-06  2.482828646e-06  8.078051706e-06  2.9264
3149  8298.101115  0.6139888341  1.949212765e-05  1.054890264e-05  9.664031719e-06  9.828095929e-06  2.488534796e-06  8.060367847e-06  2.8998
3150  8298.300434  0.6140071681  1.952819304e-05  1.056822704e-05  9.75279475e-06  9.775398293e-06  2.492198782e-06  8.076028255e-06  2.9382
3151  8298.501076  0.6138391839  1.953668401e-05  1.057459838e-05  9.762769132e-06  9.773914878e-06  2.491808646e-06  8.08278973e-06  2.9608
3152  8298.700946  0.61380095  1.948830276e-05  1.054881443e-05  9.692683611e-06  9.795619152e-06  2.485331926e-06  8.063482503e-06  3.0514
3153  8298.899926  0.6137319684  1.950353292e-05  1.055778662e-05  9.6813477e-06  9.822185223e-06  2.483527232e-06  8.074259391e-06  3.1184
3154  8299.100764  0.613610348  1.952625844e-05  1.057137417e-05  9.725121242e-06  9.801137199e-06  2.492797447e-06  8.078576726e-06  3.1154
3155  8299.299873  0.6135688025  1.950543193e-05  1.056053759e-05  9.727764434e-06  9.7776675e-06  2.491143321e-06  8.069394267e-06  3.1292
3156  8299.500613  0.6134477344  1.949552354e-05  1.0556451e-05  9.685723476e-06  9.80980006e-06  2.481398683e-06  8.07505232e-06  3.0854
3157  8299.700422  0.6133945156  1.952954047e-05  1.057543332e-05  9.724201332e-06  9.805339142e-06  2.50249159e-06  8.072941728e-06  3.0932
3158  8299.900119  0.6132085338  1.950498543e-05  1.056410107e-05  9.673621323e-06  9.831364107e-06  2.486440899e-06  8.077660175e-06  3.0194
3159  8300.100334  0.6131660273  1.948842066e-05  1.05555781e-05  9.678845398e-06  9.809575263e-06  2.484149774e-06  8.071428321e-06  3.0056
3160  8300.300148  0.6131887362  1.949361704e-05  1.055815286e-05  9.692886482e-06  9.80073056e-06  2.499017683e-06  8.059135178e-06  2.9516
3161  8300.499895  0.6131281404  1.951615433e-05  1.057100007e-05  9.701421111e-06  9.814733216e-06  2.484828942e-06  8.086171126e-06  2.9354
3162  8300.700888  0.613021455  1.950064034e-05  1.056372379e-05  9.700679121e-06  9.799961222e-06  2.495188286e-06  8.068535509e-06  2.8996
3163  8300.900473  0.6130265089  1.949039616e-05  1.055812104e-05  9.660445174e-06  9.829950986e-06  2.484942724e-06  8.073178317e-06  2.9192
3164  8301.1006  0.6129309753  1.952253677e-05  1.057654226e-05  9.702070339e-06  9.820466428e-06  2.490802262e-06  8.085739999e-06  2.9588
3165  8301.300482  0.6127408217  1.951480809e-05  1.057436573e-05  9.734381318e-06  9.780426775e-06  2.497459824e-06  8.076905908e-06  3.057
3166  8301.500097  0.6127448124  1.948251972e-05  1.055682771e-05  9.661856565e-06  9.820663155e-06  2.475540917e-06  8.08128679e-06  3.082
3167  8301.700616  0.6126436005  1.950536282e-05  1.057027529e-05  9.709317279e-06  9.796045543e-06  2.501665852e-06  8.068609435e-06  3.1458
3168  8301.899911  0.6126594372  1.948100411e-05  1.055690772e-05  9.665611132e-06  9.815392978e-06  2.47534735e-06  8.081560365e-06  3.105
3169  8302.100229  0.6125149296  1.95117616e-05  1.057510351e-05  9.731578208e-06  9.780183396e-06  2.505351909e-06  8.069751603e-06  3.083
3170  8302.300445  0.6124657062  1.949786705e-05  1.056809304e-05  9.668648437e-06  9.829218613e-06  2.49046307e-06  8.077629972e-06  3.0704
3171  8302.500552  0.612394981  1.949049695e-05  1.056484553e-05  9.679067612e-06  9.811429342e-06  2.486119779e-06  8.078725751e-06  3.0012
3172  8302.700693  0.612327573  1.948506991e-05  1.056261578e-05  9.715929031e-06  9.769140879e-06  2.492582639e-06  8.070033137e-06  3.0018
3173  8302.900508  0.6123268327  1.948412156e-05  1.056210951e-05  9.696636916e-06  9.787484647e-06  2.488584616e-06  8.073524892e-06  2.9284
3174  8303.100705  0.6122526736  1.950420994e-05  1.057378329e-05  9.699089275e-06  9.80512067e-06  2.49851597e-06  8.075267322e-06  2.8876
3175  8303.300783  0.6122430379  1.94998945e-05  1.057154563e-05  9.730653434e-06  9.76924107e-06  2.490676683e-06  8.080868951e-06  2.903
3176  8303.501132  0.6121674426  1.947595683e-05  1.055936643e-05  9.661610492e-06  9.814346339e-06  2.485744354e-06  8.073622075e-06  2.9672
3177  8303.701023  0.6120701225  1.950368739e-05  1.057543038e-05  9.690691187e-06  9.812996202e-06  2.492153048e-06  8.083277334e-06  3.017
3178  8303.900684  0.6120021837  1.949037833e-05  1.056893186e-05  9.730931658e-06  9.759446674e-06  2.492649938e-06  8.076281926e-06  3.086
3179  8304.101074  0.6118985019  1.948831258e-05  1.056890743e-05  9.730323718e-06  9.757988859e-06  2.494801262e-06  8.074106164e-06  3.1082
3180  8304.300481  0.6118796281  1.946290436e-05  1.055532725e-05  9.622671367e-06  9.840232996e-06  2.487598431e-06  8.067728821e-06  3.113
3181  8304.499251  0.6117990332  1.948218284e-05  1.056663414e-05  9.686339366e-06  9.795843471e-06  2.489211652e-06  8.077422489e-06  3.0824
3182  8304.69946  0.6118139047  1.948153116e-05  1.056612355e-05  9.686010647e-06  9.795520508e-06  2.492996191e-06  8.073127359e-06  3.0584
3183  8304.899918  0.6116311962  1.948807815e-05  1.057160576e-05  9.689124973e-06  9.798953177e-06  2.49445209e-06  8.077153674e-06  3.0482
3184  8305.100011  0.6117358226  1.946908004e-05  1.056019501e-05  9.633751044e-06  9.835328992e-06  2.483448886e-06  8.076746128e-06  2.9798
3185  8305.299749  0.6115711406  1.948859267e-05  1.057251979e-05  9.701533008e-06  9.787059663e-06  2.498977648e-06  8.073542146e-06  3.0054
3186  8305.500532  0.6114574378  1.945081126e-05  1.055322332e-05  9.617501718e-06  9.833309546e-06  2.484360191e-06  8.068863133e-06  2.9704
3187  8305.70111  0.6114266887  1.948018436e-05  1.056948497e-05  9.679387191e-06  9.800797166e-06  2.494277494e-06  8.07520748e-06  2.9012
3188  8305.900775  0.6114769082  1.947339158e-05  1.056526878e-05  9.698853403e-06  9.774538174e-06  2.491437411e-06  8.073831365e-06  2.9176
3189  8306.100347  0.611329911  1.947993552e-05  1.057037289e-05  9.6760664e-06  9.803869121e-06  2.491623922e-06  8.078748965e-06  2.948
3190  8306.301079  0.6114333742  1.94917801e-05  1.057570584e-05  9.672050915e-06  9.819729183e-06  2.497082038e-06  8.078623805e-06  3.0472
3191  8306.50032  0.6113339977  1.947761191e-05  1.056906883e-05  9.686168369e-06  9.791443537e-06  2.484630344e-06  8.08443849e-06  3.0968
3192  8306.700771  0.611156327  1.946892229e-05  1.056623076e-05  9.684447872e-06  9.784474419e-06  2.493742724e-06  8.072488038e-06  3.0896
3193  8306.899968  0.6112682912  1.947036903e-05  1.056583288e-05  9.683255796e-06  9.787113233e-06  2.497495875e-06  8.068337003e-06  3.1034
3194  8307.099956  0.6111012867  1.94676474e-05  1.05661204e-05  9.671623878e-06  9.796023525e-06  2.486197278e-06  8.079923119e-06  3.0628
3195  8307.300169  0.6111854383  1.947914148e-05  1.05714692e-05  9.722320483e-06  9.756820999e-06  2.49833731e-06  8.073131888e-06  3.0934
3196  8307.50084  0.611068677  1.946233721e-05  1.056358275e-05  9.641999271e-06  9.82033794e-06  2.490800044e-06  8.072782702e-06  3.038
3197  8307.700139  0.6110942887  1.947832395e-05  1.05719891e-05  9.671002646e-06  9.8073213e-06  2.494817306e-06  8.077171798e-06  2.9898
3198  8307.900117  0.6110044475  1.947170984e-05  1.056934878e-05  9.722960216e-06  9.748749628e-06  2.497120386e-06  8.072228391e-06  2.9682
3199  8308.100615  0.6109928206  1.945766455e-05  1.056184772e-05  9.678070897e-06  9.779593657e-06  2.491908114e-06  8.069939605e-06  2.947
3200  8308.301075  0.6108793575  1.947024844e-05  1.056987762e-05  9.702815581e-06  9.767432863e-06  2.494709035e-06  8.07516859e-06  2.8952
3201  8308.500565  0.6109688623  1.944851146e-05  1.055713224e-05  9.666315928e-06  9.782195532e-06  2.487004256e-06  8.070127984e-06  2.9744
3202  8308.70069  0.6109149639  1.947832667e-05  1.057388657e-05  9.726066525e-06  9.752260141e-06  2.494421724e-06  8.079464847e-06  2.9858
3203  8308.900763  0.6108155935  1.947657309e-05  1.057398532e-05  9.683755728e-06  9.792817361e-06  2.497432415e-06  8.076552908e-06  3.0574
3204  8309.100461  0.6108087635  1.945808053e-05  1.056401772e-05  9.650154915e-06  9.807925617e-06  2.488398329e-06  8.075619391e-06  3.0954
3205  8309.300444  0.6108042187  1.944678294e-05  1.055793211e-05  9.668516803e-06  9.778266139e-06  2.491157334e-06  8.066774777e-06  3.0804
3206  8309.500179  0.6107365932  1.947184253e-05  1.057225224e-05  9.706708779e-06  9.76513375e-06  2.496518015e-06  8.075734227e-06  3.1108
3207  8309.700169  0.6106644131  1.943770862e-05  1.055448101e-05  9.604428401e-06  9.833280219e-06  2.483241472e-06  8.071239534e-06  3.0502
3208  8309.900645  0.6107473929  1.944430862e-05  1.055718867e-05  9.655791687e-06  9.78851693e-06  2.492956171e-06  8.064232497e-06  3.0556
3209  8310.100153  0.6107281986  1.947985562e-05  1.057669175e-05  9.710380617e-06  9.769475007e-06  2.494025995e-06  8.082665751e-06  3.0262
3210  8310.300483  0.6106403822  1.945872044e-05  1.056614412e-05  9.63659589e-06  9.822124551e-06  2.493424837e-06  8.072719287e-06  2.9956
3211  8310.499528  0.6107628784  1.943731195e-05  1.055322644e-05  9.641850055e-06  9.795461891e-06  2.492109794e-06  8.061116644e-06  2.9456
3212  8310.699349  0.6106160725  1.945168286e-05  1.056257947e-05  9.665050899e-06  9.786631963e-06  2.488378303e-06  8.074201166e-06  2.9222
3213  8310.900992  0.6105864073  1.944779862e-05  1.056078354e-05  9.646892222e-06  9.800906393e-06  2.492615697e-06  8.068167846e-06  2.931
3214  8311.100891  0.6107070591  1.944145512e-05  1.055606513e-05  9.662903966e-06  9.778551153e-06  2.487893556e-06  8.068171578e-06  2.9592
3215  8311.300421  0.6105586172  1.942070996e-05  1.054636661e-05  9.670177092e-06  9.750532866e-06  2.483671068e-06  8.062695538e-06  3.0086
3216  8311.500185  0.6106347745  1.942924982e-05  1.055020065e-05  9.647310031e-06  9.781939786e-06  2.496699143e-06  8.053501506e-06  3.0854
3217  8311.700183  0.6106149675  1.941327987e-05  1.054173767e-05  9.627326123e-06  9.785953745e-06  2.482836959e-06  8.058900709e-06  3.0828
3218  8311.900572  0.6105270225  1.938919578e-05  1.052958558e-05  9.655455547e-06  9.733740229e-06  2.487257853e-06  8.042327732e-06  3.0682
3219  8312.099968  0.6105263002  1.939103077e-05  1.053058971e-05  9.636223781e-06  9.754806989e-06  2.488989892e-06  8.041599819e-06  3.0796
3220  8312.29975  0.6104928682  1.939935966e-05  1.053546505e-05  9.662801399e-06  9.736558258e-06  2.485648108e-06  8.049816945e-06  3.0492
3221  8312.499908  0.6105818898  1.937682598e-05  1.052229064e-05  9.636999105e-06  9.739826871e-06  2.491806699e-06  8.030483939e-06  3.08
3222  8312.700241  0.6106900751  1.938763147e-05  1.052701947e-05  9.6185488e-06  9.769082672e-06  2.476714522e-06  8.050304947e-06  2.9634
3223  8312.900166  0.610552116  1.945670629e-05  1.056598301e-05  9.765813149e-06  9.690893141e-06  2.514490419e-06  8.051492594e-06  2.9492
3224  8313.100646  0.6105663164  1.939973573e-05  1.05348955e-05  9.600389326e-06  9.799346408e-06  2.483058169e-06  8.051837328e-06  2.9602
3225  8313.300726  0.6105881235  1.93940964e-05  1.053160343e-05  9.600870477e-06  9.793225924e-06  2.475273675e-06  8.056329754e-06  2.882
3226  8313.500761  0.6105182714  1.945784561e-05  1.056695935e-05  9.746556002e-06  9.711289606e-06  2.511382416e-06  8.055576934e-06  2.9766
3227  8313.701242  0.6104966693  1.944140968e-05  1.055826158e-05  9.656036687e-06  9.785372997e-06  2.482718776e-06  8.075542805e-06  2.9564
3228  8313.901373  0.6105984504  1.942972672e-05  1.055084285e-05  9.664986981e-06  9.764739738e-06  2.48888662e-06  8.061956232e-06  3.0276
3229  8314.099678  0.6106713015  1.945297279e-05  1.056269653e-05  9.702719833e-06  9.750252952e-06  2.493072622e-06  8.069623913e-06  3.0656
3230  8314.300119  0.6106101764  1.946146553e-05  1.056795393e-05  9.668157954e-06  9.793307578e-06  2.498197479e-06  8.069756448e-06  3.1174
3231  8314.500137  0.6106515834  1.943631739e-05  1.055386099e-05  9.648737033e-06  9.787580361e-06  2.496369905e-06  8.057491082e-06  3.1094
3232  8314.700258  0.6106813435  1.941158026e-05  1.054011512e-05  9.610051531e-06  9.801528731e-06  2.478182054e-06  8.061933065e-06  3.0576
3233  8314.90058  0.6106282678  1.945819132e-05  1.056598481e-05  9.699039365e-06  9.759151955e-06  2.507378391e-06  8.05860642e-06  3.0346
3234  8315.100525  0.610783867  1.943177215e-05  1.054999725e-05  9.620370786e-06  9.811401367e-06  2.48300007e-06  8.066997181e-06  3.0244
3235  8315.300012  0.6107268476  1.945267932e-05  1.056195049e-05  9.680914561e-06  9.771764755e-06  2.49532795e-06  8.066622543e-06  2.9994
3236  8315.500626  0.610822979  1.943521435e-05  1.055145341e-05  9.614302661e-06  9.820911691e-06  2.49427267e-06  8.05718074e-06  2.96
3237  8315.699772  0.6108038345  1.945742315e-05  1.056371289e-05  9.669963928e-06  9.787459226e-06  2.495222452e-06  8.068490438e-06  2.9086
3238  8315.90058  0.6108296185  1.943575409e-05  1.055167638e-05  9.659584322e-06  9.776169772e-06  2.491262828e-06  8.060413552e-06  2.8974
3239  8316.100536  0.6108932104  1.94387381e-05  1.055262532e-05  9.667051544e-06  9.77168656e-06  2.489242166e-06  8.063383151e-06  2.956
3240  8316.300417  0.6109236684  1.945334224e-05  1.056023175e-05  9.664053466e-06  9.789288775e-06  2.495271863e-06  8.064959891e-06  3.0136
3241  8316.500448  0.610948166  1.944555148e-05  1.055574395e-05  9.690794921e-06  9.754756558e-06  2.489857916e-06  8.065886036e-06  3.0474
3242  8316.700865  0.6110206308  1.943452026e-05  1.054899135e-05  9.655004335e-06  9.77951593e-06  2.494896268e-06  8.054095086e-06  3.0908
3243  8316.900843  0.6111341336  1.945491319e-05  1.055886203e-05  9.68217508e-06  9.772738106e-06  2.493827522e-06  8.065034512e-06  3.0684
3244  8317.100827  0.6112192952  1.942826612e-05  1.05435018e-05  9.651133548e-06  9.777132567e-06  2.489501694e-06  8.054000103e-06  3.0952
3245  8317.2999  0.6112098238  1.943953503e-05  1.054971723e-05  9.674321568e-06  9.765213464e-06  2.494027712e-06  8.055689519e-06  3.0474
3246  8317.499555  0.6113133045  1.942397405e-05  1.054018162e-05  9.627679388e-06  9.796294663e-06  2.488864729e-06  8.051316891e-06  3.0338
3247  8317.699761  0.6114197448  1.945932853e-05  1.055824241e-05  9.716103177e-06  9.743225354e-06  2.497053643e-06  8.06118877e-06  2.974
3248  8317.899954  0.6115483623  1.942036559e-05  1.053574673e-05  9.639470831e-06  9.780894762e-06  2.48751742e-06  8.048229314e-06  2.957
3249  8318.100536  0.6115660066  1.944884405e-05  1.055101042e-05  9.69313726e-06  9.755706787e-06  2.498625337e-06  8.052385082e-06  2.92
3250  8318.300269  0.6116698339  1.945664514e-05  1.055414665e-05  9.671247948e-06  9.785397192e-06  2.499627707e-06  8.054518945e-06  2.9086
3251  8318.500626  0.6117981221  1.942061597e-05  1.053325145e-05  9.646767886e-06  9.773848081e-06  2.475860648e-06  8.057390805e-06  2.9326
3252  8318.700472  0.6118930232  1.944402976e-05  1.054494973e-05  9.679832715e-06  9.764197049e-06  2.497535424e-06  8.047414306e-06  2.9824
3253  8318.901077  0.6120403397  1.944450893e-05  1.054365622e-05  9.676854234e-06  9.767654695e-06  2.492903785e-06  8.050752439e-06  3.0414
3254  8319.100815  0.6120119379  1.942581338e-05  1.053381786e-05  9.665902973e-06  9.75991041e-06  2.485860644e-06  8.047957218e-06  3.0722
3255  8319.301122  0.6122865759  1.942060159e-05  1.052809991e-05  9.604671891e-06  9.815929702e-06  2.488563488e-06  8.039536422e-06  3.098
3256  8319.499692  0.6123212895  1.946029101e-05  1.054924973e-05  9.698413905e-06  9.761877107e-06  2.490352125e-06  8.058897602e-06  3.0572
3257  8319.700236  0.6125510854  1.944126959e-05  1.053651686e-05  9.658516847e-06  9.782752743e-06  2.496969793e-06  8.039547066e-06  3.08
3258  8319.900974  0.6126165669  1.940930266e-05  1.051850306e-05  9.585749476e-06  9.823553186e-06  2.476697721e-06  8.041805343e-06  3.0392
3259  8320.100656  0.6129319975  1.942915049e-05  1.052593849e-05  9.642287367e-06  9.78686312e-06  2.493340647e-06  8.032597843e-06  2.9942
3260  8320.299976  0.6129612491  1.94576594e-05  1.054107513e-05  9.705578486e-06  9.752080917e-06  2.491846339e-06  8.049228795e-06  3.0026
3261  8320.500609  0.6131202577  1.93913078e-05  1.050345926e-05  9.56499207e-06  9.826315729e-06  2.475562802e-06  8.027896459e-06  2.9338
3262  8320.700758  0.6133211803  1.943498964e-05  1.052500496e-05  9.646545698e-06  9.788443944e-06  2.490353519e-06  8.034651443e-06  2.9194
3263  8320.899852  0.6135672068  1.947274438e-05  1.054285687e-05  9.7064893e-06  9.766255083e-06  2.49169422e-06  8.051162654e-06  2.9022
3264  8321.10076  0.6136276653  1.942279343e-05  1.051517687e-05  9.644544307e-06  9.778249122e-06  2.484877478e-06  8.030299396e-06  2.9436
3265  8321.300435  0.6139978367  1.941763602e-05  1.050849408e-05  9.633156786e-06  9.784479236e-06  2.480507911e-06  8.027986165e-06  3.01
3266  8321.500188  0.6141027505  1.944017708e-05  1.05195892e-05  9.679606395e-06  9.760570683e-06  2.483352699e-06  8.036236505e-06  3.0436
3267  8321.700975  0.61439026  1.943376226e-05  1.051309493e-05  9.642494844e-06  9.79126742e-06  2.486666831e-06  8.026428099e-06  3.09
3268  8321.900598  0.6145917092  1.943267797e-05  1.051039084e-05  9.658927793e-06  9.773750181e-06  2.485540682e-06  8.024850156e-06  3.0696
3269  8322.100389  0.6147947804  1.942403846e-05  1.050358486e-05  9.63848182e-06  9.785556639e-06  2.482084896e-06  8.021499968e-06  3.087
3270  8322.300114  0.6151275049  1.945324225e-05  1.05158774e-05  9.693100175e-06  9.760142075e-06  2.491570395e-06  8.024307001e-06  3.0534
3271  8322.499971  0.6153508574  1.941008317e-05  1.049020353e-05  9.630191326e-06  9.779891842e-06  2.474986315e-06  8.015217216e-06  3.0406
3272  8322.700987  0.6156723952  1.943308555e-05  1.049925875e-05  9.681199221e-06  9.751886329e-06  2.488636747e-06  8.010621999e-06  2.9794
3273  8322.900103  0.6159957198  1.941316572e-05  1.048510587e-05  9.600403996e-06  9.812761727e-06  2.478269027e-06  8.006836843e-06  2.951
3274  8323.10014  0.6163307827  1.944188016e-05  1.049709684e-05  9.704578146e-06  9.73730201e-06  2.480316812e-06  8.016780028e-06  2.936
3275  8323.300805  0.6166760761  1.942177014e-05  1.04826188e-05  9.64867626e-06  9.773093878e-06  2.486543997e-06  7.9960748e-06  2.934
3276  8323.500945  0.6170136768  1.943182612e-05  1.048450619e-05  9.654491236e-06  9.777334886e-06  2.475273158e-06  8.009233036e-06  2.9364
3277  8323.700878  0.617294332  1.944326646e-05  1.048773501e-05  9.684028497e-06  9.75923796e-06  2.47817671e-06  8.009558304e-06  2.9608
3278  8323.90078  0.6177853171  1.942744528e-05  1.047405717e-05  9.654956324e-06  9.772488958e-06  2.476789284e-06  7.99726789e-06  3.0578
3279  8324.100911  0.6181877924  1.940245676e-05  1.045637565e-05  9.605467516e-06  9.796989239e-06  2.466538118e-06  7.989837533e-06  3.029
3280  8324.299893  0.6186469525  1.944207312e-05  1.047291586e-05  9.696096278e-06  9.74597684e-06  2.487135026e-06  7.985780833e-06  3.091
3281  8324.499941  0.6191547794  1.942011743e-05  1.045577785e-05  9.646158498e-06  9.773958933e-06  2.464023553e-06  7.991754302e-06  3.0698
3282  8324.700322  0.6196241319  1.944110596e-05  1.046216647e-05  9.648069369e-06  9.793036592e-06  2.477477329e-06  7.984689139e-06  3.0592
3283  8324.900278  0.6201178454  1.942780719e-05  1.044984927e-05  9.62902376e-06  9.798783426e-06  2.474308922e-06  7.975540349e-06  3.0454
3284  8325.100308  0.6206825781  1.940388815e-05  1.043109123e-05  9.608270967e-06  9.795617182e-06  2.461948872e-06  7.96914236e-06  2.9964
3285  8325.300073  0.6212242268  1.944238917e-05  1.044612885e-05  9.681966146e-06  9.760423024e-06  2.476337878e-06  7.969790967e-06  3.002
3286  8325.50048  0.6218463276  1.941805624e-05  1.042656671e-05  9.613401882e-06  9.804654362e-06  2.463431888e-06  7.963134817e-06  2.9688
3287  8325.701179  0.6224729783  1.942498978e-05  1.042375558e-05  9.647336725e-06  9.777653054e-06  2.468994023e-06  7.954761557e-06  2.9224
3288  8325.900825  0.6232055949  1.942613404e-05  1.041673534e-05  9.666795196e-06  9.759338845e-06  2.465450112e-06  7.951285228e-06  2.9438
3289  8326.100526  0.6239222926  1.943408255e-05  1.041353148e-05  9.644990048e-06  9.7890925e-06  2.460143784e-06  7.953387697e-06  2.9498
3290  8326.300617  0.6246250987  1.944193404e-05  1.041041953e-05  9.664029012e-06  9.777905025e-06  2.462813747e-06  7.947605787e-06  3.006
3291  8326.500075  0.6254929657  1.940630591e-05  1.038232763e-05  9.636591776e-06  9.769714131e-06  2.457312417e-06  7.925015211e-06  3.0646
3292  8326.700831  0.6263221774  1.943028517e-05  1.038654027e-05  9.697403305e-06  9.732881869e-06  2.462315677e-06  7.92422459e-06  3.046
3293  8326.90092  0.6273699702  1.943094086e-05  1.037601316e-05  9.657798295e-06  9.773142563e-06  2.458245343e-06  7.917767814e-06  3.0702
3294  8327.100314  0.6284874904  1.940149276e-05  1.034871667e-05  9.593173168e-06  9.808319592e-06  2.441586354e-06  7.90713032e-06  3.0514
3295  8327.300231  0.6294636882  1.944286029e-05  1.036066303e-05  9.693429311e-06  9.749430974e-06  2.460821533e-06  7.899841499e-06  3.0026
3296  8327.500166  0.6306507179  1.9433595e-05  1.034344051e-05  9.676896392e-06  9.756698608e-06  2.452488258e-06  7.890952251e-06  3.0532
3297  8327.700676  0.6318847346  1.93911685e-05  1.030813094e-05  9.597210642e-06  9.793957856e-06  2.432889971e-06  7.875240972e-06  2.9516
3298  8327.900354  0.6334044111  1.943528247e-05  1.031589271e-05  9.700930299e-06  9.734352176e-06  2.448590447e-06  7.867302261e-06  2.974
3299  8328.099637  0.6347584899  1.941807217e-05  1.029281108e-05  9.628541082e-06  9.789531088e-06  2.440759773e-06  7.852051303e-06  2.927
3300  8328.30047  0.6364105806  1.941954908e-05  1.027660202e-05  9.631294728e-06  9.788254352e-06  2.432449199e-06  7.844152822e-06  2.954
3301  8328.500895  0.6383314967  1.941447306e-05  1.025419946e-05  9.665853209e-06  9.748619855e-06  2.429816618e-06  7.824382847e-06  2.9522
3302  8328.700753  0.6402576098  1.945185219e-05  1.025417238e-05  9.718077018e-06  9.733775173e-06  2.426259457e-06  7.827912921e-06  2.967
3303  8328.900385  0.6424058667  1.942699897e-05  1.0219094e-05  9.635932195e-06  9.791066772e-06  2.423788435e-06  7.795305566e-06  3.0396
3304  8329.100482  0.6449697044  1.940347377e-05  1.01805843e-05  9.617985671e-06  9.785488098e-06  2.409441072e-06  7.771143223e-06  3.0758
3305  8329.299932  0.6476113379  1.941971102e-05  1.016222327e-05  9.662049045e-06  9.757661977e-06  2.40723292e-06  7.754990354e-06  3.031
3306  8329.49994  0.6507212771  1.943237218e-05  1.013727341e-05  9.681326413e-06  9.751045762e-06  2.408834149e-06  7.728439256e-06  3.065
3307  8329.700093  0.6543699284  1.939973326e-05  1.008338871e-05  9.594433513e-06  9.805299746e-06  2.386294295e-06  7.697094418e-06  3.0226
3308  8329.90053  0.658582375  1.942154446e-05  1.005229146e-05  9.633598768e-06  9.787945692e-06  2.380558184e-06  7.671733272e-06  3.0364
3309  8330.100199  0.6630542976  1.944404653e-05  1.00190335e-05  9.687527456e-06  9.756519071e-06  2.385015472e-06  7.634018033e-06  3.0136
3310  8330.301192  0.6687659346  1.940583345e-05  9.942393432e-06  9.596353608e-06  9.809479842e-06  2.351155539e-06  7.591237893e-06  2.96
3311  8330.500663  0.6753419138  1.940614597e-05  9.877386029e-06  9.645016129e-06  9.761129843e-06  2.34620133e-06  7.531184699e-06  2.9598
3312  8330.700829  0.6834940847  1.94192298e-05  9.803796584e-06  9.654232607e-06  9.764997191e-06  2.328428518e-06  7.475368066e-06  2.9482
3313  8330.900818  0.6933112487  1.943996429e-05  9.718387539e-06  9.681781833e-06  9.758182461e-06  2.306726682e-06  7.411660857e-06  2.9504
3314  8331.100881  0.705955488  1.93876639e-05  9.570462134e-06  9.59147829e-06  9.796185606e-06  2.274386216e-06  7.296075917e-06  2.9706
3315  8331.300517  0.7208809533  1.942529121e-05  9.446978306e-06  9.67253365e-06  9.752757561e-06  2.238968545e-06  7.208009761e-06  2.996
3316  8331.50083  0.7390503013  1.94594059e-05  9.29317487e-06  9.729802272e-06  9.72960363e-06  2.224918511e-06  7.068256359e-06  3.0154
3317  8331.70061  0.7625854605  1.93932649e-05  9.046160151e-06  9.59805598e-06  9.795208915e-06  2.144716294e-06  6.901443857e-06  3.0522
3318  8331.90036  0.788677586  1.939603603e-05  8.814438637e-06  9.6169977e-06  9.779038335e-06  2.100921088e-06  6.713517549e-06  3.0206
3319  8332.099883  0.8181364036  1.942709128e-05  8.572266324e-06  9.701618001e-06  9.725473282e-06  2.054183073e-06  6.518083251e-06  3.0578
3320  8332.300025  0.8514745512  1.941723413e-05  8.286987204e-06  9.659091368e-06  9.758142762e-06  1.974945574e-06  6.31204163e-06  3.0226
3321  8332.500936  0.8873726589  1.939556205e-05  7.985853154e-06  9.621318632e-06  9.774243414e-06  1.915390575e-06  6.070462579e-06  2.9946
3322  8332.700373  0.9241956768  1.940069326e-05  7.699174563e-06  9.610550563e-06  9.790142695e-06  1.840880394e-06  5.858294169e-06  3.0012
3323  8332.900198  0.9600213269  1.944177022e-05  7.443956749e-06  9.709804767e-06  9.731965452e-06  1.791324293e-06  5.652632456e-06  2.9614
3324  8333.100414  0.9970085556  1.939514807e-05  7.156452373e-06  9.645548028e-06  9.749600039e-06  1.71845685e-06  5.437995523e-06  2.951
3325  8333.300349  1.032847678  1.939383447e-05  6.904045378e-06  9.639897907e-06  9.75393656e-06  1.658227066e-06  5.245818312e-06  2.9374
3326  8333.500493  1.067466869  1.941884015e-05  6.677721707e-06  9.655028421e-06  9.76381173e-06  1.610114188e-06  5.067607519e-06  2.9608
3327  8333.700313  1.100622823  1.940450412e-05  6.455176629e-06  9.652320171e-06  9.752183953e-06  1.549135759e-06  4.90604087e-06  2.9796
3328  8333.900603  1.131884005  1.939934561e-05  6.254838529e-06  9.622952159e-06  9.776393454e-06  1.50950639e-06  4.745332139e-06  3.0172
3329  8334.101271  1.161087908  1.942566273e-05  6.083055414e-06  9.663714285e-06  9.761948443e-06  1.467916736e-06  4.615138678e-06  3.0122
3330  8334.300583  1.18862034  1.941017417e-05  5.913140216e-06  9.650507811e-06  9.759666354e-06  1.425805037e-06  4.48733518e-06  3.0136
3331  8334.500294  1.213861397  1.938721339e-05  5.758933767e-06  9.607779185e-06  9.779434204e-06  1.387215932e-06  4.371717834e-06  3.0032
3332  8334.700216  1.236342993  1.941014654e-05  5.637569051e-06  9.679323121e-06  9.730823416e-06  1.365595052e-06  4.271973999e-06  3.0396
3333  8334.900275  1.257330501  1.939029249e-05  5.514836756e-06  9.605527242e-06  9.784765244e-06  1.328993289e-06  4.185843468e-06  3.0002
3334  8335.099968  1.275309644  1.938599885e-05  5.415371331e-06  9.613989825e-06  9.772009027e-06  1.306216433e-06  4.109154898e-06  2.9872
3335  8335.300069  1.291482153  1.940206126e-05  5.332910544e-06  9.644972122e-06  9.757089136e-06  1.291634486e-06  4.041276058e-06  2.9906
3336  8335.500552  1.305607242  1.942006704e-05  5.262991931e-06  9.661822706e-06  9.758244334e-06  1.272926588e-06  3.990065343e-06  2.9624
3337  8335.700737  1.318172038  1.937236786e-05  5.184511769e-06  9.58013374e-06  9.792234119e-06  1.251212932e-06  3.933298837e-06  2.9732
3338  8335.899914  1.328941686  1.939385892e-05  5.134665906e-06  9.64197769e-06  9.751881227e-06  1.238598784e-06  3.896067123e-06  2.984
3339  8336.100719  1.338799979  1.940487023e-05  5.087182282e-06  9.64590111e-06  9.758969121e-06  1.233295018e-06  3.853887264e-06  2.983
3340  8336.299376  1.34775489  1.937880587e-05  5.035058266e-06  9.612842276e-06  9.765963594e-06  1.215150061e-06  3.819908205e-06  3.0266
3341  8336.500313  1.355892184  1.939511768e-05  4.998456599e-06  9.674326363e-06  9.720791316e-06  1.210692519e-06  3.787764081e-06  2.9518
3342  8336.700094  1.363718957  1.939738294e-05  4.960066759e-06  9.640589371e-06  9.756793569e-06  1.199814995e-06  3.760251764e-06  3.0482
3343  8336.900861  1.371318541  1.94025201e-05  4.923818851e-06  9.635624166e-06  9.766895933e-06  1.191744069e-06  3.732074782e-06  3.0156
3344  8337.100918  1.379128422  1.937172393e-05  4.877759772e-06  9.620958477e-06  9.750765453e-06  1.178190133e-06  3.699569639e-06  3.005
3345  8337.300841  1.387188178  1.939116297e-05  4.843459642e-06  9.665425198e-06  9.725737769e-06  1.173379945e-06  3.670079696e-06  3.0236
3346  8337.50092  1.396556772  1.937873764e-05  4.795220513e-06  9.61477816e-06  9.763959482e-06  1.162906399e-06  3.632314114e-06  3.0034
3347  8337.700677  1.406757914  1.937902182e-05  4.746622047e-06  9.640978487e-06  9.738043331e-06  1.146080414e-06  3.600541633e-06  2.9816
3348  8337.900467  1.418460545  1.938036144e-05  4.691722153e-06  9.625404153e-06  9.754957289e-06  1.138421385e-06  3.553300768e-06  2.9786
3349  8338.099946  1.431667365  1.938441772e-05  4.631135879e-06  9.61714162e-06  9.767276099e-06  1.121010046e-06  3.510125833e-06  2.9578
3350  8338.300182  1.445252056  1.938474761e-05  4.568726474e-06  9.639058748e-06  9.745688865e-06  1.106270891e-06  3.462455582e-06  2.9664
3351  8338.500506  1.460544083  1.935868621e-05  4.493343754e-06  9.61159211e-06  9.747094105e-06  1.089195544e-06  3.40414821e-06  2.9942
3352  8338.700453  1.476169247  1.938277566e-05  4.429184902e-06  9.660793763e-06  9.721981894e-06  1.074145748e-06  3.355039154e-06  2.9544
3353  8338.900336  1.492354523  1.936762286e-05  4.354667348e-06  9.594639406e-06  9.77298345e-06  1.056595291e-06  3.298072057e-06  3.0232
3354  8339.100637  1.507922246  1.936464533e-05  4.286740919e-06  9.613799411e-06  9.750845919e-06  1.036684106e-06  3.250056812e-06  2.9906
3355  8339.300618  1.523319361  1.937725433e-05  4.223991609e-06  9.612807217e-06  9.764447117e-06  1.02783601e-06  3.196155599e-06  3.0226
3356  8339.500576  1.537837425  1.939289669e-05  4.166471124e-06  9.655186035e-06  9.737710652e-06  1.011361586e-06  3.155109538e-06  3.0154
3357  8339.700477  1.552203969  1.934185219e-05  4.096231016e-06  9.564194361e-06  9.777657827e-06  9.931622823e-07  3.103068733e-06  3.0022
3358  8339.899677  1.56534773  1.937461359e-05  4.049591052e-06  9.627748407e-06  9.746865181e-06  9.855156325e-07  3.064075419e-06  3.0114
3359  8340.100311  1.578730343  1.935536702e-05  3.99178861e-06  9.576269786e-06  9.779097239e-06  9.670725505e-07  3.024716059e-06  3.001
3360  8340.30057  1.591074648  1.938033609e-05  3.947902006e-06  9.647227696e-06  9.733108392e-06  9.612858876e-07  2.986616119e-06  2.9746
3361  8340.500088  1.603574081  1.935501291e-05  3.893768169e-06  9.596512534e-06  9.758500379e-06  9.447717506e-07  2.948996419e-06  2.97
3362  8340.700355  1.616136704  1.936758743e-05  3.847656313e-06  9.608646082e-06  9.758941346e-06  9.34310126e-07  2.913346187e-06  3.0078
3363  8340.900841  1.628723795  1.93786468e-05  3.801698669e-06  9.622412462e-06  9.756234338e-06  9.249810198e-07  2.876717649e-06  2.9884
3364  8341.100467  1.64167724  1.935948639e-05  3.749060639e-06  9.660533605e-06  9.698952782e-06  9.107769274e-07  2.838283711e-06  2.9878
3365  8341.30046  1.655926421  1.934140035e-05  3.692565498e-06  9.602492242e-06  9.738908109e-06  8.983727966e-07  2.794192701e-06  2.9972
3366  8341.500488  1.670784219  1.936555083e-05  3.642650363e-06  9.607055259e-06  9.758495572e-06  8.855017475e-07  2.757148616e-06  3.0128
3367  8341.69993  1.686481263  1.935021917e-05  3.583078986e-06  9.613452164e-06  9.736767005e-06  8.715188543e-07  2.711560132e-06  3.0116
3368  8341.900303  1.702766683  1.936456741e-05  3.527813561e-06  9.654478305e-06  9.710089101e-06  8.597975999e-07  2.668015961e-06  3.0068
3369  8342.100189  1.721637417  1.934096718e-05  3.457646243e-06  9.556806564e-06  9.784160614e-06  8.395827611e-07  2.618063482e-06  3.0032
3370  8342.300668  1.73970242  1.938539563e-05  3.403545084e-06  9.719898725e-06  9.665496903e-06  8.3179917e-07  2.571745914e-06  2.9686
3371  8342.500483  1.761246274  1.932813528e-05  3.321164742e-06  9.576212398e-06  9.751922884e-06  8.081362e-07  2.513028542e-06  3.0376
3372  8342.699847  1.782796686  1.933804427e-05  3.252024337e-06  9.594774166e-06  9.743270102e-06  7.903350264e-07  2.461689311e-06  2.9638
3373  8342.899851  1.805502733  1.935365096e-05  3.181581338e-06  9.641836798e-06  9.711814166e-06  7.779208792e-07  2.403660458e-06  2.993
3374  8343.099472  1.829729185  1.934999757e-05  3.104842871e-06  9.64362178e-06  9.706375787e-06  7.574604105e-07  2.347382461e-06  2.9838
3375  8343.299854  1.85564624  1.933838149e-05  3.023592092e-06  9.585074085e-06  9.753307407e-06  7.366376974e-07  2.286954395e-06  2.9484
3376  8343.499915  1.882075535  1.936235174e-05  2.948377482e-06  9.621606827e-06  9.740744909e-06  7.196097056e-07  2.228767776e-06  3.0006
3377  8343.700667  1.909380335  1.934618918e-05  2.866566933e-06  9.622580253e-06  9.723608926e-06  6.991780044e-07  2.167388929e-06  2.9824
3378  8343.901613  1.937716606  1.931033038e-05  2.781314338e-06  9.568272661e-06  9.742057723e-06  6.789748301e-07  2.102339508e-06  2.9792
3379  8344.101028  1.966265665  1.933442566e-05  2.706405997e-06  9.610526937e-06  9.723898719e-06  6.595122934e-07  2.046893703e-06  2.99
3380  8344.30091  1.995625435  1.934491386e-05  2.629527311e-06  9.614650528e-06  9.730263331e-06  6.43649269e-07  1.985878042e-06  2.984
3381  8344.50038  2.026101001  1.930465065e-05  2.54529112e-06  9.552487979e-06  9.752162667e-06  6.203911348e-07  1.924899985e-06  3.0084
3382  8344.700171  2.05593447  1.932920941e-05  2.473620638e-06  9.577227194e-06  9.751982221e-06  6.046155527e-07  1.869005086e-06  3.0038
3383  8344.900392  2.086174569  1.934211617e-05  2.401540327e-06  9.632091017e-06  9.710025156e-06  5.882700232e-07  1.813270304e-06  3.0202
3384  8345.101172  2.118064531  1.928687399e-05  2.319519911e-06  9.560713242e-06  9.726160745e-06  5.652342831e-07  1.754285627e-06  2.9908
3385  8345.30074  2.148757096  1.929423503e-05  2.250267845e-06  9.597543962e-06  9.696691064e-06  5.524840722e-07  1.697783773e-06  2.9934
3386  8345.500562  2.180823212  1.927661482e-05  2.177264957e-06  9.561596649e-06  9.715018169e-06  5.314685904e-07  1.645796367e-06  2.9956
3387  8345.700706  2.211891191  1.923700224e-05  2.10632439e-06  9.545781062e-06  9.69122118e-06  5.157072648e-07  1.590617126e-06  2.992
3388  8345.900351  2.24298762  1.919718463e-05  2.037606865e-06  9.536285272e-06  9.660899358e-06  4.989083287e-07  1.538698537e-06  2.972
3389  8346.099456  2.27449997  1.916935025e-05  1.971535523e-06  9.527432619e-06  9.641917626e-06  4.825401946e-07  1.488995328e-06  2.9834
3390  8346.299864  2.304663355  1.914072421e-05  1.910098607e-06  9.548168694e-06  9.592555513e-06  4.702811273e-07  1.43981748e-06  2.9824
3391  8346.499629  2.337311076  1.904591916e-05  1.839588279e-06  9.396993052e-06  9.648926109e-06  4.473494224e-07  1.392238856e-06  3.0298
3392  8346.700832  2.365974453  1.905511199e-05  1.78847081e-06  9.492801331e-06  9.562310657e-06  4.403761271e-07  1.348094682e-06  2.9586
3393  8346.900569  2.395089515  1.904111881e-05  1.735874418e-06  9.483257026e-06  9.557861787e-06  4.2585105e-07  1.310023368e-06  2.9916
3394  8347.100898  2.422824751  1.903883904e-05  1.688188907e-06  9.478083088e-06  9.560755949e-06  4.135238545e-07  1.274665053e-06  2.9854
3395  8347.300655  2.447769652  1.903711293e-05  1.646448814e-06  9.473401908e-06  9.563711026e-06  4.060392572e-07  1.240409557e-06  2.9828
3396  8347.500056  2.472355267  1.903957621e-05  1.60667127e-06  9.444562276e-06  9.595013936e-06  3.93249766e-07  1.213421504e-06  3.0022
3397  8347.700135  2.492997496  1.908163096e-05  1.577322275e-06  9.537572029e-06  9.544058934e-06  3.896278663e-07  1.187694409e-06  2.9798
3398  8347.899952  2.512971222  1.9056552e-05  1.544097748e-06  9.443960683e-06  9.612591318e-06  3.782535992e-07  1.165844148e-06  2.995
3399  8348.099248  2.528967214  1.911167034e-05  1.523990079e-06  9.50981868e-06  9.601851663e-06  3.748131773e-07  1.149176901e-06  2.9372
3400  8348.29992  2.543169311  1.916437196e-05  1.506642428e-06  9.568362275e-06  9.596009688e-06  3.718160204e-07  1.134826408e-06  3.0236
3401  8348.500413  2.555553694  1.918070232e-05  1.489366694e-06  9.507234532e-06  9.673467793e-06  3.642351543e-07  1.12513154e-06  2.9862
3402  8348.701014  2.564861089  1.926304912e-05  1.48190381e-06  9.586940849e-06  9.676108272e-06  3.65397307e-07  1.116506503e-06  2.965
3403  8348.899752  2.572803966  1.928215219e-05  1.471637822e-06  9.546988992e-06  9.7351632e-06  3.604236891e-07  1.111214133e-06  2.975
3404  8349.100088  2.578269899  1.931426408e-05  1.466053351e-06  9.621810268e-06  9.692453814e-06  3.603188116e-07  1.10573454e-06  2.9558
3405  8349.300631  2.58252365  1.930491742e-05  1.459123922e-06  9.56363171e-06  9.741285711e-06  3.58080056e-07  1.101043866e-06  3.0092
3406  8349.500065  2.585141448  1.932868058e-05  1.457100621e-06  9.580560164e-06  9.74812042e-06  3.563931655e-07  1.100707456e-06  2.9706
3407  8349.699861  2.586588472  1.933462369e-05  1.455441063e-06  9.620588809e-06  9.714034881e-06  3.580957581e-07  1.097345304e-06  2.9982
3408  8349.899895  2.586814589  1.932971866e-05  1.45474285e-06  9.573823035e-06  9.755895621e-06  3.565038003e-07  1.09823905e-06  3.0104
3409  8350.100787  2.58587242  1.932901738e-05  1.456061282e-06  9.560905715e-06  9.768111665e-06  3.570930352e-07  1.098968247e-06  2.9494
3410  8350.300434  2.584208735  1.934315348e-05  1.459552375e-06  9.654768108e-06  9.688385368e-06  3.585625014e-07  1.100989874e-06  2.9856
3411  8350.500412  2.581246709  1.931226077e-05  1.461544069e-06  9.576616991e-06  9.735643784e-06  3.579921562e-07  1.103551913e-06  2.9782
3412  8350.701055  2.577812649  1.930835967e-05  1.466275478e-06  9.5595347e-06  9.748824971e-06  3.598215756e-07  1.106453902e-06  2.9798
3413  8350.900668  2.574092666  1.935530911e-05  1.47531878e-06  9.663850159e-06  9.691458951e-06  3.626657694e-07  1.112653011e-06  2.9752
3414  8351.100387  2.56924581  1.931477204e-05  1.479381928e-06  9.589174988e-06  9.725597054e-06  3.620377359e-07  1.117344192e-06  2.9654
3415  8351.300597  2.564355524  1.932375078e-05  1.487325329e-06  9.600662511e-06  9.723088269e-06  3.653252422e-07  1.122000087e-06  3.0076
3416  8351.500969  2.559032449  1.934155528e-05  1.496641286e-06  9.609883626e-06  9.731671651e-06  3.677351634e-07  1.128906123e-06  2.9992
3417  8351.700987  2.553666282  1.932619146e-05  1.503498858e-06  9.624898514e-06  9.701292947e-06  3.684321666e-07  1.135066692e-06  2.979
3418  8351.900566  2.548203066  1.929752922e-05  1.509493256e-06  9.580464045e-06  9.717065175e-06  3.708035787e-07  1.138689677e-06  2.9986
3419  8352.10028  2.542837046  1.930803261e-05  1.518441015e-06  9.567334348e-06  9.740698258e-06  3.71530136e-07  1.146910879e-06  2.9828
3420  8352.300561  2.53779058  1.932024465e-05  1.527088393e-06  9.636183831e-06  9.684060816e-06  3.756578895e-07  1.151430504e-06  3.013
3421  8352.500022  2.532837883  1.92788038e-05  1.531378577e-06  9.580917103e-06  9.697886693e-06  3.75934014e-07  1.155444563e-06  2.9916
3422  8352.700358  2.528258343  1.926070092e-05  1.536963098e-06  9.525888558e-06  9.734812359e-06  3.762277181e-07  1.16073538e-06  2.9796
3423  8352.899986  2.524961859  1.926171293e-05  1.542119055e-06  9.589892486e-06  9.671820446e-06  3.80488048e-07  1.161631007e-06  2.9902
3424  8353.100523  2.521620473  1.919848746e-05  1.542201629e-06  9.530795324e-06  9.667692136e-06  3.768607617e-07  1.165340867e-06  2.9668
3425  8353.300625  2.519681022  1.919504095e-05  1.544918163e-06  9.538050051e-06  9.656990899e-06  3.800675363e-07  1.164850627e-06  2.9686
3426  8353.49999  2.518669884  1.919436656e-05  1.546426744e-06  9.521925027e-06  9.672441531e-06  3.795822555e-07  1.166844489e-06  2.9642
3427  8353.700244  2.518420399  1.918794729e-05  1.546295295e-06  9.525719336e-06  9.662227954e-06  3.783430326e-07  1.167952263e-06  2.9528
3428  8353.900629  2.519885229  1.919764988e-05  1.544812649e-06  9.48956162e-06  9.708088263e-06  3.801512355e-07  1.164661414e-06  2.9534
3429  8354.09998  2.522207941  1.923463087e-05  1.544197572e-06  9.515654074e-06  9.718976794e-06  3.766068252e-07  1.167590747e-06  2.9588
3430  8354.300363  2.525889651  1.92942419e-05  1.543290851e-06  9.632191378e-06  9.66205052e-06  3.811798737e-07  1.162110978e-06  2.9768
3431  8354.500271  2.531218958  1.924756921e-05  1.531374686e-06  9.498217273e-06  9.749351935e-06  3.737790927e-07  1.157595593e-06  2.9884
3432  8354.699861  2.537216628  1.929491008e-05  1.525961505e-06  9.590681964e-06  9.704228116e-06  3.751210259e-07  1.150840479e-06  2.9944
3433  8354.900402  2.54504589  1.930953878e-05  1.515208907e-06  9.581860514e-06  9.727678267e-06  3.716801488e-07  1.143528758e-06  3.0116
3434  8355.100831  2.553514439  1.928153134e-05  1.500252269e-06  9.572417624e-06  9.709113716e-06  3.678389684e-07  1.132413301e-06  2.9812
3435  8355.300904  2.562840679  1.929346315e-05  1.487245368e-06  9.591014913e-06  9.702448237e-06  3.66358533e-07  1.120886835e-06  2.98
3436  8355.500063  2.573518981  1.928138351e-05  1.470527331e-06  9.534128189e-06  9.747255325e-06  3.595052719e-07  1.111022059e-06  3.0018
3437  8355.700214  2.583881281  1.926426259e-05  1.454075668e-06  9.596326952e-06  9.667935634e-06  3.581245435e-07  1.095951125e-06  2.9934
3438  8355.89959  2.595064657  1.919062879e-05  1.43240868e-06  9.517459168e-06  9.673169624e-06  3.510907661e-07  1.081317914e-06  2.9916
3439  8356.100324  2.606489187  1.915832071e-05  1.413753093e-06  9.501963383e-06  9.656357324e-06  3.474758373e-07  1.066277256e-06  2.9774
3440  8356.299767  2.617355541  1.91185316e-05  1.395569485e-06  9.529265338e-06  9.58926626e-06  3.435245062e-07  1.052044978e-06  2.9948
3441  8356.500645  2.628385856  1.903382744e-05  1.374145292e-06  9.444256114e-06  9.589571326e-06  3.36640623e-07  1.037504669e-06  3.005
3442  8356.699966  2.638102581  1.901084861e-05  1.359214847e-06  9.42944256e-06  9.581406052e-06  3.351457055e-07  1.024069142e-06  2.9594
3443  8356.899569  2.647343641  1.901123252e-05  1.346739315e-06  9.4614957e-06  9.549736817e-06  3.300563761e-07  1.016682938e-06  2.9788
3444  8357.100161  2.654842177  1.900330866e-05  1.336121384e-06  9.476752903e-06  9.526555753e-06  3.291276785e-07  1.006993705e-06  2.9932
3445  8357.301206  2.6618204  1.902339706e-05  1.328232679e-06  9.422069409e-06  9.601327647e-06  3.26330893e-07  1.001901786e-06  2.99
3446  8357.500881  2.667019723  1.911238337e-05  1.327525584e-06  9.504190223e-06  9.608193151e-06  3.255883357e-07  1.001937249e-06  2.9682
3447  8357.700439  2.670426202  1.917974218e-05  1.327673848e-06  9.546935399e-06  9.632806778e-06  3.275721232e-07  1.000101725e-06  3.0014
3448  8357.90011  2.672786535  1.921331815e-05  1.326862532e-06  9.51058932e-06  9.70272883e-06  3.24674089e-07  1.002188443e-06  3.0074
3449  8358.100713  2.673621327  1.928854421e-05  1.330946081e-06  9.609491685e-06  9.679052529e-06  3.28670085e-07  1.002275996e-06  2.9746
3450  8358.300256  2.673008667  1.92873416e-05  1.331678715e-06  9.570293845e-06  9.717047757e-06  3.271376303e-07  1.004541085e-06  2.9634
3451  8358.500656  2.671479752  1.9257116e-05  1.331626201e-06  9.516573912e-06  9.740542085e-06  3.263358302e-07  1.005290371e-06  2.9828
3452  8358.699911  2.668764554  1.92995545e-05  1.338189336e-06  9.595100992e-06  9.704453513e-06  3.292774994e-07  1.008911837e-06  2.9814
3453  8358.900308  2.665212172  1.929146593e-05  1.342388709e-06  9.556860101e-06  9.734605824e-06  3.292346999e-07  1.013154009e-06  2.9844
3454  8359.101183  2.660881385  1.930577249e-05  1.349214753e-06  9.62678479e-06  9.678987702e-06  3.331250534e-07  1.016089699e-06  2.9712
3455  8359.301783  2.655970668  1.928692604e-05  1.354533062e-06  9.534479434e-06  9.752446604e-06  3.318932647e-07  1.022639797e-06  2.9654
3456  8359.500785  2.650567434  1.931644009e-05  1.36395575e-06  9.603655399e-06  9.712784688e-06  3.350469194e-07  1.028908831e-06  2.9672
3457  8359.701304  2.645193898  1.931001654e-05  1.370848724e-06  9.604959187e-06  9.70505735e-06  3.377231832e-07  1.033125541e-06  3.014
3458  8359.90067  2.639307763  1.927485889e-05  1.376430888e-06  9.519596835e-06  9.755262059e-06  3.374051169e-07  1.039025772e-06  2.9878
3459  8360.100238  2.633823324  1.928415621e-05  1.384668157e-06  9.539964392e-06  9.744191814e-06  3.402803395e-07  1.044387817e-06  2.9606
3460  8360.299153  2.628649347  1.933137392e-05  1.395258943e-06  9.681035845e-06  9.650338075e-06  3.432216676e-07  1.052037276e-06  2.987
3461  8360.500285  2.623044375  1.928390516e-05  1.399655932e-06  9.574862707e-06  9.70904245e-06  3.442644355e-07  1.055391497e-06  2.9894
3462  8360.700943  2.617978768  1.928960075e-05  1.407179521e-06  9.530429425e-06  9.759171325e-06  3.457270994e-07  1.061452422e-06  2.9842
3463  8360.8999  2.61344475  1.931722744e-05  1.415598715e-06  9.60033842e-06  9.716889021e-06  3.476704134e-07  1.067928301e-06  2.9612
3464  8361.100746  2.608456972  1.932088784e-05  1.422946627e-06  9.67023885e-06  9.650648992e-06  3.508968321e-07  1.072049794e-06  2.9536
3465  8361.301186  2.604332208  1.926384422e-05  1.424609547e-06  9.497706095e-06  9.766138122e-06  3.499339967e-07  1.07467555e-06  2.9698
3466  8361.500057  2.600413825  1.931496641e-05  1.433998121e-06  9.641915083e-06  9.67305133e-06  3.526011114e-07  1.081397009e-06  2.9334
3467  8361.699762  2.596347553  1.931642759e-05  1.439949943e-06  9.635392386e-06  9.681035206e-06  3.547396891e-07  1.085210254e-06  2.9872
3468  8361.90015  2.59263678  1.928723865e-05  1.443119208e-06  9.55275534e-06  9.734483314e-06  3.541190477e-07  1.089000161e-06  2.9956
3469  8362.100393  2.588834412  1.929702438e-05  1.449351905e-06  9.55439802e-06  9.742626357e-06  3.559895397e-07  1.093362365e-06  2.9728
3470  8362.299998  2.585105057  1.933987808e-05  1.457997806e-06  9.670136163e-06  9.669741913e-06  3.60331767e-07  1.097666039e-06  2.9838
3471  8362.500185  2.580713597  1.927942266e-05  1.459836944e-06  9.577175771e-06  9.702246894e-06  3.579479466e-07  1.101888997e-06  2.9958
3472  8362.70066  2.576440533  1.931070372e-05  1.468467011e-06  9.618019818e-06  9.692683906e-06  3.611368798e-07  1.107330131e-06  2.991
3473  8362.900658  2.571730244  1.929719107e-05  1.47436782e-06  9.553077292e-06  9.744113783e-06  3.619559659e-07  1.112411854e-06  3.0092
3474  8363.09996  2.567200547  1.929766079e-05  1.481097459e-06  9.609243712e-06  9.688417076e-06  3.643223719e-07  1.116775087e-06  2.9556
3475  8363.300061  2.561912962  1.930790359e-05  1.489739932e-06  9.596553568e-06  9.711350019e-06  3.668820206e-07  1.122857911e-06  3.017
3476  8363.500214  2.556369204  1.930407474e-05  1.497724559e-06  9.563513401e-06  9.740561338e-06  3.676697348e-07  1.130054824e-06  2.9434
3477  8363.700417  2.550395604  1.930016305e-05  1.506392832e-06  9.585362982e-06  9.714800069e-06  3.707665934e-07  1.135626239e-06  2.9878
3478  8363.900411  2.544780671  1.931055237e-05  1.515690378e-06  9.611808932e-06  9.698743434e-06  3.722320376e-07  1.143458341e-06  2.9592
3479  8364.100754  2.538612928  1.928282223e-05  1.522877643e-06  9.523621775e-06  9.759200452e-06  3.745434191e-07  1.148334224e-06  2.9372
3480  8364.299834  2.532602308  1.932673841e-05  1.535547875e-06  9.638892638e-06  9.687845771e-06  3.776987823e-07  1.157849093e-06  2.9618
3481  8364.500031  2.526629939  1.930054609e-05  1.542652675e-06  9.587598528e-06  9.712947557e-06  3.785168303e-07  1.164135845e-06  2.9742
3482  8364.699985  2.520295508  1.930987125e-05  1.553205595e-06  9.567062708e-06  9.74280854e-06  3.823570721e-07  1.170848523e-06  3.0054
3483  8364.900017  2.514793572  1.929916866e-05  1.560909163e-06  9.550976634e-06  9.748192025e-06  3.83878208e-07  1.177030955e-06  2.994
3484  8365.100118  2.509530256  1.930821006e-05  1.569881504e-06  9.649569924e-06  9.65864014e-06  3.860210084e-07  1.183860495e-06  2.9626
3485  8365.300475  2.504197324  1.928952427e-05  1.576748541e-06  9.574882378e-06  9.714641894e-06  3.877251189e-07  1.189023422e-06  2.9526
3486  8365.500568  2.499586699  1.928552672e-05  1.583706846e-06  9.55390994e-06  9.731616783e-06  3.890635895e-07  1.194643257e-06  2.9912
3487  8365.699589  2.495201128  1.926701327e-05  1.58914057e-06  9.580237801e-06  9.686775465e-06  3.909100713e-07  1.198230499e-06  2.959
3488  8365.900327  2.491322797  1.922703915e-05  1.592005879e-06  9.558666416e-06  9.668372735e-06  3.910132242e-07  1.200992655e-06  2.9656
3489  8366.100092  2.487879197  1.920599168e-05  1.595748811e-06  9.534590354e-06  9.67140133e-06  3.927324098e-07  1.203016401e-06  2.9436
3490  8366.300393  2.484751852  1.923185575e-05  1.602902752e-06  9.616840169e-06  9.615015579e-06  3.954942994e-07  1.207408452e-06  2.953
3491  8366.500057  2.481789332  1.913900119e-05  1.599896386e-06  9.451149934e-06  9.687851259e-06  3.91946831e-07  1.207949555e-06  2.9792
3492  8366.699954  2.479659421  1.91613162e-05  1.605177022e-06  9.554148202e-06  9.607167999e-06  3.958600619e-07  1.20931696e-06  2.9698
3493  8366.900479  2.477268658  1.917907115e-05  1.610510134e-06  9.558441647e-06  9.620629505e-06  3.965054388e-07  1.214004695e-06  2.9928
3494  8367.100316  2.475195815  1.918774682e-05  1.614581959e-06  9.562555519e-06  9.625191302e-06  3.975600165e-07  1.217021942e-06  2.9594
3495  8367.300932  2.473524943  1.92152861e-05  1.619603183e-06  9.507531089e-06  9.707755011e-06  3.981333166e-07  1.221469866e-06  2.9616
3496  8367.500351  2.471990265  1.929202023e-05  1.628568301e-06  9.619834089e-06  9.672186145e-06  4.008806718e-07  1.227687629e-06  2.9632
3497  8367.700199  2.470358013  1.925922299e-05  1.628455548e-06  9.556176052e-06  9.703046941e-06  4.010627053e-07  1.227392843e-06  3.0252
3498  8367.900786  2.469099016  1.924529771e-05  1.62932813e-06  9.531247414e-06  9.714050293e-06  3.991145764e-07  1.230213553e-06  2.9514
3499  8368.09973  2.46781814  1.93070665e-05  1.636652551e-06  9.650703211e-06  9.656363292e-06  4.05113814e-07  1.231538737e-06  2.9552
3500  8368.299893  2.466442991  1.928965229e-05  1.637426513e-06  9.568360572e-06  9.721291722e-06  4.022632656e-07  1.235163248e-06  2.997
3501  8368.500573  2.465324755  1.92568429e-05  1.636470384e-06  9.522870895e-06  9.733972004e-06  4.009769581e-07  1.235493426e-06  2.971
3502  8368.700659  2.464182316  1.929221669e-05  1.641350566e-06  9.593962979e-06  9.698253709e-06  4.047986623e-07  1.236551903e-06  2.9598
3503  8368.899796  2.463327277  1.929996897e-05  1.643414699e-06  9.580161003e-06  9.719807969e-06  4.034751079e-07  1.239939591e-06  2.957
3504  8369.100133  2.462288562  1.92909626e-05  1.644354926e-06  9.610257646e-06  9.680704958e-06  4.056016042e-07  1.238753322e-06  2.9724
3505  8369.300662  2.461713337  1.926057511e-05  1.642709363e-06  9.519776416e-06  9.740798694e-06  4.021896234e-07  1.24051974e-06  2.9754
3506  8369.500871  2.461038437  1.928459981e-05  1.645868821e-06  9.568652364e-06  9.715947443e-06  4.053675463e-07  1.240501275e-06  2.9552
3507  8369.700158  2.460690169  1.929087471e-05  1.646977849e-06  9.573843179e-06  9.717031527e-06  4.054326931e-07  1.241545156e-06  2.977
3508  8369.899787  2.460623034  1.926307806e-05  1.644715097e-06  9.533005783e-06  9.730072277e-06  4.021112643e-07  1.242603832e-06  2.9878
3509  8370.100855  2.460523372  1.930787278e-05  1.648704053e-06  9.637831355e-06  9.670041424e-06  4.083610908e-07  1.240342962e-06  2.9662
3510  8370.300806  2.461063271  1.928727515e-05  1.646056271e-06  9.557062828e-06  9.73021232e-06  4.034369424e-07  1.242619329e-06  2.9818
3511  8370.500549  2.461651859  1.927975016e-05  1.644445873e-06  9.57234336e-06  9.707406801e-06  4.053521759e-07  1.239093697e-06  2.9638
3512  8370.700061  2.46282473  1.927576932e-05  1.642179136e-06  9.552685259e-06  9.723084061e-06  4.038056781e-07  1.238373458e-06  2.969
3513  8370.899666  2.463964917  1.92992361e-05  1.642304762e-06  9.616842739e-06  9.682393357e-06  4.036133642e-07  1.238691398e-06  2.9478
3514  8371.100993  2.465397226  1.92804981e-05  1.638361894e-06  9.602675899e-06  9.677822197e-06  4.054674106e-07  1.232894483e-06  2.9474
3515  8371.30102  2.467438388  1.927116874e-05  1.634229997e-06  9.576181165e-06  9.694987576e-06  4.004288368e-07  1.233801161e-06  2.9404
3516  8371.501263  2.469389097  1.931247293e-05  1.63454104e-06  9.634422572e-06  9.678050358e-06  4.038525432e-07  1.230688497e-06  2.965
3517  8371.700102  2.472114992  1.92906152e-05  1.628246594e-06  9.591666526e-06  9.698948677e-06  4.00267523e-07  1.227979071e-06  2.9966
3518  8371.90044  2.474741357  1.925332169e-05  1.62083629e-06  9.532866173e-06  9.720455516e-06  3.98535295e-07  1.222300995e-06  2.9692
3519  8372.099769  2.477890401  1.928665366e-05  1.618537455e-06  9.614035587e-06  9.672618072e-06  3.993567524e-07  1.219180702e-06  2.9788
3520  8372.300281  2.481207537  1.929393309e-05  1.613786308e-06  9.622645298e-06  9.671287792e-06  3.966007424e-07  1.217185566e-06  2.9924
3521  8372.500617  2.484708561  1.926962734e-05  1.606120401e-06  9.586520234e-06  9.683107108e-06  3.962763006e-07  1.209844101e-06  3.0248
3522  8372.701266  2.489068962  1.925200902e-05  1.597670224e-06  9.507923576e-06  9.744085447e-06  3.921506862e-07  1.205519538e-06  2.9718
3523  8372.899842  2.492904465  1.930475543e-05  1.595914611e-06  9.60475682e-06  9.699998606e-06  3.946251861e-07  1.201289425e-06  2.9446
3524  8373.100055  2.497640117  1.928648556e-05  1.586871556e-06  9.594433568e-06  9.692051992e-06  3.898348768e-07  1.197036679e-06  2.974
3525  8373.300161  2.502236188  1.926565874e-05  1.577889167e-06  9.572294094e-06  9.693364649e-06  3.884610554e-07  1.189428112e-06  2.98
3526  8373.50006  2.507165292  1.92696387e-05  1.570455086e-06  9.564616099e-06  9.705022604e-06  3.875363134e-07  1.182918773e-06  2.975
3527  8373.699584  2.512287734  1.927073882e-05  1.56252029e-06  9.550277659e-06  9.720461161e-06  3.838157654e-07  1.178704524e-06  2.979
3528  8373.900125  2.517496953  1.927720719e-05  1.554923691e-06  9.576866086e-06  9.700341104e-06  3.839612047e-07  1.170962486e-06  2.977
3529  8374.100594  2.523200167  1.927215949e-05  1.545676029e-06  9.550215981e-06  9.721943505e-06  3.794073497e-07  1.166268679e-06  2.9732
3530  8374.30051  2.52855888  1.929209931e-05  1.539006024e-06  9.57713657e-06  9.714962738e-06  3.807182184e-07  1.158287806e-06  2.9732
3531  8374.500429  2.534563998  1.926526575e-05  1.527664005e-06  9.554497508e-06  9.710768245e-06  3.752787161e-07  1.152385289e-06  2.9786
3532  8374.700628  2.540617046  1.925474438e-05  1.51761564e-06  9.524904715e-06  9.72983966e-06  3.733835349e-07  1.144232106e-06  2.961
3533  8374.900591  2.546283825  1.929577861e-05  1.512255919e-06  9.627228945e-06  9.668549668e-06  3.737883076e-07  1.138467611e-06  2.9542
3534  8375.10032  2.552848682  1.925891046e-05  1.499490154e-06  9.55043131e-06  9.708479148e-06  3.68418207e-07  1.131071947e-06  2.9412
3535  8375.300106  2.558870688  1.927319246e-05  1.491592664e-06  9.590906095e-06  9.682286367e-06  3.688414758e-07  1.122751188e-06  2.9778
3536  8375.500756  2.565304566  1.9269266e-05  1.481724816e-06  9.551708118e-06  9.717557881e-06  3.638045852e-07  1.117920231e-06  2.963
3537  8375.701141  2.57155003  1.929321289e-05  1.474329545e-06  9.628510113e-06  9.664702777e-06  3.64725843e-07  1.109603702e-06  2.9658
3538  8375.900577  2.578329189  1.925227776e-05  1.461261626e-06  9.565255597e-06  9.687022159e-06  3.599654556e-07  1.101296171e-06  2.9458
3539  8376.099719  2.584886869  1.927053936e-05  1.4530875e-06  9.589717024e-06  9.68082234e-06  3.580511707e-07  1.095036329e-06  2.9492
3540  8376.300313  2.591703428  1.926856201e-05  1.443068037e-06  9.576689317e-06  9.691872693e-06  3.561711791e-07  1.086896858e-06  2.9788
3541  8376.500319  2.598421973  1.925590876e-05  1.432463929e-06  9.571873175e-06  9.684035585e-06  3.524003158e-07  1.080063614e-06  2.9586
3542  8376.699534  2.605243239  1.927294549e-05  1.423984724e-06  9.595160714e-06  9.677784772e-06  3.516168325e-07  1.072367892e-06  3.0074
3543  8376.900168  2.612288132  1.926963755e-05  1.413745466e-06  9.585709484e-06  9.683928068e-06  3.491734424e-07  1.064572024e-06  2.994
3544  8377.101097  2.619176931  1.925597503e-05  1.403044436e-06  9.562561933e-06  9.693413101e-06  3.458441726e-07  1.057200264e-06  2.9758
3545  8377.300624  2.6263025  1.926412308e-05  1.393671956e-06  9.59513256e-06  9.668990521e-06  3.435984319e-07  1.050073524e-06  2.9576
3546  8377.500625  2.633412788  1.924208497e-05  1.382214632e-06  9.535268277e-06  9.706816697e-06  3.406939692e-07  1.041520663e-06  2.9582
3547  8377.70053  2.640744659  1.927764646e-05  1.374653296e-06  9.600855984e-06  9.67679048e-06  3.393055344e-07  1.035347762e-06  2.9474
3548  8377.900529  2.647797472  1.924683505e-05  1.362810569e-06  9.57276214e-06  9.674072909e-06  3.3570288e-07  1.027107689e-06  2.9654
3549  8378.100556  2.655236893  1.927012751e-05  1.354346712e-06  9.592243776e-06  9.67788373e-06  3.346032611e-07  1.019743451e-06  2.9486
3550  8378.300561  2.662373546  1.926084376e-05  1.344067775e-06  9.516856135e-06  9.743987622e-06  3.31283751e-07  1.012784024e-06  2.9414
3551  8378.500447  2.66941931  1.925319423e-05  1.334101019e-06  9.559176004e-06  9.694018229e-06  3.292314278e-07  1.004869592e-06  2.9938
3552  8378.700006  2.676559933  1.92561645e-05  1.324812991e-06  9.57462356e-06  9.681540939e-06  3.267284335e-07  9.980845572e-07  2.9538
3553  8378.900308  2.683352409  1.925481203e-05  1.315752304e-06  9.564904943e-06  9.689907087e-06  3.251859097e-07  9.90566394e-07  2.9892
3554  8379.10047  2.690306991  1.925617218e-05  1.306725841e-06  9.564274933e-06  9.691897247e-06  3.228827654e-07  9.83843076e-07  2.9514
3555  8379.300152  2.696945012  1.9251257e-05  1.297749157e-06  9.54289035e-06  9.708366651e-06  3.193369137e-07  9.784122429e-07  2.9708
3556  8379.500576  2.703401677  1.927878797e-05  1.291240967e-06  9.581981512e-06  9.696806456e-06  3.199289472e-07  9.713120197e-07  2.9844
3557  8379.701134  2.709494101  1.925289199e-05  1.281674187e-06  9.53316148e-06  9.719730513e-06  3.158358914e-07  9.658382952e-07  2.9542
3558  8379.900962  2.715615247  1.924405243e-05  1.273267972e-06  9.567426908e-06  9.676625527e-06  3.1375135e-07  9.595166223e-07  2.9516
3559  8380.100226  2.720570909  1.925954209e-05  1.26799349e-06  9.604316609e-06  9.655225478e-06  3.136865378e-07  9.543069525e-07  2.9726
3560  8380.300339  2.72612827  1.924113449e-05  1.259761149e-06  9.534480296e-06  9.706654192e-06  3.110056507e-07  9.487554978e-07  2.9406
3561  8380.500004  2.730912954  1.925523832e-05  1.254666989e-06  9.57007384e-06  9.685164479e-06  3.105671772e-07  9.440998122e-07  2.9682
3562  8380.699739  2.735678216  1.923527661e-05  1.247407878e-06  9.530103267e-06  9.705173344e-06  3.071447072e-07  9.402631705e-07  2.9554
3563  8380.900056  2.739562533  1.926896873e-05  1.244748412e-06  9.614990619e-06  9.653978107e-06  3.081345117e-07  9.366139003e-07  2.9746
3564  8381.100679  2.743413906  1.924400265e-05  1.238357068e-06  9.555267283e-06  9.68873537e-06  3.061292626e-07  9.322278053e-07  2.9682
3565  8381.300124  2.746477706  1.923669534e-05  1.234100006e-06  9.593689946e-06  9.643005397e-06  3.043344178e-07  9.297655883e-07  2.9562
3566  8381.500009  2.749146041  1.925238731e-05  1.231815415e-06  9.605193298e-06  9.647194011e-06  3.056812926e-07  9.261341223e-07  2.9816
3567  8381.700487  2.751555605  1.923008607e-05  1.227427396e-06  9.513989844e-06  9.716096229e-06  3.019774081e-07  9.254499879e-07  2.969
3568  8381.900312  2.753368546  1.923081571e-05  1.225250646e-06  9.561642969e-06  9.669172744e-06  3.025720075e-07  9.226786382e-07  2.9464
3569  8382.100103  2.754460788  1.925698032e-05  1.225578308e-06  9.608587698e-06  9.648392621e-06  3.035070596e-07  9.220712485e-07  2.9746
3570  8382.300198  2.755056388  1.92466125e-05  1.224189121e-06  9.543933251e-06  9.702679246e-06  3.018722664e-07  9.22316855e-07  2.9336
3571  8382.500577  2.755406613  1.925418441e-05  1.224241901e-06  9.592627835e-06  9.661556579e-06  3.032445908e-07  9.209973103e-07  2.9624
3572  8382.700317  2.755051202  1.922303147e-05  1.222695581e-06  9.533031393e-06  9.690000074e-06  3.007840547e-07  9.219115259e-07  2.9636
3573  8382.901123  2.754167945  1.92330575e-05  1.22441429e-06  9.547195176e-06  9.685862327e-06  3.030451663e-07  9.213691234e-07  2.9578
3574  8383.348303  2.750916694  1.924159723e-05  1.228947072e-06  9.571069494e-06  9.670527737e-06  3.036537133e-07  9.252933591e-07  10.2636
3575  8384.043112  2.741726787  1.922822455e-05  1.239431048e-06  9.533001198e-06  9.695223357e-06  3.059816246e-07  9.334494233e-07  10.3864
3576  8384.744565  2.728194149  1.923422946e-05  1.256710166e-06  9.553987355e-06  9.680242108e-06  3.10433046e-07  9.4627712e-07  10.4112
3577  8385.451228  2.709998568  1.922040765e-05  1.27886638e-06  9.548786113e-06  9.67162154e-06  3.158807392e-07  9.629856407e-07  10.5218
3578  8386.160593  2.687968501  1.922687276e-05  1.307792266e-06  9.562539083e-06  9.664333674e-06  3.233326199e-07  9.844596462e-07  10.5576
3579  8386.875945  2.662702938  1.920798448e-05  1.33993769e-06  9.543613209e-06  9.664371266e-06  3.308732336e-07  1.009064457e-06  10.6284
3580  8387.595785  2.636084171  1.921068762e-05  1.376277788e-06  9.547127044e-06  9.663560576e-06  3.402848337e-07  1.035992955e-06  10.7138
3581  8388.321476  2.609281092  1.920109991e-05  1.412959544e-06  9.522528677e-06  9.678571234e-06  3.484936797e-07  1.064465864e-06  10.7658
3582  8389.049394  2.584156928  1.921396804e-05  1.449879701e-06  9.546564387e-06  9.667403649e-06  3.583281945e-07  1.091551507e-06  10.8756
3583  8389.784241  2.560786342  1.919006876e-05  1.482317217e-06  9.518585483e-06  9.671483274e-06  3.656937994e-07  1.116623418e-06  10.983
3584  8390.524498  2.539482364  1.919976854e-05  1.515000638e-06  9.540915122e-06  9.658853422e-06  3.742500056e-07  1.140750633e-06  11.029
3585  8391.267809  2.519856557  1.91964896e-05  1.544763574e-06  9.55007182e-06  9.646417782e-06  3.816943622e-07  1.163069212e-06  11.0506
3586  8392.01794  2.501792388  1.918440105e-05  1.571931497e-06  9.527631037e-06  9.656770011e-06  3.88189826e-07  1.183741671e-06  11.1392
3587  8392.771449  2.485710794  1.919019463e-05  1.597897429e-06  9.530415565e-06  9.659779061e-06  3.948298654e-07  1.203067563e-06  11.2088
3588  8393.52985  2.472125881  1.918520159e-05  1.619331404e-06  9.528853869e-06  9.656347723e-06  4.002027347e-07  1.219128669e-06  11.2644
3589  8394.291859  2.461532264  1.918458324e-05  1.636524419e-06  9.520746519e-06  9.663836722e-06  4.04129466e-07  1.232394953e-06  11.3326
3590  8395.059411  2.454146953  1.918136466e-05  1.648378808e-06  9.530341143e-06  9.651023516e-06  4.077473257e-07  1.240631482e-06  11.38
3591  8395.833455  2.45010612  1.917969278e-05  1.65490885e-06  9.532006167e-06  9.647686612e-06  4.086055374e-07  1.246303313e-06  11.493
3592  8396.610889  2.448778422  1.917948473e-05  1.657089554e-06  9.555205407e-06  9.624279324e-06  4.100953238e-07  1.24699423e-06  11.5566
3593  8397.393315  2.44906884  1.917912467e-05  1.656577275e-06  9.538298969e-06  9.640825699e-06  4.095593979e-07  1.247017877e-06  11.6012
3594  8398.177944  2.449839226  1.917650795e-05  1.655075719e-06  9.515294384e-06  9.661213571e-06  4.091614592e-07  1.24591426e-06  11.6906
3595  8398.972735  2.449881996  1.917322951e-05  1.654721992e-06  9.517118069e-06  9.65611144e-06  4.091688572e-07  1.245553134e-06  11.7142
3596  8399.7683  2.448408927  1.916951709e-05  1.656840439e-06  9.525184583e-06  9.644332504e-06  4.095419528e-07  1.247298486e-06  11.7942
3597  8400.570935  2.445515837  1.917185635e-05  1.661843538e-06  9.539225449e-06  9.632630899e-06  4.11474072e-07  1.250369466e-06  11.8722
3598  8401.375378  2.441656304  1.917003198e-05  1.668111122e-06  9.526595463e-06  9.643436515e-06  4.128114196e-07  1.255299702e-06  11.9618
3599  8402.18637  2.43765551  1.916528131e-05  1.674383213e-06  9.525870086e-06  9.639411225e-06  4.143438288e-07  1.260039385e-06  12.014
3600  8403.002041  2.434432516  1.915840925e-05  1.679186128e-06  9.50833934e-06  9.650069906e-06  4.15130172e-07  1.264055956e-06  12.0524
3601  8403.822966  2.432620671  1.916211802e-05  1.682556965e-06  9.498077104e-06  9.664040914e-06  4.159256383e-07  1.266631327e-06  12.157
3602  8404.6477  2.432518483  1.915991095e-05  1.682535096e-06  9.514492684e-06  9.645418266e-06  4.162014159e-07  1.26633368e-06  12.2464
3603  8405.478627  2.434811286  1.916115774e-05  1.678791031e-06  9.520372504e-06  9.640785236e-06  4.155189365e-07  1.263272094e-06  12.3106
3604  8406.312692  2.439504994  1.916052747e-05  1.670874778e-06  9.523902202e-06  9.636625271e-06  4.135113935e-07  1.257363384e-06  12.3604
3605  8407.151821  2.446173932  1.915299484e-05  1.659116382e-06  9.516203781e-06  9.636791059e-06  4.108543717e-07  1.24826201e-06  12.4652
3606  8407.997137  2.454081346  1.915198469e-05  1.645961981e-06  9.499080036e-06  9.652904657e-06  4.076547745e-07  1.238307206e-06  12.5236
3607  8408.846893  2.461798661  1.914976074e-05  1.633118799e-06  9.49588865e-06  9.653872088e-06  4.041847571e-07  1.228934042e-06  12.5942
3608  8409.701154  2.468361368  1.915656793e-05  1.62301294e-06  9.516077207e-06  9.640490726e-06  4.022200074e-07  1.220792933e-06  12.6622
3609  8410.55997  2.473877939  1.915246475e-05  1.613738401e-06  9.525045866e-06  9.62741888e-06  3.996919077e-07  1.214046493e-06  12.6392
3610  8411.421859  2.478604631  1.914362481e-05  1.605387437e-06  9.514008134e-06  9.62961668e-06  3.974786551e-07  1.207908782e-06  12.8156
3611  8412.29017  2.48351977  1.914745671e-05  1.597835863e-06  9.518484216e-06  9.628972493e-06  3.962395842e-07  1.201596279e-06  12.7926
3612  8413.16444  2.489869842  1.914933641e-05  1.587877502e-06  9.504274131e-06  9.645062275e-06  3.937261601e-07  1.194151342e-06  12.9294
3613  8414.042766  2.497943355  1.913707638e-05  1.574100928e-06  9.495951776e-06  9.6411246e-06  3.899357085e-07  1.18416522e-06  12.9782
3614  8414.925271  2.50782432  1.914494832e-05  1.559265014e-06  9.509100729e-06  9.635847594e-06  3.866763128e-07  1.172588701e-06  13.036
3615  8415.81239  2.51923794  1.914434954e-05  1.54152112e-06  9.522996687e-06  9.621352858e-06  3.827494663e-07  1.158771653e-06  13.075
3616  8416.704112  2.531467712  1.913247522e-05  1.521838971e-06  9.520145312e-06  9.61232991e-06  3.776054295e-07  1.144233541e-06  13.1402
3617  8417.600117  2.543531638  1.913265403e-05  1.503603969e-06  9.50328788e-06  9.629366145e-06  3.727591987e-07  1.13084477e-06  13.2464
3618  8418.50245  2.55500563  1.912853598e-05  1.486130289e-06  9.486893786e-06  9.641642195e-06  3.686069389e-07  1.117523351e-06  13.3528
3619  8419.410357  2.565891114  1.912060807e-05  1.469431507e-06  9.489940479e-06  9.630667595e-06  3.645630169e-07  1.10486849e-06  13.3252
3620  8420.320821  2.576740986  1.911944139e-05  1.45348585e-06  9.492478799e-06  9.626962595e-06  3.607787463e-07  1.092707104e-06  13.4734
3621  8421.23682  2.587895389  1.912173214e-05  1.437535383e-06  9.507143829e-06  9.614588306e-06  3.570134011e-07  1.080521982e-06  13.4864
3622  8422.158049  2.599611495  1.910266435e-05  1.419374562e-06  9.490112237e-06  9.612552112e-06  3.524267678e-07  1.066947794e-06  13.6168
3623  8423.083992  2.612709184  1.904648015e-05  1.39678495e-06  9.453305191e-06  9.593174954e-06  3.470007066e-07  1.049784244e-06  13.6434
3624  8424.014002  2.627261553  1.898990019e-05  1.372516225e-06  9.428261306e-06  9.561638886e-06  3.409376176e-07  1.031578608e-06  13.7468
3625  8424.949916  2.64324673  1.906815898e-05  1.35631728e-06  9.468405646e-06  9.599753336e-06  3.366821212e-07  1.019635159e-06  13.8424
3626  8425.887709  2.659524073  1.909092717e-05  1.336012101e-06  9.490216426e-06  9.600710748e-06  3.321540744e-07  1.003858026e-06  13.8098
3627  8426.834568  2.676136908  1.909102832e-05  1.314007457e-06  9.499707328e-06  9.591320994e-06  3.267866437e-07  9.872208135e-07  13.9304
3628  8427.784262  2.6917946  1.908409922e-05  1.293123858e-06  9.477870805e-06  9.60622842e-06  3.215387072e-07  9.715851511e-07  14.0018
3629  8428.73771  2.705839945  1.907721547e-05  1.274628509e-06  9.461110985e-06  9.616104484e-06  3.169537032e-07  9.576748053e-07  14.0464
3630  8429.69593  2.717596484  1.907784548e-05  1.259772633e-06  9.483740072e-06  9.594105408e-06  3.134145416e-07  9.463580916e-07  14.1254
3631  8430.660375  2.725993258  1.907280927e-05  1.248909118e-06  9.490055861e-06  9.582753409e-06  3.10796444e-07  9.381126741e-07  14.1274
3632  8431.628423  2.730044527  1.90613561e-05  1.243112752e-06  9.482381253e-06  9.578974847e-06  3.093182535e-07  9.337944986e-07  14.2564
3633  8432.602212  2.729326934  1.906110168e-05  1.243988516e-06  9.464727405e-06  9.596374272e-06  3.095119403e-07  9.344765761e-07  14.3268
3634  8433.58165  2.724024209  1.906545699e-05  1.250888319e-06  9.465679607e-06  9.599777381e-06  3.110929084e-07  9.39795411e-07  14.3524
3635  8434.564019  2.714136489  1.905568384e-05  1.262670512e-06  9.462086404e-06  9.593597433e-06  3.143732719e-07  9.482972398e-07  14.4816
3636  8435.5523  2.700379804  1.905187594e-05  1.279904885e-06  9.463220267e-06  9.588655669e-06  3.186035682e-07  9.613013169e-07  14.4998
3637  8436.543423  2.683486537  1.905040126e-05  1.301609568e-06  9.476621231e-06  9.573780026e-06  3.241657998e-07  9.774437684e-07  14.5728
3638  8437.541541  2.664904026  1.904514155e-05  1.325656762e-06  9.45265121e-06  9.592490338e-06  3.299263541e-07  9.957304076e-07  14.6148
3639  8438.54455  2.645283949  1.903788959e-05  1.351408299e-06  9.450018632e-06  9.587870962e-06  3.362422519e-07  1.015166047e-06  14.7616
3640  8439.549857  2.625272482  1.903321667e-05  1.378385955e-06  9.446168702e-06  9.587047971e-06  3.428197213e-07  1.035566233e-06  14.81
3641  8440.563153  2.604660396  1.903112996e-05  1.406937929e-06  9.458175038e-06  9.572954926e-06  3.503951076e-07  1.056542822e-06  14.8584
3642  8441.57817  2.583176857  1.9036866e-05  1.437924218e-06  9.4690891e-06  9.567776901e-06  3.583289406e-07  1.079595277e-06  14.9438
3643  8442.601347  2.561711609  1.902241612e-05  1.468008133e-06  9.442500459e-06  9.579915658e-06  3.65480837e-07  1.102527296e-06  15.0232
3644  8443.6279  2.541241277  1.903263465e-05  1.49917333e-06  9.449246661e-06  9.583387992e-06  3.733424343e-07  1.125830895e-06  15.0738
3645  8444.657767  2.522817119  1.903195959e-05  1.52699619e-06  9.453785886e-06  9.578173709e-06  3.801717941e-07  1.146824396e-06  15.0894
3646  8445.694864  2.507727086  1.903277998e-05  1.550280169e-06  9.468812663e-06  9.563967316e-06  3.862524802e-07  1.164027689e-06  15.1856
3647  8446.732567  2.495202189  1.902329767e-05  1.569037278e-06  9.45632772e-06  9.56696995e-06  3.90730073e-07  1.178307205e-06  15.2512
3648  8447.779851  2.483561387  1.902976773e-05  1.587948749e-06  9.449019482e-06  9.580748243e-06  3.956523491e-07  1.1922964e-06  15.281
3649  8448.828067  2.470997869  1.90243387e-05  1.607566066e-06  9.449092547e-06  9.57524615e-06  4.005702833e-07  1.206995783e-06  15.3618
3650  8449.881885  2.456085128  1.902547184e-05  1.631816116e-06  9.452989724e-06  9.572482117e-06  4.066715333e-07  1.225144583e-06  15.425
3651  8450.944078  2.438346838  1.899842552e-05  1.658658711e-06  9.44046839e-06  9.557957133e-06  4.130420611e-07  1.24561665e-06  15.5226
3652  8452.007461  2.418404411  1.892983496e-05  1.685959496e-06  9.412423061e-06  9.517411898e-06  4.200650546e-07  1.265894441e-06  15.5918
3653  8453.077188  2.397261651  1.898267884e-05  1.726791862e-06  9.429938472e-06  9.552740372e-06  4.302229483e-07  1.296568914e-06  15.6358
3654  8454.150758  2.376449716  1.90035543e-05  1.765045227e-06  9.425604632e-06  9.57794967e-06  4.395131883e-07  1.325532039e-06  15.7036
3655  8455.229044  2.357036934  1.900833004e-05  1.800096676e-06  9.44361481e-06  9.564715231e-06  4.485984502e-07  1.351498226e-06  15.763
3656  8456.313523  2.340220154  1.900004493e-05  1.829826567e-06  9.445278794e-06  9.554766136e-06  4.560694077e-07  1.373757159e-06  15.8682
3657  8457.399493  2.327345281  1.899815179e-05  1.853352978e-06  9.426749462e-06  9.571402328e-06  4.619110146e-07  1.391441964e-06  15.9734
3658  8458.493481  2.318803707  1.899597185e-05  1.869036844e-06  9.427266987e-06  9.56870486e-06  4.655835615e-07  1.403453283e-06  15.9132
3659  8459.59165  2.314655501  1.900020905e-05  1.877224734e-06  9.441495579e-06  9.558713473e-06  4.679917667e-07  1.409232968e-06  16.0926
3660  8460.691349  2.314739985  1.899291493e-05  1.876345545e-06  9.445261068e-06  9.547653861e-06  4.681243376e-07  1.408221207e-06  16.12
3661  8461.802315  2.318701891  1.89837947e-05  1.868028906e-06  9.438533347e-06  9.545261357e-06  4.659345435e-07  1.402094363e-06  16.1728
3662  8462.912279  2.325991987  1.898457413e-05  1.854536454e-06  9.427364128e-06  9.557210003e-06  4.628335856e-07  1.391702868e-06  16.2226
3663  8464.030264  2.336264221  1.898033077e-05  1.835173448e-06  9.426102537e-06  9.554228228e-06  4.581376106e-07  1.377035837e-06  16.2878
3664  8465.151156  2.348806653  1.897426258e-05  1.811720246e-06  9.424840092e-06  9.549422486e-06  4.52340681e-07  1.359379566e-06  16.3634
3665  8466.278786  2.363206212  1.896885282e-05  1.785310047e-06  9.435818788e-06  9.533034029e-06  4.462542735e-07  1.339055774e-06  16.3722
3666  8467.410378  2.378676049  1.89565405e-05  1.756763101e-06  9.42028207e-06  9.536258432e-06  4.387886301e-07  1.317974471e-06  16.5528
3667  8468.546001  2.394578168  1.894722043e-05  1.728197699e-06  9.397803259e-06  9.549417167e-06  4.31541759e-07  1.29665594e-06  16.5294
3668  8469.687528  2.4103836  1.894717675e-05  1.701093597e-06  9.401364282e-06  9.545812466e-06  4.251912964e-07  1.2759023e-06  16.594
3669  8470.833445  2.425042652  1.893595334e-05  1.675346076e-06  9.40501897e-06  9.530934374e-06  4.189158468e-07  1.256430229e-06  16.7548
3670  8471.985421  2.437720723  1.893015222e-05  1.653733211e-06  9.405514832e-06  9.524637393e-06  4.137734503e-07  1.23995976e-06  16.6726
3671  8473.138601  2.447415347  1.892639454e-05  1.637453249e-06  9.393132791e-06  9.533261745e-06  4.093265421e-07  1.228126706e-06  16.9026
3672  8474.296759  2.453653705  1.892034423e-05  1.626749826e-06  9.382327017e-06  9.538017212e-06  4.070048317e-07  1.219744994e-06  16.9054
3673  8475.46228  2.455933734  1.891577494e-05  1.622653047e-06  9.386962251e-06  9.528812692e-06  4.05845552e-07  1.216807495e-06  16.9412
3674  8476.630665  2.454560474  1.89077533e-05  1.624193836e-06  9.400866022e-06  9.506887278e-06  4.067648542e-07  1.217428981e-06  17.031
3675  8477.806763  2.450620667  1.886426878e-05  1.626855362e-06  9.369108052e-06  9.49516073e-06  4.073773073e-07  1.219478054e-06  17.0762
3676  8478.984103  2.445131167  1.866838183e-05  1.61882425e-06  9.258787417e-06  9.409594411e-06  4.054543187e-07  1.213369931e-06  17.1536
3677  8480.16939  2.43959225  1.874161565e-05  1.634201387e-06  9.307526531e-06  9.434089117e-06  4.099698276e-07  1.224231559e-06  17.2046
3678  8481.359581  2.436047161  1.880219236e-05  1.645305888e-06  9.347070739e-06  9.455121626e-06  4.122644892e-07  1.233041399e-06  17.3388
3679  8482.552862  2.43602804  1.865122606e-05  1.632126628e-06  9.271333579e-06  9.37989248e-06  4.091129674e-07  1.223013661e-06  17.2062
3680  8483.749639  2.441789712  1.883619902e-05  1.638843461e-06  9.340904733e-06  9.495294282e-06  4.104929466e-07  1.228350514e-06  17.4146
3681  8484.951407  2.454450621  1.887379151e-05  1.621454598e-06  9.363946211e-06  9.509845295e-06  4.065319059e-07  1.214922692e-06  17.492
3682  8486.161062  2.474626768  1.888078154e-05  1.589656232e-06  9.377600612e-06  9.503180927e-06  3.986538402e-07  1.191002392e-06  17.4666
3683  8487.372355  2.500925768  1.887618325e-05  1.548017708e-06  9.376818158e-06  9.499365091e-06  3.885019693e-07  1.159515738e-06  17.6028
3684  8488.590155  2.530951499  1.88772208e-05  1.502310788e-06  9.361027077e-06  9.516193725e-06  3.769177445e-07  1.125393043e-06  17.653
3685  8489.81153  2.561813199  1.887685142e-05  1.45662655e-06  9.366963231e-06  9.50988819e-06  3.656374857e-07  1.090989064e-06  17.744
3686  8491.038603  2.590792728  1.887411895e-05  1.414815151e-06  9.372125812e-06  9.501993134e-06  3.554764607e-07  1.059338691e-06  17.8232
3687  8492.269596  2.615576869  1.88666497e-05  1.37963494e-06  9.369433565e-06  9.497216131e-06  3.466471072e-07  1.032987833e-06  17.9204
3688  8493.506757  2.635161941  1.887149459e-05  1.353224982e-06  9.376047494e-06  9.495447092e-06  3.400692355e-07  1.013155747e-06  17.8694
3689  8494.748823  2.649287993  1.88672157e-05  1.333941113e-06  9.361654182e-06  9.505561515e-06  3.353622182e-07  9.985788953e-07  17.979
3690  8495.992786  2.658356576  1.886708254e-05  1.321889514e-06  9.373525111e-06  9.493557427e-06  3.323393878e-07  9.895501266e-07  18.0328
3691  8497.244428  2.663943442  1.886884141e-05  1.314647432e-06  9.37669322e-06  9.492148194e-06  3.30776731e-07  9.838707012e-07  18.0994
3692  8498.498784  2.666779709  1.886357604e-05  1.310558209e-06  9.366251865e-06  9.497324172e-06  3.298265729e-07  9.807316362e-07  18.2056
3693  8499.761082  2.667675715  1.885993987e-05  1.309132067e-06  9.361926898e-06  9.498012971e-06  3.292982544e-07  9.798338127e-07  18.1814
3694  8501.026262  2.666195177  1.886124898e-05  1.311162727e-06  9.376499765e-06  9.484749216e-06  3.301052561e-07  9.81057471e-07  18.2628
3695  8502.294899  2.661602584  1.885274687e-05  1.316604459e-06  9.367508557e-06  9.485238315e-06  3.315234126e-07  9.85081046e-07  18.379
3696  8503.569169  2.653024117  1.884897314e-05  1.327681675e-06  9.351145087e-06  9.497828051e-06  3.340658142e-07  9.936158612e-07  18.3364
3697  8504.849076  2.640071397  1.884465054e-05  1.344682177e-06  9.351266361e-06  9.49338418e-06  3.385106725e-07  1.006171504e-06  18.5144
3698  8506.133425  2.622392345  1.88360797e-05  1.368043775e-06  9.353965402e-06  9.482114298e-06  3.445818913e-07  1.023461884e-06  18.5924
3699  8507.422498  2.600320242  1.882845847e-05  1.39800921e-06  9.35053229e-06  9.477926184e-06  3.519151291e-07  1.04609408e-06  18.6302
3700  8508.717486  2.574214684  1.882695719e-05  1.434871146e-06  9.354484546e-06  9.472472644e-06  3.615934939e-07  1.073277652e-06  18.7316
3701  8510.014607  2.544704118  1.881698072e-05  1.477062877e-06  9.335497605e-06  9.481483112e-06  3.719020227e-07  1.105160854e-06  18.7662
3702  8511.318532  2.512007409  1.880709585e-05  1.52535448e-06  9.347127971e-06  9.459967877e-06  3.842965425e-07  1.141057937e-06  18.7356
3703  8512.627737  2.476448618  1.878980075e-05  1.579116623e-06  9.337483624e-06  9.452317125e-06  3.978172399e-07  1.181299383e-06  18.8794
3704  8513.939664  2.438737679  1.878829839e-05  1.639672572e-06  9.327075377e-06  9.461223017e-06  4.131272999e-07  1.226545273e-06  18.9734
3705  8515.258205  2.399264184  1.877885726e-05  1.704833479e-06  9.323354574e-06  9.45550269e-06  4.295480336e-07  1.275285446e-06  18.9552
3706  8516.580004  2.359770832  1.876895581e-05  1.772575168e-06  9.329442159e-06  9.439513651e-06  4.469021902e-07  1.325672978e-06  19.0484
3707  8517.907149  2.321894388  1.876401318e-05  1.840516898e-06  9.324606658e-06  9.439406524e-06  4.636028013e-07  1.376914097e-06  19.0576
3708  8519.237151  2.286900051  1.87558574e-05  1.905236308e-06  9.300895749e-06  9.454961648e-06  4.801213707e-07  1.425114937e-06  19.1662
3709  8520.575865  2.256854119  1.875336733e-05  1.963088912e-06  9.308630123e-06  9.444737211e-06  4.944054666e-07  1.468683445e-06  19.2236
3710  8521.917477  2.233332078  1.874496688e-05  2.008911845e-06  9.309999736e-06  9.43496714e-06  5.061516471e-07  1.502760198e-06  19.2772
3711  8523.265253  2.217607085  1.873814253e-05  2.040008692e-06  9.302004369e-06  9.436138158e-06  5.141121117e-07  1.525896581e-06  19.4286
3712  8524.613777  2.210112254  1.873571232e-05  2.055089088e-06  9.292662564e-06  9.443049759e-06  5.179811979e-07  1.53710789e-06  19.4164
3713  8525.971379  2.210692434  1.873623583e-05  2.0539545e-06  9.307736184e-06  9.428499644e-06  5.180397647e-07  1.535914735e-06  19.5882
3714  8527.332282  2.21851408  1.873012281e-05  2.037286944e-06  9.299935885e-06  9.430186929e-06  5.139829874e-07  1.523303956e-06  19.5614
3715  8528.697468  2.232599752  1.873504592e-05  2.009319548e-06  9.30123228e-06  9.433813639e-06  5.069674143e-07  1.502352134e-06  19.5578
3716  8530.067879  2.251275395  1.873209111e-05  1.971831408e-06  9.305323599e-06  9.426767509e-06  4.979007598e-07  1.473930648e-06  19.6562
3717  8531.441762  2.272653686  1.873092411e-05  1.930004179e-06  9.305565479e-06  9.425358627e-06  4.874676919e-07  1.442536487e-06  19.8072
3718  8532.82276  2.295123782  1.873046227e-05  1.887073874e-06  9.315501818e-06  9.414960449e-06  4.771105834e-07  1.40996329e-06  19.7716
3719  8534.206395  2.317098598  1.872000912e-05  1.845027827e-06  9.295239216e-06  9.424769905e-06  4.663020144e-07  1.378725813e-06  19.8042
3720  8535.596532  2.337844832  1.865473517e-05  1.800843521e-06  9.273421854e-06  9.381313314e-06  4.555204057e-07  1.345323115e-06  19.911
3721  8536.989997  2.356687867  1.868589572e-05  1.770179817e-06  9.281083279e-06  9.404812446e-06  4.476916596e-07  1.322488158e-06  19.9972
3722  8538.389943  2.373148667  1.870737505e-05  1.743281343e-06  9.291007874e-06  9.416367172e-06  4.412194518e-07  1.302061891e-06  20.0214
3723  8539.794235  2.386742425  1.870410167e-05  1.719443024e-06  9.288669481e-06  9.415432184e-06  4.350084095e-07  1.284434614e-06  20.0962
3724  8541.202239  2.396968606  1.869755168e-05  1.701353283e-06  9.282394405e-06  9.415157279e-06  4.305354546e-07  1.270817829e-06  20.2326
3725  8542.614357  2.403510282  1.869599713e-05  1.690119374e-06  9.281050626e-06  9.4149465e-06  4.2785863e-07  1.262260744e-06  20.2548
3726  8544.033762  2.40642895  1.869941899e-05  1.685502104e-06  9.293432377e-06  9.405986617e-06  4.270952159e-07  1.258406888e-06  20.3026
3727  8545.454395  2.406270721  1.869039299e-05  1.684955118e-06  9.280999431e-06  9.409393558e-06  4.267447764e-07  1.258210342e-06  20.3548
3728  8546.884883  2.403726439  1.869012364e-05  1.689223234e-06  9.289847958e-06  9.400275687e-06  4.280837478e-07  1.261139486e-06  20.412
3729  8548.315729  2.399804597  1.868558235e-05  1.695449051e-06  9.286556551e-06  9.399025797e-06  4.297752902e-07  1.265673761e-06  20.4902
3730  8549.75238  2.39494449  1.867757657e-05  1.702979222e-06  9.281066493e-06  9.396510081e-06  4.317245038e-07  1.271254719e-06  20.5384
3731  8551.194974  2.389767487  1.866967263e-05  1.711094007e-06  9.26872907e-06  9.400943562e-06  4.338362177e-07  1.27725779e-06  20.5452
3732  8552.642915  2.384398869  1.866510125e-05  1.719883693e-06  9.272748484e-06  9.392352765e-06  4.363134159e-07  1.283570277e-06  20.665
3733  8554.094581  2.378663868  1.865589242e-05  1.728922143e-06  9.262427428e-06  9.393464993e-06  4.384783397e-07  1.290443803e-06  20.735
3734  8555.550456  2.372079772  1.864350315e-05  1.739187337e-06  9.251421106e-06  9.392082041e-06  4.410066526e-07  1.298180685e-06  20.7304
3735  8557.01204  2.364347197  1.863876277e-05  1.752242217e-06  9.25082102e-06  9.387941748e-06  4.445103983e-07  1.307731819e-06  20.8172
3736  8558.477346  2.355463018  1.863657203e-05  1.767671017e-06  9.256575499e-06  9.379996536e-06  4.486677493e-07  1.319003268e-06  20.999
3737  8559.947484  2.346259572  1.863064842e-05  1.783447729e-06  9.245308837e-06  9.385339584e-06  4.52495954e-07  1.330951775e-06  20.9844
3738  8561.423836  2.338245936  1.860687639e-05  1.795503124e-06  9.232427458e-06  9.374448928e-06  4.556673207e-07  1.339835803e-06  21.0322
3739  8562.904345  2.333334558  1.856980058e-05  1.8007479e-06  9.218829462e-06  9.350971118e-06  4.573005776e-07  1.343447322e-06  21.0786
3740  8564.387601  2.332863938  1.860062309e-05  1.804585891e-06  9.241116929e-06  9.359506162e-06  4.585168109e-07  1.34606908e-06  21.1574
3741  8565.878883  2.337877863  1.860248127e-05  1.795739851e-06  9.239676157e-06  9.362805117e-06  4.563813458e-07  1.339358505e-06  21.1948
3742  8567.370027  2.348638961  1.859650659e-05  1.775948744e-06  9.232742159e-06  9.363764432e-06  4.514254706e-07  1.324523274e-06  21.2306
3743  8568.872408  2.364258398  1.859107302e-05  1.74791408e-06  9.229628565e-06  9.361444459e-06  4.443512338e-07  1.303562846e-06  21.3382
3744  8570.37694  2.382609394  1.858922929e-05  1.715960444e-06  9.233515778e-06  9.355713515e-06  4.365193953e-07  1.279441048e-06  21.3772
3745  8571.88384  2.401269586  1.857495214e-05  1.682943642e-06  9.216023919e-06  9.358928224e-06  4.281278633e-07  1.254815779e-06  21.3796
3746  8573.399839  2.418367686  1.856533314e-05  1.653556372e-06  9.213483663e-06  9.351849473e-06  4.207230411e-07  1.232833331e-06  21.5372
3747  8574.917344  2.432771475  1.850592487e-05  1.624693966e-06  9.18502073e-06  9.320904141e-06  4.133425135e-07  1.211351452e-06  21.5514
3748  8576.440765  2.444631086  1.810806287e-05  1.571021768e-06  8.980599477e-06  9.12746339e-06  3.997840679e-07  1.1712377e-06  21.7182
3749  8577.970619  2.453960104  1.847306762e-05  1.587806912e-06  9.177570211e-06  9.295497412e-06  4.045125326e-07  1.18329438e-06  21.7526
3750  8579.501235  2.460857202  1.858027644e-05  1.586044863e-06  9.219107359e-06  9.361169081e-06  4.040546452e-07  1.181990218e-06  21.663
3751  8581.039502  2.465399482  1.858130147e-05  1.578944041e-06  9.232146131e-06  9.349155339e-06  4.025044315e-07  1.17643961e-06  21.8596
3752  8582.583642  2.467210174  1.857650504e-05  1.575680809e-06  9.227254418e-06  9.349250619e-06  4.016179449e-07  1.174062864e-06  21.8536
3753  8584.127763  2.465994789  1.857466947e-05  1.577441147e-06  9.228688657e-06  9.345980811e-06  4.023069166e-07  1.17513423e-06  21.9284
3754  8585.679903  2.461442569  1.856656348e-05  1.58394684e-06  9.220152588e-06  9.346410896e-06  4.041131975e-07  1.179833643e-06  21.9396
3755  8587.238826  2.453241159  1.856095015e-05  1.596508026e-06  9.224209848e-06  9.336740301e-06  4.073931746e-07  1.189114852e-06  22.0326
3756  8588.797391  2.441231321  1.854646229e-05  1.614536209e-06  9.197040876e-06  9.349421415e-06  4.117223995e-07  1.202813809e-06  22.0956
3757  8590.367394  2.425370337  1.854459346e-05  1.640183216e-06  9.205650712e-06  9.338942751e-06  4.184444857e-07  1.22173873e-06  22.1296
3758  8591.936555  2.406462382  1.853784612e-05  1.670882611e-06  9.207396823e-06  9.330449295e-06  4.265704307e-07  1.24431218e-06  22.2318
3759  8593.511356  2.385182702  1.853025712e-05  1.706120729e-06  9.19476598e-06  9.335491136e-06  4.35468296e-07  1.270652433e-06  22.3212
3760  8595.094289  2.362382022  1.852286789e-05  1.74477228e-06  9.186164154e-06  9.336703738e-06  4.451924038e-07  1.299579876e-06  22.4376
3761  8596.67599  2.339578311  1.851279595e-05  1.784046064e-06  9.193851477e-06  9.318944473e-06  4.554127631e-07  1.328633301e-06  22.3072
3762  8598.268591  2.317148517  1.850912925e-05  1.824152629e-06  9.19216351e-06  9.316965739e-06  4.658019996e-07  1.35835063e-06  22.4994
3763  8599.862376  2.296160848  1.850238952e-05  1.862163603e-06  9.184014263e-06  9.31837526e-06  4.755679467e-07  1.386595656e-06  22.5494
3764  8601.462726  2.277276952  1.849656677e-05  1.897065432e-06  9.193064902e-06  9.303501867e-06  4.847105547e-07  1.412354877e-06  22.5586
3765  8603.068367  2.261027688  1.848317957e-05  1.926747634e-06  9.175383813e-06  9.307795752e-06  4.920983019e-07  1.434649332e-06  22.6014
3766  8604.676449  2.247890375  1.848032479e-05  1.951925393e-06  9.169669188e-06  9.310655604e-06  4.985345422e-07  1.453390851e-06  22.6784
3767  8606.290685  2.2378586  1.847445442e-05  1.970978925e-06  9.179769873e-06  9.294684543e-06  5.038119045e-07  1.467167021e-06  22.7152
3768  8607.910063  2.231061035  1.846463693e-05  1.983367883e-06  9.159531772e-06  9.305105161e-06  5.067799763e-07  1.476587907e-06  22.7674
3769  8609.534908  2.227186597  1.846111135e-05  1.990687055e-06  9.163453086e-06  9.29765826e-06  5.087151482e-07  1.481971907e-06  22.941
3770  8611.160165  2.22581561  1.845926816e-05  1.993219107e-06  9.158386833e-06  9.30088133e-06  5.09422625e-07  1.483796482e-06  22.934
3771  8612.79372  2.225927421  1.845411333e-05  1.992439704e-06  9.160519847e-06  9.293593482e-06  5.09508533e-07  1.482931171e-06  23.0318
3772  8614.431348  2.2264022  1.845154471e-05  1.991216763e-06  9.159189667e-06  9.292355039e-06  5.091868254e-07  1.482029938e-06  23.0502
3773  8616.074816  2.226470365  1.84511567e-05  1.991039169e-06  9.164176246e-06  9.286980453e-06  5.094720919e-07  1.481567077e-06  23.0496
3774  8617.724418  2.226127193  1.845187554e-05  1.99180015e-06  9.16966865e-06  9.282206894e-06  5.098653091e-07  1.48193484e-06  23.2568
3775  8619.374382  2.225469426  1.844815281e-05  1.992708604e-06  9.166689665e-06  9.281463146e-06  5.100854957e-07  1.482623108e-06  23.2084
3776  8621.033111  2.224647409  1.844365572e-05  1.993861157e-06  9.160949444e-06  9.282706277e-06  5.107214286e-07  1.483139729e-06  23.202
3777  8622.696836  2.223841132  1.843861935e-05  1.994924511e-06  9.158275172e-06  9.280344177e-06  5.109582888e-07  1.483966222e-06  23.3386
3778  8624.361166  2.222806676  1.843325676e-05  1.996408447e-06  9.153184756e-06  9.280072003e-06  5.114219672e-07  1.48498648e-06  23.3306
3779  8626.033488  2.221709003  1.842362565e-05  1.997556812e-06  9.139513858e-06  9.284111788e-06  5.114277756e-07  1.486129037e-06  23.4498
3780  8627.710018  2.220865818  1.842421417e-05  1.999305698e-06  9.149476214e-06  9.274737957e-06  5.124702745e-07  1.486835423e-06  23.57
3781  8629.388424  2.220671718  1.841420588e-05  1.998607538e-06  9.137777749e-06  9.276428126e-06  5.121373736e-07  1.486470164e-06  23.5856
3782  8631.075276  2.221435697  1.841204049e-05  1.996846385e-06  9.143328465e-06  9.268712029e-06  5.120561813e-07  1.484790203e-06  23.6408
3783  8632.766804  2.223428917  1.840356766e-05  1.991953117e-06  9.135788518e-06  9.267779138e-06  5.109051273e-07  1.48104799e-06  23.6838
3784  8634.462129  2.226580829  1.839467211e-05  1.984724739e-06  9.133161685e-06  9.261510427e-06  5.090526541e-07  1.475672085e-06  23.751
3785  8636.161706  2.230455094  1.839155464e-05  1.976715203e-06  9.139814575e-06  9.251740069e-06  5.077925568e-07  1.468922647e-06  23.7972
3786  8637.866702  2.234918335  1.837964237e-05  1.966637682e-06  9.12683525e-06  9.252807121e-06  5.048646477e-07  1.461773035e-06  23.8292
3787  8639.576125  2.239432398  1.837088735e-05  1.956847587e-06  9.123651811e-06  9.247235535e-06  5.026360525e-07  1.454211534e-06  23.8652
3788  8641.292892  2.243889478  1.836460844e-05  1.94747932e-06  9.114443751e-06  9.250164689e-06  5.004084426e-07  1.447070877e-06  23.9482
3789  8643.011331  2.247813738  1.835452385e-05  1.938786648e-06  9.113743205e-06  9.240780647e-06  4.982082569e-07  1.440578391e-06  24.014
3790  8644.73536  2.251117297  1.834793733e-05  1.931698879e-06  9.110601233e-06  9.237336092e-06  4.968000196e-07  1.43489886e-06  24.0782
3791  8646.463316  2.253719512  1.833433169e-05  1.925250019e-06  9.09363289e-06  9.2406988e-06  4.947092629e-07  1.430540756e-06  24.2266
3792  8648.197391  2.25552935  1.833106864e-05  1.921426753e-06  9.096672993e-06  9.234395643e-06  4.941192605e-07  1.427307492e-06  24.1602
3793  8649.933654  2.25693291  1.833129784e-05  1.918755797e-06  9.106422341e-06  9.224875496e-06  4.937697489e-07  1.424986048e-06  24.2486
3794  8651.677718  2.25810571  1.831902256e-05  1.915223438e-06  9.096389253e-06  9.222633307e-06  4.930774653e-07  1.422145973e-06  24.3248
3795  8653.426687  2.259352681  1.83175582e-05  1.912683794e-06  9.100218573e-06  9.217339625e-06  4.925228308e-07  1.420160963e-06  24.4118
3796  8655.17748  2.260804963  1.831053982e-05  1.909176272e-06  9.09823772e-06  9.212302104e-06  4.915137221e-07  1.417662549e-06  24.3486
3797  8656.936087  2.262511696  1.830780662e-05  1.905636102e-06  9.093294814e-06  9.214511806e-06  4.910385687e-07  1.414597533e-06  24.4828
3798  8658.700885  2.2646989  1.830026995e-05  1.900689874e-06  9.084380867e-06  9.215889086e-06  4.89635335e-07  1.411054539e-06  24.4716
3799  8660.46294  2.267255723  1.829568213e-05  1.895361073e-06  9.091685781e-06  9.203996354e-06  4.885510507e-07  1.406810022e-06  24.5656
3800  8662.238713  2.270316605  1.828300246e-05  1.888258916e-06  9.073800679e-06  9.209201776e-06  4.865424412e-07  1.401716475e-06  24.658
3801  8664.014225  2.273931902  1.828229532e-05  1.881371854e-06  9.079413488e-06  9.20288183e-06  4.852826191e-07  1.396089235e-06  24.7648
3802  8665.79453  2.277621043  1.827720827e-05  1.873922431e-06  9.074254272e-06  9.202953997e-06  4.83263087e-07  1.390659344e-06  24.7786
3803  8667.582012  2.280678593  1.827318197e-05  1.867790022e-06  9.074010859e-06  9.199171114e-06  4.819166908e-07  1.385873332e-06  24.8254
3804  8669.372719  2.28228546  1.827124483e-05  1.864593457e-06  9.076422832e-06  9.194821997e-06  4.812046413e-07  1.383388815e-06  24.8628
3805  8671.169528  2.28180431  1.826731132e-05  1.86508921e-06  9.083502491e-06  9.183808827e-06  4.816321294e-07  1.383457081e-06  24.9292
3806  8672.967723  2.279016283  1.826409185e-05  1.86996676e-06  9.074855161e-06  9.189236687e-06  4.82995127e-07  1.386971633e-06  24.9868
3807  8674.774736  2.274138306  1.824907598e-05  1.877565783e-06  9.065740712e-06  9.183335271e-06  4.849129816e-07  1.392652802e-06  24.9552
3808  8676.586632  2.267487521  1.824351915e-05  1.889519154e-06  9.067258196e-06  9.17626095e-06  4.880251713e-07  1.401493982e-06  25.1372
3809  8678.400458  2.259568146  1.823096038e-05  1.903231295e-06  9.050356854e-06  9.18060353e-06  4.916802663e-07  1.411551028e-06  25.0568
3810  8680.219112  2.250373463  1.822643431e-05  1.920334735e-06  9.049527518e-06  9.176906794e-06  4.961083523e-07  1.424226383e-06  25.2208
3811  8682.042942  2.240285329  1.821206425e-05  1.938275995e-06  9.047082279e-06  9.164981966e-06  5.009486594e-07  1.437327336e-06  25.3168
3812  8683.873163  2.229627583  1.820130118e-05  1.957886356e-06  9.031703189e-06  9.16959799e-06  5.058986319e-07  1.451987724e-06  25.365
3813  8685.706409  2.218832982  1.81938294e-05  1.97832299e-06  9.038064664e-06  9.155764737e-06  5.11540981e-07  1.466782009e-06  25.3552
3814  8687.546179  2.2084335  1.818708986e-05  1.998263382e-06  9.039729444e-06  9.147360421e-06  5.167905133e-07  1.481472869e-06  25.3814
3815  8689.38723  2.198979215  1.817085695e-05  2.015444627e-06  9.025401333e-06  9.145455615e-06  5.214255239e-07  1.494019103e-06  25.5354
3816  8691.236273  2.191243944  1.815949243e-05  2.02982479e-06  9.023974195e-06  9.135518236e-06  5.251063637e-07  1.504718426e-06  25.4548
3817  8693.092168  2.185501379  1.81520265e-05  2.040675394e-06  9.015366045e-06  9.136660456e-06  5.282021425e-07  1.512473251e-06  25.6052
3818  8694.948351  2.18204053  1.813326592e-05  2.045633697e-06  9.001394035e-06  9.131871883e-06  5.293886454e-07  1.516245052e-06  25.5946
3819  8696.811429  2.18018276  1.812033598e-05  2.047976191e-06  8.996504801e-06  9.123831174e-06  5.300495017e-07  1.51792669e-06  25.663
3820  8698.679647  2.179728785  1.811061336e-05  2.047806776e-06  8.988929728e-06  9.121683631e-06  5.302024082e-07  1.517604368e-06  25.8108
3821  8700.552245  2.179507782  1.809670855e-05  2.046686803e-06  8.972352587e-06  9.124355965e-06  5.298173704e-07  1.516869433e-06  25.8812
3822  8702.427369  2.178848022  1.8083789e-05  2.046575441e-06  8.984049935e-06  9.099739064e-06  5.303657034e-07  1.516209738e-06  25.8368
3823  8704.311853  2.176921724  1.805256743e-05  2.046981339e-06  8.96412288e-06  9.088444549e-06  5.303474543e-07  1.516633885e-06  25.9166
3824  8706.196853  2.173095821  1.7997381e-05  2.048546313e-06  8.939187423e-06  9.058193575e-06  5.310226358e-07  1.517523677e-06  25.9902
3825  8708.087258  2.167333249  1.769439358e-05  2.025698529e-06  8.793033854e-06  8.901359726e-06  5.24960989e-07  1.500737539e-06  25.973
3826  8709.98393  2.159868595  1.573241192e-05  1.814580738e-06  7.812111208e-06  7.920300709e-06  4.700318115e-07  1.344548926e-06  26.0528
3827  8711.885162  2.149714182  1.77512214e-05  2.068327156e-06  8.813077199e-06  8.9381442e-06  5.367101647e-07  1.531616991e-06  26.1148
3828  8713.790542  2.13974467  1.809457654e-05  2.129458207e-06  8.97367336e-06  9.120903176e-06  5.525266213e-07  1.576931586e-06  26.1632
3829  8715.703262  2.130980563  1.809817699e-05  2.148630475e-06  8.97443831e-06  9.12373868e-06  5.574760175e-07  1.591154458e-06  26.2244
3830  8717.617417  2.124459937  1.80885093e-05  2.161531405e-06  8.977969982e-06  9.110539316e-06  5.612511667e-07  1.600280238e-06  26.382
3831  8719.536834  2.120422013  1.807154491e-05  2.168241747e-06  8.96205544e-06  9.109489474e-06  5.62702948e-07  1.605538799e-06  26.3652
3832  8721.462046  2.118471418  1.806355897e-05  2.171515203e-06  8.970594858e-06  9.092964112e-06  5.643251641e-07  1.607190039e-06  26.3722
3833  8723.389548  2.117557549  1.80524597e-05  2.172165069e-06  8.964400907e-06  9.088058789e-06  5.644831649e-07  1.607681904e-06  26.4374
3834  8725.323697  2.116618052  1.803578835e-05  2.172198903e-06  8.954423877e-06  9.081364469e-06  5.646195803e-07  1.607579323e-06  26.5418
3835  8727.264973  2.115351629  1.802127925e-05  2.173201903e-06  8.947078201e-06  9.074201044e-06  5.651634e-07  1.608038503e-06  26.5014
3836  8729.209275  2.114066844  1.800420053e-05  2.173933609e-06  8.939024319e-06  9.065176208e-06  5.653958461e-07  1.608537763e-06  26.6174
3837  8731.156158  2.1131008  1.798719396e-05  2.173979282e-06  8.925894494e-06  9.061299471e-06  5.656211149e-07  1.608358167e-06  26.6076
3838  8733.110229  2.112582223  1.796159328e-05  2.172011177e-06  8.906296165e-06  9.055297111e-06  5.651204545e-07  1.606890723e-06  26.6656
3839  8735.069043  2.112454061  1.794515355e-05  2.170301332e-06  8.914843898e-06  9.030309657e-06  5.650984166e-07  1.605202915e-06  26.8982
3840  8737.032084  2.112573975  1.792666283e-05  2.167805083e-06  8.890542046e-06  9.036120786e-06  5.643013586e-07  1.603503725e-06  26.8434
3841  8739.000379  2.112818804  1.790301575e-05  2.164415552e-06  8.883684951e-06  9.019330802e-06  5.64020822e-07  1.60039473e-06  26.8736
3842  8740.970619  2.113325717  1.78834251e-05  2.160951415e-06  8.885069542e-06  8.998355561e-06  5.631472709e-07  1.597804144e-06  26.9126
3843  8742.950274  2.114015032  1.785685487e-05  2.15625394e-06  8.869148006e-06  8.987706864e-06  5.622641786e-07  1.593989762e-06  27.0398
3844  8744.932216  2.114849753  1.78181747e-05  2.149788002e-06  8.849683348e-06  8.968491351e-06  5.6100943e-07  1.588778572e-06  26.9534
3845  8746.919376  2.115787747  1.776625069e-05  2.141513627e-06  8.822373439e-06  8.94387725e-06  5.588146856e-07  1.582698942e-06  27.0908
3846  8748.910689  2.116628165  1.769209653e-05  2.130783709e-06  8.783857575e-06  8.90823895e-06  5.562139195e-07  1.574569789e-06  27.0972
3847  8750.908128  2.117536693  1.756902384e-05  2.114039662e-06  8.727463807e-06  8.841560034e-06  5.522945653e-07  1.561745097e-06  27.1748
3848  8752.910481  2.118514386  1.731121645e-05  2.080982744e-06  8.600424078e-06  8.710792375e-06  5.443798148e-07  1.536602929e-06  27.2978
3849  8754.913248  2.119552528  1.642776763e-05  1.972734248e-06  8.213724578e-06  8.214043052e-06  5.19466903e-07  1.453267345e-06  27.3114
3850  8756.925212  2.120875902  1.523375883e-05  1.826931966e-06  7.579579835e-06  7.654178993e-06  4.813333409e-07  1.345598625e-06  27.3946
3851  8758.941465  2.120971998  1.548538299e-05  1.856929928e-06  7.567578031e-06  7.917804955e-06  4.803920559e-07  1.376537872e-06  27.363
3852  8760.961045  2.121246789  1.655306446e-05  1.984415593e-06  8.147440336e-06  8.405624123e-06  5.13757887e-07  1.470657706e-06  27.5088
3853  8762.986377  2.121340153  1.787555404e-05  2.142758313e-06  8.876403686e-06  8.999150357e-06  5.607266662e-07  1.582031647e-06  27.409
3854  8765.017054  2.121691328  1.766228246e-05  2.116449887e-06  8.779631617e-06  8.882650846e-06  5.547465614e-07  1.561703326e-06  27.5846
3855  8767.052041  2.122122654  1.729591743e-05  2.071655059e-06  8.591186053e-06  8.704731382e-06  5.427678795e-07  1.528887179e-06  27.553
3856  8769.092448  2.122571711  1.590213948e-05  1.903857227e-06  7.897365778e-06  8.004773701e-06  4.976047796e-07  1.406252447e-06  27.6698
3857  8771.136796  2.122756822  1.570252421e-05  1.879610652e-06  7.77773459e-06  7.924789621e-06  4.905273671e-07  1.389083284e-06  27.726
3858  8773.186053  2.121653501  1.749687969e-05  2.096709185e-06  8.673659415e-06  8.823220272e-06  5.49065958e-07  1.547643227e-06  27.8524
3859  8775.237808  2.120761378  1.785547933e-05  2.141591081e-06  8.851853998e-06  9.003625337e-06  5.620007146e-07  1.579590366e-06  27.7538
3860  8777.297228  2.119224689  1.8008584e-05  2.163276228e-06  8.941741158e-06  9.066842845e-06  5.677042252e-07  1.595572003e-06  27.8854
3861  8779.360916  2.116879469  1.797688993e-05  2.164539359e-06  8.928077619e-06  9.04881231e-06  5.67534768e-07  1.597004591e-06  27.99
3862  8781.430704  2.113626939  1.813881943e-05  2.191151977e-06  8.999776258e-06  9.139043174e-06  5.747439788e-07  1.616407998e-06  27.8618
3863  8783.502816  2.109471714  1.810438557e-05  2.196098751e-06  8.988283601e-06  9.116101971e-06  5.760667359e-07  1.620032015e-06  28.0116
3864  8785.578305  2.104261544  1.808260721e-05  2.2049151e-06  8.977108083e-06  9.105499126e-06  5.785399212e-07  1.626375179e-06  28.0234
3865  8787.66521  2.098069398  1.805893293e-05  2.215705945e-06  8.960638413e-06  9.098294517e-06  5.815305172e-07  1.634175428e-06  28.1196
3866  8789.750103  2.091160306  1.804240021e-05  2.229024953e-06  8.951674256e-06  9.09072595e-06  5.848999172e-07  1.644125035e-06  28.2346
3867  8791.841808  2.084104406  1.802672962e-05  2.242858636e-06  8.943132931e-06  9.083596687e-06  5.887666472e-07  1.654091988e-06  28.2566
3868  8793.940839  2.077212569  1.801027215e-05  2.256307666e-06  8.949024865e-06  9.061247285e-06  5.926855093e-07  1.663622157e-06  28.2906
3869  8796.042576  2.070956835  1.793739951e-05  2.261280071e-06  8.909005903e-06  9.028393603e-06  5.942215084e-07  1.667058562e-06  28.323
3870  8798.147363  2.065608138  1.77947081e-05  2.255322498e-06  8.834123023e-06  8.960585081e-06  5.923699408e-07  1.662952558e-06  28.3528
3871  8800.259108  2.061009498  1.798411022e-05  2.289833492e-06  8.936200314e-06  9.047909909e-06  6.019547517e-07  1.687878741e-06  28.3774
3872  8802.376385  2.057361733  1.797022499e-05  2.296427117e-06  8.923367833e-06  9.046857157e-06  6.037808821e-07  1.692646235e-06  28.4866
3873  8804.493266  2.05470305  1.795521249e-05  2.300617149e-06  8.914234529e-06  9.040977963e-06  6.050434526e-07  1.695573696e-06  28.4052
3874  8806.621315  2.052684391  1.794314009e-05  2.303716028e-06  8.906572567e-06  9.036567521e-06  6.056972054e-07  1.698018823e-06  28.629
3875  8808.74975  2.051153751  1.792930563e-05  2.305465964e-06  8.898694042e-06  9.03061159e-06  6.062904783e-07  1.699175486e-06  28.704
3876  8810.887658  2.049858377  1.79201338e-05  2.307273436e-06  8.901361053e-06  9.01877275e-06  6.071487738e-07  1.700124662e-06  28.6694
3877  8813.02529  2.048658536  1.79060663e-05  2.308230051e-06  8.888447809e-06  9.01761849e-06  6.075763188e-07  1.700653732e-06  28.739
3878  8815.171909  2.047279563  1.789599025e-05  2.310114559e-06  8.891739271e-06  9.004250977e-06  6.08387583e-07  1.701726976e-06  28.7926
3879  8817.322021  2.045579076  1.788184371e-05  2.312217e-06  8.884682126e-06  8.997161587e-06  6.09152334e-07  1.703064666e-06  28.7996
3880  8819.474422  2.043386574  1.787023812e-05  2.315788143e-06  8.872613109e-06  8.997625015e-06  6.101055139e-07  1.705682629e-06  28.81
3881  8821.633815  2.040766252  1.785980838e-05  2.320509084e-06  8.868747734e-06  8.991060644e-06  6.113434168e-07  1.709165667e-06  28.927
3882  8823.799119  2.037397524  1.784950157e-05  2.326995757e-06  8.861816063e-06  8.987685511e-06  6.131024835e-07  1.713893274e-06  28.928
3883  8825.969052  2.033477914  1.78329934e-05  2.333973989e-06  8.852014184e-06  8.980979211e-06  6.152782984e-07  1.718695691e-06  29.0938
3884  8828.140266  2.028850154  1.780724821e-05  2.341414944e-06  8.837685828e-06  8.969562384e-06  6.173069463e-07  1.724107997e-06  29.0946
3885  8830.318594  2.023939641  1.747446276e-05  2.308968535e-06  8.680657941e-06  8.793804821e-06  6.08982094e-07  1.699986441e-06  29.1416
3886  8832.502388  2.018762093  1.779366181e-05  2.36335028e-06  8.838929081e-06  8.954732728e-06  6.236361786e-07  1.739714101e-06  29.1468
3887  8834.687979  2.014214247  1.782421633e-05  2.378199655e-06  8.849477197e-06  8.974739135e-06  6.278182464e-07  1.750381408e-06  29.214
3888  8836.881746  2.010323685  1.781510343e-05  2.386249581e-06  8.857256587e-06  8.957846848e-06  6.301820814e-07  1.756067499e-06  29.257
3889  8839.079392  2.007053166  1.780349746e-05  2.392506971e-06  8.840621625e-06  8.962875833e-06  6.317780318e-07  1.760728939e-06  29.281
3890  8841.282224  2.0041165  1.779708914e-05  2.398679585e-06  8.839615665e-06  8.957473479e-06  6.335144459e-07  1.765165139e-06  29.3158
3891  8843.487959  2.001263558  1.778956061e-05  2.404515059e-06  8.837206172e-06  8.95235444e-06  6.35374796e-07  1.769140263e-06  29.4074
3892  8845.698049  1.998246594  1.77770321e-05  2.410081823e-06  8.823427464e-06  8.953604638e-06  6.367572329e-07  1.77332459e-06  29.528
3893  8847.915749  1.995056385  1.777192195e-05  2.417087755e-06  8.828079753e-06  8.943842196e-06  6.387894658e-07  1.778298289e-06  29.5526
3894  8850.135975  1.991878502  1.776118274e-05  2.423315949e-06  8.821153625e-06  8.940029112e-06  6.406195576e-07  1.782696392e-06  29.5318
3895  8852.364873  1.988818577  1.775334211e-05  2.429669426e-06  8.822313419e-06  8.931028688e-06  6.428103383e-07  1.786859087e-06  29.6488
3896  8854.59263  1.985966388  1.774130583e-05  2.43495724e-06  8.816310071e-06  8.924995757e-06  6.445159719e-07  1.790441268e-06  29.6008
3897  8856.831536  1.983547224  1.772270042e-05  2.438295192e-06  8.804262695e-06  8.918437727e-06  6.451497328e-07  1.79314546e-06  29.7222
3898  8859.071364  1.981465968  1.757693805e-05  2.423279375e-06  8.730770635e-06  8.846167413e-06  6.416029108e-07  1.781676465e-06  29.6828
3899  8861.317509  1.979709041  1.770961805e-05  2.445865001e-06  8.790955182e-06  8.918662869e-06  6.472434255e-07  1.798621575e-06  29.782
3900  8863.56598  1.978463868  1.76990398e-05  2.447449645e-06  8.788964309e-06  8.910075492e-06  6.478861164e-07  1.799563529e-06  29.8948
3901  8865.818014  1.977746452  1.768927513e-05  2.447854874e-06  8.779363172e-06  8.909911956e-06  6.481171356e-07  1.799737738e-06  29.919
3902  8868.078591  1.977276915  1.768808013e-05  2.44883906e-06  8.788701463e-06  8.899378669e-06  6.486129633e-07  1.800226097e-06  29.9664
3903  8870.345084  1.977074422  1.768010934e-05  2.448231238e-06  8.78738084e-06  8.892728504e-06  6.48965694e-07  1.799265544e-06  29.9862
3904  8872.612303  1.977054299  1.767477512e-05  2.447541839e-06  8.780338704e-06  8.89443642e-06  6.487403696e-07  1.79880147e-06  30.0568
3905  8874.88927  1.977180304  1.766758975e-05  2.446238575e-06  8.781430755e-06  8.886158994e-06  6.484630558e-07  1.797775519e-06  30.0306
3906  8877.166422  1.977381193  1.765648454e-05  2.444209894e-06  8.766334339e-06  8.890150204e-06  6.480676339e-07  1.79614226e-06  30.1244
3907  8879.451503  1.977715995  1.765003673e-05  2.442499425e-06  8.766686406e-06  8.883350325e-06  6.478160135e-07  1.794683411e-06  30.1132
3908  8881.737238  1.978451706  1.764101703e-05  2.43945584e-06  8.759836966e-06  8.881180067e-06  6.472177005e-07  1.792238139e-06  30.2718
3909  8884.02855  1.979318568  1.763064402e-05  2.435908913e-06  8.751137952e-06  8.879506071e-06  6.461601906e-07  1.789748723e-06  30.3086
3910  8886.325931  1.980153439  1.762795799e-05  2.433505292e-06  8.756621852e-06  8.871336137e-06  6.457983019e-07  1.78770699e-06  30.3296
3911  8888.629044  1.980743151  1.762343394e-05  2.431446478e-06  8.754938459e-06  8.868495481e-06  6.458699756e-07  1.785576503e-06  30.3592
3912  8890.936849  1.981076229  1.761110107e-05  2.428935794e-06  8.748109851e-06  8.86299122e-06  6.449566834e-07  1.783979111e-06  30.4326
3913  8893.24896  1.980912113  1.760374535e-05  2.428319782e-06  8.745888465e-06  8.857856882e-06  6.4529891e-07  1.783020872e-06  30.425
3914  8895.568974  1.979926618  1.759171251e-05  2.429052572e-06  8.732870071e-06  8.858842443e-06  6.455451027e-07  1.783507469e-06  30.5026
3915  8897.887353  1.978054004  1.757925262e-05  2.431881832e-06  8.72519109e-06  8.854061534e-06  6.46458408e-07  1.785423424e-06  30.4548
3916  8900.214632  1.975349278  1.756928803e-05  2.437086093e-06  8.715304433e-06  8.853983599e-06  6.477196866e-07  1.789366406e-06  30.6826
3917  8902.544253  1.971641163  1.756307566e-05  2.445274928e-06  8.713438459e-06  8.849637206e-06  6.501894771e-07  1.795085451e-06  30.6716
3918  8904.880797  1.96698107  1.755212836e-05  2.455165438e-06  8.716603061e-06  8.835525302e-06  6.531508821e-07  1.802014556e-06  30.7148
3919  8907.222488  1.961659325  1.754256716e-05  2.466921487e-06  8.699628015e-06  8.842939142e-06  6.563989854e-07  1.810522501e-06  30.7444
3920  8909.566612  1.955996117  1.753521173e-05  2.479891579e-06  8.710353944e-06  8.824857789e-06  6.601866547e-07  1.819704925e-06  30.7654
3921  8911.91758  1.950482336  1.752718455e-05  2.492461415e-06  8.697824974e-06  8.829359575e-06  6.637455519e-07  1.828715863e-06  30.8014
3922  8914.273533  1.94538039  1.75179847e-05  2.503895353e-06  8.694081357e-06  8.82390334e-06  6.669900423e-07  1.836905311e-06  30.874
3923  8916.632552  1.940745791  1.751053259e-05  2.514456737e-06  8.688138357e-06  8.822394229e-06  6.698830845e-07  1.844573653e-06  30.8256
3924  8918.998597  1.936622763  1.750238003e-05  2.523669795e-06  8.672876274e-06  8.829503754e-06  6.724241139e-07  1.851245681e-06  31.0776
3925  8921.367243  1.932847933  1.74959562e-05  2.532284466e-06  8.683637692e-06  8.812318507e-06  6.75304805e-07  1.856979661e-06  31.0328
3926  8923.742455  1.929447484  1.749439046e-05  2.540682639e-06  8.67415378e-06  8.820236682e-06  6.774591498e-07  1.863223489e-06  31.0862
3927  8926.120427  1.92629701  1.748306082e-05  2.547049038e-06  8.684129222e-06  8.798931594e-06  6.79721688e-07  1.86732735e-06  31.0686
3928  8928.502556  1.923350943  1.747578263e-05  2.553500416e-06  8.671483012e-06  8.804299617e-06  6.817126775e-07  1.871787738e-06  31.1562
3929  8930.891262  1.920506618  1.746992445e-05  2.559915325e-06  8.670954094e-06  8.79897036e-06  6.837494806e-07  1.876165844e-06  31.139
3930  8933.285524  1.917868386  1.745726683e-05  2.564818236e-06  8.663432759e-06  8.793834075e-06  6.851677413e-07  1.879650495e-06  31.2574
3931  8935.684935  1.915455011  1.744785514e-05  2.569629474e-06  8.64580965e-06  8.802045486e-06  6.865054828e-07  1.883123991e-06  31.215
3932  8938.087979  1.913107793  1.744233349e-05  2.574852931e-06  8.657100741e-06  8.78523275e-06  6.88200041e-07  1.88665289e-06  31.4262
3933  8940.494973  1.910794587  1.743110332e-05  2.579154342e-06  8.635784814e-06  8.795318506e-06  6.894317386e-07  1.889722603e-06  31.3738
3934  8942.907875  1.908570036  1.742680435e-05  2.584260684e-06  8.650771789e-06  8.776032565e-06  6.912079475e-07  1.893052737e-06  31.4922
3935  8945.32599  1.906182928  1.741608817e-05  2.588844038e-06  8.640934866e-06  8.775153307e-06  6.926327912e-07  1.896211247e-06  31.4116
3936  8947.74467  1.903661653  1.740680635e-05  2.593996266e-06  8.638020588e-06  8.768785759e-06  6.941599166e-07  1.899836349e-06  31.5076
3937  8950.175328  1.900953225  1.740185066e-05  2.600290932e-06  8.643195941e-06  8.758654717e-06  6.965517673e-07  1.903739165e-06  31.5342
3938  8952.60325  1.898232698  1.738897764e-05  2.605445919e-06  8.62171848e-06  8.767259159e-06  6.973932904e-07  1.908052628e-06  31.5414
3939  8955.042212  1.895635678  1.73837792e-05  2.611440184e-06  8.633307711e-06  8.750471484e-06  6.996674122e-07  1.911772771e-06  31.6416
3940  8957.481783  1.893008448  1.737339429e-05  2.616745904e-06  8.607951384e-06  8.765442905e-06  7.006952605e-07  1.916050643e-06  31.7042
3941  8959.928202  1.890299337  1.736938966e-05  2.623239765e-06  8.625764658e-06  8.743625004e-06  7.031956841e-07  1.920044081e-06  31.7946
3942  8962.376997  1.887467008  1.736264319e-05  2.629658387e-06  8.610597946e-06  8.752045242e-06  7.04691713e-07  1.924966674e-06  31.803
3943  8964.836106  1.884448588  1.735864901e-05  2.637001027e-06  8.624315607e-06  8.734333406e-06  7.074594603e-07  1.929541567e-06  31.814
3944  8967.292417  1.88128757  1.735279516e-05  2.644457729e-06  8.621993808e-06  8.730801347e-06  7.094246221e-07  1.935033107e-06  31.8196
3945  8969.760998  1.878081144  1.734253628e-05  2.651382188e-06  8.604986431e-06  8.737549852e-06  7.113095652e-07  1.940072623e-06  31.8922
3946  8972.226873  1.874928259  1.733193353e-05  2.65812878e-06  8.611522902e-06  8.720410625e-06  7.135107286e-07  1.944618052e-06  31.9004
3947  8974.705407  1.871832733  1.73193808e-05  2.664438707e-06  8.587093752e-06  8.732287049e-06  7.151218775e-07  1.949316829e-06  32.0334
3948  8977.18531  1.869063721  1.730722743e-05  2.669951918e-06  8.597403938e-06  8.709823494e-06  7.169026172e-07  1.953049301e-06  32.072
3949  8979.669714  1.866356404  1.729914851e-05  2.675940421e-06  8.581071529e-06  8.718076986e-06  7.184381094e-07  1.957502312e-06  32.1636
3950  8982.15803  1.863742628  1.727967685e-05  2.679923997e-06  8.587322482e-06  8.692354368e-06  7.198085271e-07  1.96011547e-06  32.0984
3951  8984.651797  1.861241584  1.72418372e-05  2.680751704e-06  8.560422032e-06  8.68141517e-06  7.200155949e-07  1.96073611e-06  32.1708
3952  8987.148932  1.858938743  1.722229723e-05  2.683887093e-06  8.547108695e-06  8.675188535e-06  7.205747212e-07  1.963312372e-06  32.1476
3953  8989.652851  1.856928442  1.709969531e-05  2.670143465e-06  8.501355726e-06  8.598339584e-06  7.179558687e-07  1.952187596e-06  32.2526
3954  8992.159645  1.855051682  1.694443e-05  2.65086893e-06  8.399233963e-06  8.545196034e-06  7.119145189e-07  1.938954411e-06  32.2612
3955  8994.674816  1.853129025  1.717614413e-05  2.692290793e-06  8.522756001e-06  8.653388124e-06  7.233071781e-07  1.968983615e-06  32.3456
3956  8997.190745  1.851331829  1.716327985e-05  2.695113666e-06  8.514566213e-06  8.648713636e-06  7.24397954e-07  1.970715712e-06  32.4336
3957  8999.711236  1.84946024  1.715779788e-05  2.699300098e-06  8.519975259e-06  8.637822618e-06  7.260060406e-07  1.973294058e-06  32.4714
3958  9002.241578  1.847596328  1.714945747e-05  2.703021472e-06  8.517239415e-06  8.632218056e-06  7.274567475e-07  1.975564725e-06  32.4728
3959  9004.771676  1.84587869  1.714739841e-05  2.707343176e-06  8.520320865e-06  8.627077549e-06  7.289987347e-07  1.978344441e-06  32.4886
3960  9007.309031  1.844196024  1.713759591e-05  2.710352274e-06  8.510811003e-06  8.626784903e-06  7.297452535e-07  1.980607021e-06  32.4994
3961  9009.849999  1.842707713  1.712851155e-05  2.712950273e-06  8.502606104e-06  8.625905448e-06  7.306940973e-07  1.982256176e-06  32.6168
3962  9012.397362  1.841392928  1.712095461e-05  2.715321062e-06  8.498244832e-06  8.622709783e-06  7.316588301e-07  1.983662231e-06  32.574
3963  9014.949955  1.840069801  1.710984472e-05  2.717151834e-06  8.488697114e-06  8.621147605e-06  7.322965383e-07  1.984855296e-06  32.7728
3964  9017.504031  1.838718452  1.709976831e-05  2.719223775e-06  8.485071804e-06  8.614696511e-06  7.328703554e-07  1.98635342e-06  32.733
3965  9020.062952  1.837192254  1.709506447e-05  2.722627863e-06  8.48839223e-06  8.606672236e-06  7.345049687e-07  1.988122894e-06  32.767
3966  9022.630351  1.835424166  1.708677474e-05  2.726123377e-06  8.487290558e-06  8.599484185e-06  7.356388125e-07  1.990484564e-06  32.8412
3967  9025.199132  1.833352116  1.707399774e-05  2.72973515e-06  8.481792126e-06  8.592205618e-06  7.368968535e-07  1.992838297e-06  32.7806
3968  9027.775596  1.831213405  1.705890437e-05  2.733161268e-06  8.468034951e-06  8.59086942e-06  7.381043194e-07  1.995056949e-06  32.9178
3969  9030.356218  1.829028563  1.704062488e-05  2.736204193e-06  8.453037899e-06  8.587586976e-06  7.387742305e-07  1.997429962e-06  32.8882
3970  9032.942339  1.826595983  1.70395071e-05  2.742688414e-06  8.456133726e-06  8.583373376e-06  7.409184334e-07  2.00176998e-06  32.9734
3971  9035.527864  1.824115085  1.703383728e-05  2.748586305e-06  8.452545104e-06  8.581292175e-06  7.425183725e-07  2.006067933e-06  33.0602
3972  9038.122728  1.821599291  1.700225074e-05  2.750400233e-06  8.435504218e-06  8.56674652e-06  7.435129142e-07  2.006887319e-06  33.0918
3973  9040.721985  1.81907679  1.69327974e-05  2.746083255e-06  8.40863259e-06  8.524164813e-06  7.427467718e-07  2.003336483e-06  33.0812
3974  9043.323974  1.816454279  1.701653203e-05  2.766909698e-06  8.450661068e-06  8.565870964e-06  7.486739634e-07  2.018235734e-06  33.1688
3975  9045.935629  1.813772517  1.699946214e-05  2.771556811e-06  8.437652185e-06  8.561809957e-06  7.500222951e-07  2.021534516e-06  33.1288
3976  9048.548288  1.810979561  1.699201393e-05  2.77809073e-06  8.43652143e-06  8.555492502e-06  7.518893132e-07  2.026201417e-06  33.2244
3977  9051.167701  1.808034519  1.698389966e-05  2.784953838e-06  8.424122171e-06  8.559777491e-06  7.540272547e-07  2.030926583e-06  33.2204
3978  9053.790407  1.804960908  1.697189449e-05  2.791552247e-06  8.422767014e-06  8.549127474e-06  7.558718589e-07  2.035680388e-06  33.3688
3979  9056.415124  1.801980099  1.696116602e-05  2.798115852e-06  8.408575068e-06  8.552590955e-06  7.576401576e-07  2.040475695e-06  33.3552
3980  9059.047635  1.798960327  1.69587151e-05  2.806172738e-06  8.416999218e-06  8.541715884e-06  7.604859596e-07  2.045686778e-06  33.394
3981  9061.685098  1.795998375  1.694534864e-05  2.812278489e-06  8.411978905e-06  8.533369737e-06  7.624952551e-07  2.049783233e-06  33.4392
3982  9064.32216  1.792980135  1.693678547e-05  2.819353987e-06  8.409055511e-06  8.527729956e-06  7.645002963e-07  2.05485369e-06  33.4446
3983  9066.972161  1.790156625  1.692664746e-05  2.825633332e-06  8.40041886e-06  8.526228603e-06  7.664011325e-07  2.0592322e-06  33.4282
3984  9069.62199  1.7874224  1.691186287e-05  2.830895012e-06  8.390305231e-06  8.521557637e-06  7.679325496e-07  2.062962463e-06  33.4966
3985  9072.281702  1.784822871  1.690124096e-05  2.83648094e-06  8.387160114e-06  8.514080849e-06  7.695887495e-07  2.06689219e-06  33.6994
3986  9074.944455  1.782268515  1.68963295e-05  2.842909202e-06  8.378444931e-06  8.517884571e-06  7.715147816e-07  2.07139442e-06  33.69
3987  9077.608768  1.779560532  1.688571026e-05  2.848826586e-06  8.386668314e-06  8.499041945e-06  7.735427462e-07  2.07528384e-06  33.6322
3988  9080.278311  1.776777437  1.688056884e-05  2.855896347e-06  8.375641955e-06  8.504926881e-06  7.757409381e-07  2.080155409e-06  33.7296
3989  9082.95317  1.773933915  1.687594321e-05  2.863243903e-06  8.386351534e-06  8.48959168e-06  7.780700032e-07  2.0851739e-06  33.7178
3990  9085.6355  1.771071339  1.686492206e-05  2.869576646e-06  8.368564457e-06  8.496357606e-06  7.799467524e-07  2.089629893e-06  33.7808
3991  9088.321606  1.768233062  1.685425142e-05  2.875912091e-06  8.369108271e-06  8.485143149e-06  7.819258946e-07  2.093986196e-06  33.817
3992  9091.012566  1.765573541  1.682922615e-05  2.879289279e-06  8.343198282e-06  8.486027864e-06  7.826308663e-07  2.096658412e-06  33.8408
3993  9093.703743  1.762846182  1.680374117e-05  2.882780757e-06  8.339504105e-06  8.464237069e-06  7.841462723e-07  2.098634485e-06  33.9694
3994  9096.403221  1.76030162  1.682593228e-05  2.893942226e-06  8.343867284e-06  8.482064996e-06  7.87157632e-07  2.106784594e-06  33.973
3995  9099.107227  1.757687171  1.682495911e-05  2.901350373e-06  8.356943798e-06  8.46801531e-06  7.897074016e-07  2.111642971e-06  33.9844
3996  9101.816538  1.754954537  1.681521773e-05  2.907605112e-06  8.350603865e-06  8.464613863e-06  7.918554807e-07  2.115749632e-06  34.0242
3997  9104.530226  1.752278684  1.680340364e-05  2.913347545e-06  8.341808294e-06  8.461595343e-06  7.933774102e-07  2.119970135e-06  33.9994
3998  9107.246798  1.749508847  1.679470614e-05  2.91991609e-06  8.338087792e-06  8.456618347e-06  7.954641226e-07  2.124451967e-06  34.0914
3999  9109.972396  1.746692517  1.678372807e-05  2.926237105e-06  8.322287759e-06  8.461440313e-06  7.970431821e-07  2.129193923e-06  34.125
4000  9112.699793  1.74388657  1.677273403e-05  2.932537307e-06  8.322219203e-06  8.450514825e-06  7.991049374e-07  2.133432369e-06  34.2668
4001  9115.433562  1.741189471  1.676469102e-05  2.939047293e-06  8.312988448e-06  8.451702577e-06  8.009044538e-07  2.138142839e-06  34.2628
4002  9118.171398  1.738474148  1.67524776e-05  2.944891622e-06  8.318206477e-06  8.434271122e-06  8.031428275e-07  2.141748795e-06  34.2116
4003  9120.910875  1.735703871  1.67255336e-05  2.948311516e-06  8.299616275e-06  8.425917327e-06  8.046219326e-07  2.143689583e-06  34.3196
4004  9123.658667  1.733041175  1.673738391e-05  2.958266932e-06  8.315272593e-06  8.422111321e-06  8.073941003e-07  2.150872831e-06  34.2892
4005  9126.412913  1.730392174  1.672949501e-05  2.964715739e-06  8.292145547e-06  8.437349464e-06  8.090657043e-07  2.155650034e-06  34.3944
4006  9129.167867  1.727874729  1.671984842e-05  2.970474821e-06  8.303247012e-06  8.416601409e-06  8.112891117e-07  2.15918571e-06  34.3048
4007  9131.928936  1.725567296  1.670497253e-05  2.974687927e-06  8.276979371e-06  8.427993154e-06  8.121560338e-07  2.162531893e-06  34.5692
4008  9134.696683  1.723320486  1.668083161e-05  2.977070511e-06  8.280293347e-06  8.400538264e-06  8.133092342e-07  2.163761277e-06  34.5174
4009  9137.465687  1.721181953  1.659595641e-05  2.968263563e-06  8.229471061e-06  8.366485348e-06  8.115625561e-07  2.156701006e-06  34.5122
4010  9140.24277  1.71914339  1.666873027e-05  2.987363231e-06  8.272472129e-06  8.396258145e-06  8.168755686e-07  2.170487663e-06  34.607
4011  9143.023762  1.717223354  1.666790465e-05  2.992956334e-06  8.27125366e-06  8.396650993e-06  8.189026968e-07  2.174053637e-06  34.5366
4012  9145.80752  1.715356242  1.666054907e-05  2.99722647e-06  8.265941413e-06  8.394607654e-06  8.204159678e-07  2.176810502e-06  34.6268
4013  9148.598623  1.713556067  1.664639772e-05  3.000076454e-06  8.2525464e-06  8.393851325e-06  8.211912024e-07  2.178885251e-06  34.628
4014  9151.391512  1.711665888  1.663728072e-05  3.00410629e-06  8.248738641e-06  8.388542079e-06  8.227016944e-07  2.181404596e-06  34.7338
4015  9154.191516  1.709741955  1.662699493e-05  3.008030725e-06  8.245302378e-06  8.381692549e-06  8.243470087e-07  2.183683716e-06  34.867
4016  9156.998826  1.707726321  1.66257288e-05  3.013870407e-06  8.246020237e-06  8.37970856e-06  8.261096273e-07  2.18776078e-06  34.768
4017  9159.807339  1.705637635  1.661759944e-05  3.018695264e-06  8.248951814e-06  8.368647625e-06  8.279774043e-07  2.19071786e-06  34.8642
4018  9162.620272  1.703463813  1.661013784e-05  3.02390611e-06  8.237921561e-06  8.372216279e-06  8.297994164e-07  2.194106694e-06  34.8024
4019  9165.441102  1.701305333  1.659794892e-05  3.028216389e-06  8.236928439e-06  8.361020476e-06  8.31194193e-07  2.197022196e-06  34.9198
4020  9168.264217  1.698980074  1.658966757e-05  3.033751561e-06  8.219751839e-06  8.369915731e-06  8.32839642e-07  2.200911919e-06  34.8686
4021  9171.09306  1.696513361  1.657958896e-05  3.039396566e-06  8.225069688e-06  8.354519274e-06  8.347793583e-07  2.204617207e-06  35.0444
4022  9173.928334  1.693843529  1.657069971e-05  3.045888137e-06  8.214201594e-06  8.356498119e-06  8.369647653e-07  2.208923371e-06  35.0892
4023  9176.765171  1.691156508  1.656175344e-05  3.052434653e-06  8.217270575e-06  8.344482862e-06  8.389817275e-07  2.213452926e-06  35.0356
4024  9179.608329  1.688531358  1.65578733e-05  3.059741267e-06  8.216442117e-06  8.341431183e-06  8.415081072e-07  2.21823316e-06  35.1218
4025  9182.451491  1.68596612  1.651839986e-05  3.060287248e-06  8.198589773e-06  8.319810092e-06  8.417896054e-07  2.218497642e-06  34.9934
4026  9185.306449  1.683395303  1.651727241e-05  3.067955392e-06  8.196354995e-06  8.320917417e-06  8.44370488e-07  2.223584904e-06  35.241
4027  9188.163989  1.680979705  1.651756433e-05  3.07542965e-06  8.196502968e-06  8.321061365e-06  8.464892569e-07  2.228940393e-06  35.104
4028  9191.026502  1.678714248  1.650916653e-05  3.080837655e-06  8.187713461e-06  8.321453073e-06  8.480358232e-07  2.232801832e-06  35.3026
4029  9193.892244  1.676461132  1.649984835e-05  3.086044141e-06  8.185292102e-06  8.314556245e-06  8.49911462e-07  2.236132679e-06  35.2642
4030  9196.759362  1.674202742  1.649247236e-05  3.091638824e-06  8.183667184e-06  8.308805173e-06  8.517451468e-07  2.239893677e-06  35.348
4031  9199.638097  1.671860402  1.648285055e-05  3.09708107e-06  8.182996062e-06  8.299854484e-06  8.535226087e-07  2.243558461e-06  35.335
4032  9202.518768  1.66954479  1.647629846e-05  3.103027047e-06  8.17832165e-06  8.297976814e-06  8.556412929e-07  2.247385754e-06  35.3766
4033  9205.409259  1.667108686  1.646291507e-05  3.108068877e-06  8.173243277e-06  8.289671793e-06  8.572001267e-07  2.250868751e-06  35.3938
4034  9208.295677  1.664672358  1.645085165e-05  3.113367352e-06  8.157175693e-06  8.293675958e-06  8.584730457e-07  2.254894306e-06  35.3734
4035  9211.190237  1.662131013  1.643365188e-05  3.118026169e-06  8.152448251e-06  8.281203633e-06  8.601558094e-07  2.25787036e-06  35.5024
4036  9214.090852  1.65953184  1.62913202e-05  3.099065526e-06  8.083511158e-06  8.207809037e-06  8.562201635e-07  2.242845362e-06  35.6558
4037  9216.995934  1.656719055  1.629592719e-05  3.108673649e-06  8.082005058e-06  8.213922135e-06  8.583682713e-07  2.250305378e-06  35.5054
4038  9219.902025  1.653924758  1.642614023e-05  3.142281802e-06  8.156254918e-06  8.269885314e-06  8.680757714e-07  2.27420603e-06  35.5572
4039  9222.818565  1.651171195  1.641493181e-05  3.148796138e-06  8.148509645e-06  8.266422163e-06  8.699012044e-07  2.278894934e-06  35.6432
4040  9225.739341  1.648451277  1.640034875e-05  3.154567247e-06  8.145139783e-06  8.255208965e-06  8.719331268e-07  2.28263412e-06  35.6552
4041  9228.661777  1.645684284  1.638834025e-05  3.160991797e-06  8.127589603e-06  8.26075065e-06  8.737176138e-07  2.287274183e-06  35.624
4042  9231.591728  1.642892457  1.637432621e-05  3.167118476e-06  8.12398955e-06  8.250336658e-06  8.756887022e-07  2.291429773e-06  35.8168
4043  9234.527551  1.640155301  1.636501615e-05  3.17399356e-06  8.114715506e-06  8.250300639e-06  8.776275973e-07  2.296365962e-06  35.844
4044  9237.463776  1.637498975  1.632217234e-05  3.174104277e-06  8.103908051e-06  8.218264293e-06  8.783247513e-07  2.295779526e-06  35.7714
4045  9240.407742  1.634781305  1.635189913e-05  3.188538751e-06  8.115724924e-06  8.236174203e-06  8.825609608e-07  2.30597779e-06  35.8628
4046  9243.356528  1.632192683  1.634436068e-05  3.195329594e-06  8.117598551e-06  8.226762125e-06  8.849128147e-07  2.310416779e-06  35.8356
4047  9246.308511  1.62954689  1.633124439e-05  3.201223937e-06  8.102305261e-06  8.228939131e-06  8.865081447e-07  2.314715792e-06  35.9022
4048  9249.265512  1.626903367  1.632054599e-05  3.207595006e-06  8.096656267e-06  8.223889722e-06  8.884534956e-07  2.31914151e-06  35.8512
4049  9252.228354  1.624292357  1.631443775e-05  3.214777378e-06  8.092895421e-06  8.221542333e-06  8.90694558e-07  2.32408282e-06  36.0826
4050  9255.194576  1.621622018  1.630013433e-05  3.220547355e-06  8.08712093e-06  8.213013405e-06  8.924093359e-07  2.328138019e-06  36.0294
4051  9258.164651  1.619080862  1.629392983e-05  3.227512682e-06  8.08533113e-06  8.208598699e-06  8.950456919e-07  2.33246699e-06  36.0236
4052  9261.142087  1.616389836  1.628462644e-05  3.234361913e-06  8.088808052e-06  8.195818392e-06  8.974349758e-07  2.336926938e-06  36.1102
4053  9264.124276  1.613826121  1.626907975e-05  3.23956881e-06  8.07212166e-06  8.196958091e-06  8.987523488e-07  2.340816461e-06  36.048
4054  9267.109802  1.611246808  1.617264284e-05  3.228682934e-06  8.025069695e-06  8.147573148e-06  8.961067912e-07  2.332576143e-06  36.1754
4055  9270.100822  1.608738749  1.619339106e-05  3.240943369e-06  8.034093217e-06  8.159297838e-06  8.999200315e-07  2.341023337e-06  36.0904
4056  9273.098335  1.606187923  1.624150948e-05  3.258876016e-06  8.05540456e-06  8.186104924e-06  9.048585101e-07  2.354017506e-06  36.3582
4057  9276.097248  1.603632408  1.62309014e-05  3.265080805e-06  8.051484415e-06  8.179416983e-06  9.068587284e-07  2.358222076e-06  36.2412
4058  9279.102264  1.601133076  1.622538805e-05  3.272139665e-06  8.053091657e-06  8.172296396e-06  9.094155474e-07  2.362724118e-06  36.256
4059  9282.110376  1.59867887  1.621678446e-05  3.278440703e-06  8.048802932e-06  8.16798153e-06  9.115232663e-07  2.366917436e-06  36.3292
4060  9285.128235  1.596226129  1.620705061e-05  3.284519076e-06  8.043707432e-06  8.16334318e-06  9.134266528e-07  2.371092424e-06  36.3594
4061  9288.147596  1.593840577  1.619775937e-05  3.290476361e-06  8.03802886e-06  8.159730509e-06  9.153556299e-07  2.375120731e-06  36.3436
4062  9291.174135  1.591476496  1.618156307e-05  3.29496655e-06  8.025175324e-06  8.156387749e-06  9.164658799e-07  2.37850067e-06  36.3774
4063  9294.19998  1.589208061  1.6168784e-05  3.299841406e-06  8.019051129e-06  8.14973287e-06  9.182205284e-07  2.381620877e-06  36.5244
4064  9297.233757  1.586979013  1.616164885e-05  3.305745675e-06  8.017423332e-06  8.14422552e-06  9.20382365e-07  2.38536331e-06  36.5056
4065  9300.27407  1.584710918  1.615554637e-05  3.312000878e-06  8.020286377e-06  8.135259995e-06  9.226703735e-07  2.389330504e-06  36.53
4066  9303.317072  1.582520691  1.614263005e-05  3.316609118e-06  8.011816053e-06  8.130813995e-06  9.238691056e-07  2.392740012e-06  36.5508
4067  9306.368286  1.580222285  1.6131832e-05  3.322017163e-06  8.008420295e-06  8.123411708e-06  9.260543218e-07  2.395962842e-06  36.5512
4068  9309.419387  1.577982632  1.61097461e-05  3.324907335e-06  7.990412619e-06  8.119333477e-06  9.271391247e-07  2.39776821e-06  36.5696
4069  9312.477154  1.575645199  1.609299337e-05  3.329222469e-06  7.981385125e-06  8.111608246e-06  9.28356656e-07  2.400865813e-06  36.6314
4070  9315.537195  1.573361718  1.609665885e-05  3.337593395e-06  7.980931316e-06  8.115727529e-06  9.307615441e-07  2.406831851e-06  36.7466
4071  9318.604845  1.571085435  1.60890535e-05  3.343618819e-06  7.98442139e-06  8.104632115e-06  9.332839384e-07  2.410334881e-06  36.7046
4072  9321.675984  1.56877939  1.6079656e-05  3.349380758e-06  7.979271407e-06  8.100384596e-06  9.352334786e-07  2.414147279e-06  36.776
4073  9324.75662  1.566449591  1.606833137e-05  3.354828824e-06  7.974015526e-06  8.09431584e-06  9.371310783e-07  2.417697746e-06  36.8012
4074  9327.838096  1.56398159  1.606136863e-05  3.361661465e-06  7.967343768e-06  8.094024866e-06  9.391184095e-07  2.422543055e-06  36.7142
4075  9330.92428  1.561580876  1.60510745e-05  3.367581793e-06  7.964470941e-06  8.086603555e-06  9.412215878e-07  2.426360206e-06  36.8312
4076  9334.013941  1.559259434  1.604269829e-05  3.373647074e-06  7.952858998e-06  8.089839293e-06  9.42873343e-07  2.430773731e-06  36.9074
4077  9337.110787  1.556804691  1.603040511e-05  3.379347173e-06  7.951586526e-06  8.07881858e-06  9.449690988e-07  2.434378074e-06  36.9466
4078  9340.211324  1.554392117  1.602037208e-05  3.385389785e-06  7.945559593e-06  8.074812488e-06  9.471073597e-07  2.438282425e-06  36.9592
4079  9343.317401  1.551956663  1.601436564e-05  3.39237243e-06  7.95104999e-06  8.063315649e-06  9.497757639e-07  2.442596667e-06  36.985
4080  9346.428924  1.549518176  1.600556395e-05  3.39878574e-06  7.942357469e-06  8.06320648e-06  9.516305095e-07  2.44715523e-06  36.9352
4081  9349.542744  1.546995408  1.598902515e-05  3.403850025e-06  7.936600643e-06  8.052424511e-06  9.534483158e-07  2.450401709e-06  37.0088
4082  9352.662691  1.54452714  1.597621727e-05  3.409528649e-06  7.920610365e-06  8.0556069e-06  9.552116914e-07  2.454316957e-06  37.0178
4083  9355.784793  1.542033071  1.596251347e-05  3.415110993e-06  7.918238951e-06  8.044274515e-06  9.56992949e-07  2.458118044e-06  37.1488
4084  9358.915899  1.53956662  1.595379334e-05  3.421674351e-06  7.910911451e-06  8.042881887e-06  9.590227997e-07  2.462651552e-06  37.2234
4085  9362.053148  1.537060834  1.594603946e-05  3.428591911e-06  7.917352983e-06  8.02868648e-06  9.617672362e-07  2.466824675e-06  37.1138
4086  9365.18929  1.534543607  1.593935478e-05  3.435792417e-06  7.910689529e-06  8.028665256e-06  9.641442279e-07  2.471648189e-06  37.2154
4087  9368.338939  1.532048693  1.592915742e-05  3.44217155e-06  7.906133203e-06  8.023024214e-06  9.665350818e-07  2.475636469e-06  37.1992
4088  9371.484501  1.529601358  1.591349194e-05  3.447212528e-06  7.889042224e-06  8.024449719e-06  9.674922905e-07  2.479720237e-06  37.192
4089  9374.639918  1.527132048  1.590783543e-05  3.454506927e-06  7.892566911e-06  8.015268522e-06  9.700089176e-07  2.484498009e-06  37.297
4090  9377.79361  1.524683207  1.589744937e-05  3.460715888e-06  7.878501719e-06  8.018947647e-06  9.719462669e-07  2.488769621e-06  37.3476
4091  9380.957135  1.522282274  1.58910451e-05  3.467637323e-06  7.884816096e-06  8.006229005e-06  9.746033735e-07  2.493033949e-06  37.3772
4092  9384.126521  1.519802205  1.587856892e-05  3.473518749e-06  7.881424818e-06  7.997144106e-06  9.767179355e-07  2.496800814e-06  37.3792
4093  9387.298827  1.517240697  1.586453112e-05  3.479348884e-06  7.874368159e-06  7.990162963e-06  9.787660979e-07  2.500582786e-06  37.3512
4094  9390.47623  1.514758348  1.585248942e-05  3.485349064e-06  7.864870606e-06  7.987618809e-06  9.804719379e-07  2.504877126e-06  37.4316
4095  9393.658994  1.512241988  1.583460676e-05  3.49018889e-06  7.850558843e-06  7.984047915e-06  9.820231188e-07  2.508165771e-06  37.4222
4096  9396.845797  1.509707054  1.581667752e-05  3.495085603e-06  7.842779045e-06  7.97389847e-06  9.835186233e-07  2.51156698e-06  37.552
4097  9400.035046  1.507240624  1.570523582e-05  3.479030016e-06  7.789996181e-06  7.915239635e-06  9.796739136e-07  2.499356103e-06  37.5562
4098  9403.233775  1.504598491  1.580876101e-05  3.511227846e-06  7.843037778e-06  7.965723234e-06  9.890817111e-07  2.522146135e-06  37.5816
4099  9406.435427  1.502069569  1.579443563e-05  3.516928888e-06  7.837060211e-06  7.957375418e-06  9.910749551e-07  2.525853933e-06  37.5604
4100  9409.641991  1.499589094  1.568968261e-05  3.502280205e-06  7.78906949e-06  7.900613115e-06  9.876991384e-07  2.514581066e-06  37.6036
4101  9412.852038  1.497020585  1.575199927e-05  3.525233621e-06  7.806955188e-06  7.945044083e-06  9.937732914e-07  2.53146033e-06  37.5812
4102  9416.067869  1.494463325  1.577958196e-05  3.540448798e-06  7.826479904e-06  7.953102051e-06  9.98258105e-07  2.542190693e-06  37.7028
4103  9419.289076  1.491862923  1.57674898e-05  3.546947199e-06  7.814652723e-06  7.952837077e-06  1.000603662e-06  2.546343537e-06  37.7712
4104  9422.511609  1.489200148  1.575587993e-05  3.553785867e-06  7.817782309e-06  7.938097618e-06  1.003199825e-06  2.550586042e-06  37.7112
4105  9425.743497  1.486630435  1.574329276e-05  3.560083442e-06  7.811994284e-06  7.931298474e-06  1.005101669e-06  2.554981773e-06  37.7954
4106  9428.976926  1.484070586  1.572958425e-05  3.566100494e-06  7.804746245e-06  7.924838009e-06  1.007648548e-06  2.558451946e-06  37.7462
4107  9432.218299  1.481498729  1.568913815e-05  3.56609053e-06  7.782339435e-06  7.906798711e-06  1.007385355e-06  2.558705175e-06  37.8286
4108  9435.462146  1.47899842  1.561029315e-05  3.557051936e-06  7.740105635e-06  7.870187518e-06  1.005407304e-06  2.551644632e-06  37.7952
4109  9438.711161  1.476453062  1.568870052e-05  3.584029332e-06  7.775423265e-06  7.913277252e-06  1.013160721e-06  2.570868611e-06  37.9302
4110  9441.964938  1.473866995  1.567919699e-05  3.591133196e-06  7.771987423e-06  7.907209571e-06  1.015308472e-06  2.575824724e-06  37.9556
4111  9445.222361  1.4713246  1.567446465e-05  3.599188245e-06  7.775842284e-06  7.898622362e-06  1.018623459e-06  2.580564786e-06  37.9168
4112  9448.483587  1.468794211  1.566377223e-05  3.605845698e-06  7.770126286e-06  7.893645943e-06  1.020865376e-06  2.584980322e-06  37.9336
4113  9451.752231  1.466257541  1.56533876e-05  3.612607504e-06  7.765807533e-06  7.887580064e-06  1.023215303e-06  2.589392201e-06  37.973
4114  9455.025925  1.463758926  1.563897545e-05  3.618310843e-06  7.749401316e-06  7.889574138e-06  1.02478904e-06  2.593521802e-06  38.0306
4115  9458.307984  1.461258778  1.562704327e-05  3.624600876e-06  7.746268158e-06  7.880775115e-06  1.026874324e-06  2.597726552e-06  38.0728
4116  9461.587779  1.458799299  1.561063987e-05  3.629712434e-06  7.735227164e-06  7.875412706e-06  1.028650766e-06  2.601061667e-06  38.0888
4117  9464.872053  1.456382935  1.548574724e-05  3.609384046e-06  7.677976697e-06  7.807770546e-06  1.023430818e-06  2.585953228e-06  38.1332
4118  9468.16746  1.453967176  1.553799767e-05  3.630321857e-06  7.706755372e-06  7.831242293e-06  1.029932139e-06  2.600389718e-06  38.1694
4119  9471.463682  1.451511126  1.559878097e-05  3.653485497e-06  7.736755866e-06  7.862025109e-06  1.03700283e-06  2.616482667e-06  38.115
4120  9474.76441  1.449150194  1.558222272e-05  3.658233941e-06  7.726593547e-06  7.855629168e-06  1.038140215e-06  2.620093727e-06  38.1658
4121  9478.071411  1.446757859  1.556374669e-05  3.662648137e-06  7.717296783e-06  7.846449907e-06  1.040061857e-06  2.622586281e-06  38.1908
4122  9481.384152  1.444353837  1.555070153e-05  3.668386484e-06  7.703957325e-06  7.846744202e-06  1.041838497e-06  2.626547986e-06  38.3112
4123  9484.697773  1.442028231  1.554105888e-05  3.674647651e-06  7.705402586e-06  7.835656293e-06  1.044116052e-06  2.630531599e-06  38.2992
4124  9488.021381  1.439631686  1.553299705e-05  3.681553895e-06  7.699858789e-06  7.833138263e-06  1.046657037e-06  2.634896858e-06  38.346
4125  9491.345018  1.437182942  1.552127956e-05  3.687796095e-06  7.699737967e-06  7.821541589e-06  1.049029255e-06  2.63876684e-06  38.321
4126  9494.68037  1.434776451  1.551297874e-05  3.694704434e-06  7.688433772e-06  7.824544965e-06  1.051331447e-06  2.643372987e-06  38.356
4127  9498.012155  1.432387862  1.550147012e-05  3.700792566e-06  7.684467101e-06  7.817003015e-06  1.053255637e-06  2.647536929e-06  38.3174
4128  9501.355608  1.429936579  1.549370904e-05  3.708017969e-06  7.674719543e-06  7.818989499e-06  1.055505024e-06  2.652512946e-06  38.4572
4129  9504.695731  1.427437207  1.548610281e-05  3.715472367e-06  7.674768151e-06  7.81133466e-06  1.058037936e-06  2.657434431e-06  38.458
4130  9508.046121  1.424994351  1.54740879e-05  3.721670125e-06  7.670650668e-06  7.803437231e-06  1.060841561e-06  2.660828564e-06  38.4766
4131  9511.398616  1.422538722  1.546491063e-05  3.728607744e-06  7.668168208e-06  7.796742423e-06  1.06274856e-06  2.665859184e-06  38.5182
4132  9514.75833  1.420049017  1.545203404e-05  3.734790142e-06  7.661668458e-06  7.790365579e-06  1.065147187e-06  2.669642956e-06  38.4536
4133  9518.11923  1.41756039  1.541764361e-05  3.735763265e-06  7.645042017e-06  7.772601593e-06  1.065638577e-06  2.670124688e-06  38.539
4134  9521.492919  1.415069537  1.540163726e-05  3.74119202e-06  7.630472379e-06  7.771164882e-06  1.067400807e-06  2.673791213e-06  38.5716
4135  9524.862919  1.412588231  1.539860569e-05  3.749748363e-06  7.626906805e-06  7.771698887e-06  1.070229466e-06  2.679518898e-06  38.6294
4136  9528.241461  1.410171723  1.529934254e-05  3.734590349e-06  7.587720554e-06  7.71162199e-06  1.066328712e-06  2.668261637e-06  38.6866
4137  9531.624767  1.407595357  1.536365478e-05  3.759963627e-06  7.616388818e-06  7.747265961e-06  1.074146272e-06  2.685817355e-06  38.6398
4138  9535.012189  1.405077989  1.539021571e-05  3.775957431e-06  7.633406049e-06  7.756809658e-06  1.079199722e-06  2.696757709e-06  38.7072
4139  9538.407196  1.40254427  1.536056688e-05  3.778244044e-06  7.618360839e-06  7.742206045e-06  1.080178174e-06  2.69806587e-06  38.6354
4140  9541.800013  1.399986508  1.536187931e-05  3.788243908e-06  7.612293615e-06  7.749585694e-06  1.083015073e-06  2.705228835e-06  38.6922
4141  9545.203897  1.39749111  1.535216221e-05  3.795306664e-06  7.604030601e-06  7.748131613e-06  1.085387852e-06  2.709918812e-06  38.8382
4142  9548.614426  1.394994378  1.534228725e-05  3.80234701e-06  7.603485753e-06  7.738801501e-06  1.087568478e-06  2.714778533e-06  38.868
4143  9552.022471  1.392504782  1.533401545e-05  3.809769965e-06  7.600511788e-06  7.733503666e-06  1.090469247e-06  2.719300718e-06  38.7426
4144  9555.43801  1.389935678  1.531399898e-05  3.814584316e-06  7.595588211e-06  7.718410771e-06  1.092477682e-06  2.722106633e-06  38.894
4145  9558.860577  1.387399527  1.519564933e-05  3.794716222e-06  7.533066784e-06  7.662582545e-06  1.08668763e-06  2.708028592e-06  38.7714
4146  9562.284621  1.384869607  1.529228257e-05  3.82852146e-06  7.578932684e-06  7.713349881e-06  1.096742317e-06  2.731779143e-06  38.9114
4147  9565.720561  1.382316479  1.52790419e-05  3.834985294e-06  7.56940332e-06  7.70963858e-06  1.098992618e-06  2.735992676e-06  38.9202
