# EXAFS_metadata: Balder, v0.6.1, 2025/06/24
# sample: Ni foil 6 µm
# sample_environment: in air
# sample_preparation: clamped foil
# measured_by: Anna Freiberg
# analysis_note1: none
# facility: Max IV Laboratory, Lund, Sweden
# beamline: Balder
# filename: Ni_foil_EXAFS_61348_r3.dat
# masterfile: 20250622.h5
# detection_mode: transmission
# scan_mode: continuous
# scan_range: 8083.101..9565.720 eV
# scan_points_one_repeat: 2074
# scan_start_time: 2025-06-22 17:54:36.339666
# scan_end_time: 2025-06-22 17:55:43.256623
# scan_duration_all_repeats: 66.92 s
# scan_repeat: 3 of 3
# flux_on_sample: ~1.8e+12 ph/s
# beam_size_on_sample: ~70×70 µm²
# storage_ring_energy: 3 GeV
# storage_ring_energy_spread: 8.3e-4
# storage_ring_current: ~400 mA (10 min topup)
# storage_ring_emittance: ~310×5.5 pmrad²
# storage_ring_beta: 9.5×2.0 m²
# storage_ring_filling_mode: 176 bunches
# ID: IVW50
# ID_gap: 4.5 mm
# ID_taper: 0.15 mm
# ID_K: 8.5
# ID_E_critical: 10.6 keV
# monochromator: Si111 fixed-exit DCM
# lattice_spacing_used_in_calculations: 5.429434 Å
# lattice_spacing_ref: xrt.rtfd.io/raycing.html#xrt.backends.raycing.materials.CrystalSi
# temperature_of_crystals: 89 K
# distances: Source-DCM: 27.2 m, DCM-sample: 18.9 m
# encoder_on_Bragg_axis: resolution: 3.2e8 count/rev
# measurement_of_Bragg_axis: gate-averaged at each scan point
# energy_resolution: 2e-4 = 1.62 eV
# detuning_factor: 1 (at maximum)
# mirrors: pre-mono VCM + post-mono ULE glass toroidal VFM, both ~2.5 mrad
# filters: at pre-VCM: 1 filter: 60 µm diamond
# detector_I0: split-electrode IC (40cm): 1 bar N2, 2.5 kV
# detector_It: split-electrode IC (40cm): 2.1 bar N2, 2.5 kV
# column_0: pointInd: continuous zero-based point index throughout all repeats
# column_1: energy: averaged energy (eV) within the gate duration
# column_2: mud_tr: transmission-detected µd = log(I0/Itr)
# column_3: I0: incident intensity as current (A), = I0t+I0b
# column_4: Itr: transmitted intensity as current (A), = Itrl+Itrr
# column_5: I0t: I0 top channel (A), must be summed with bottom
# column_6: I0b: I0 bottom channel (A), must be summed with top
# column_7: Itrl: Itr left channel (A), must be summed with right
# column_8: Itrr: Itr right channel (A), must be summed with left
# column_9: inttime: integration time (ms)
#L pointInd energy mud_tr I0 Itr I0t I0b Itrl Itrr inttime
4148  8083.100439  0.746418487  2.021326685e-05  9.582329034e-06  1.012028328e-05  1.009298357e-05  2.166551854e-06  7.41577718e-06  3.2138
4149  8083.300599  0.7462414884  2.021809547e-05  9.586314709e-06  1.011381878e-05  1.010427668e-05  2.170541201e-06  7.415773508e-06  3.2058
4150  8083.50093  0.746149731  2.021098325e-05  9.583821832e-06  1.009821779e-05  1.011276546e-05  2.168730002e-06  7.415091829e-06  3.1654
4151  8083.700325  0.7459904475  2.021978316e-05  9.589521978e-06  1.015701055e-05  1.00627726e-05  2.170095011e-06  7.419426967e-06  3.197
4152  8083.900344  0.7458063918  2.021993061e-05  9.591357092e-06  1.015706607e-05  1.006286454e-05  2.17723148e-06  7.414125613e-06  3.1968
4153  8084.100857  0.7457295416  2.021059317e-05  9.587664649e-06  1.008345386e-05  1.012713932e-05  2.165531589e-06  7.42213306e-06  3.1914
4154  8084.30109  0.7455613787  2.021327768e-05  9.590550789e-06  1.012009555e-05  1.009318214e-05  2.171583236e-06  7.418967553e-06  3.18
4155  8084.500199  0.7455041888  2.019352674e-05  9.581727564e-06  1.008656442e-05  1.010696232e-05  2.168947279e-06  7.412780285e-06  3.201
4156  8084.700246  0.7452253937  2.021247864e-05  9.593394362e-06  1.011753593e-05  1.009494271e-05  2.176340959e-06  7.417053403e-06  3.1766
4157  8084.900233  0.7452750912  2.018527383e-05  9.580006103e-06  1.006754505e-05  1.011772878e-05  2.161419143e-06  7.41858696e-06  3.1714
4158  8085.100156  0.7450285674  2.01839447e-05  9.581737129e-06  1.006737534e-05  1.011656936e-05  2.167355464e-06  7.414381665e-06  3.1876
4159  8085.300483  0.7448686374  2.021576932e-05  9.598379883e-06  1.01031695e-05  1.011259982e-05  2.17946785e-06  7.418912033e-06  3.19
4160  8085.500039  0.7447659408  2.019084643e-05  9.587531135e-06  1.005945116e-05  1.013139527e-05  2.163111767e-06  7.424419367e-06  3.1902
4161  8085.701131  0.7445339161  2.017566368e-05  9.582544802e-06  1.005496979e-05  1.012069389e-05  2.170185607e-06  7.412359196e-06  3.1714
4162  8085.900034  0.7445420014  2.017848981e-05  9.583809598e-06  1.002959603e-05  1.014889377e-05  2.166667595e-06  7.417142003e-06  3.1684
4163  8086.099526  0.7443183999  2.020953029e-05  9.600698824e-06  1.011410874e-05  1.009542155e-05  2.171696065e-06  7.429002759e-06  3.1642
4164  8086.300426  0.744172341  2.018705392e-05  9.591422051e-06  1.009573433e-05  1.009131959e-05  2.172562972e-06  7.418859079e-06  3.2188
4165  8086.500251  0.7439463309  2.017234982e-05  9.586602158e-06  9.997530359e-06  1.017481947e-05  2.163188784e-06  7.423413374e-06  3.1746
4166  8086.700424  0.743885629  2.019696688e-05  9.598883693e-06  1.004292086e-05  1.015404602e-05  2.176614586e-06  7.422269106e-06  3.2156
4167  8086.899824  0.7436779205  2.019501992e-05  9.599952158e-06  1.012769375e-05  1.006732617e-05  2.171523976e-06  7.428428182e-06  3.1794
4168  8087.101011  0.7435302615  2.015371383e-05  9.58173152e-06  1.001535212e-05  1.013836171e-05  2.160951326e-06  7.420780194e-06  3.179
4169  8087.300764  0.7433350304  2.018777907e-05  9.599801242e-06  1.006626189e-05  1.012151718e-05  2.181299984e-06  7.418501258e-06  3.1992
4170  8087.500058  0.743295802  2.016454467e-05  9.589128856e-06  1.002754562e-05  1.013699906e-05  2.160694086e-06  7.42843477e-06  3.1584
4171  8087.700408  0.7431489805  2.018974232e-05  9.602521201e-06  1.008767962e-05  1.010206271e-05  2.173888668e-06  7.428632532e-06  3.1822
4172  8087.90028  0.7430172998  2.019420341e-05  9.605907784e-06  1.00669674e-05  1.0127236e-05  2.174301509e-06  7.431606275e-06  3.168
4173  8088.100554  0.7428118023  2.016568132e-05  9.594311901e-06  1.004189027e-05  1.012379105e-05  2.168400605e-06  7.425911296e-06  3.1948
4174  8088.300284  0.7426977878  2.016977617e-05  9.5973543e-06  1.007860395e-05  1.009117222e-05  2.177610293e-06  7.419744007e-06  3.2082
4175  8088.500499  0.7424550264  2.016996348e-05  9.599773599e-06  1.003085802e-05  1.013910545e-05  2.165842236e-06  7.433931363e-06  3.1822
4176  8088.70136  0.7423564775  2.016933111e-05  9.600418692e-06  1.006141723e-05  1.010791388e-05  2.179799778e-06  7.420618913e-06  3.1742
4177  8088.900179  0.7422706616  2.016025292e-05  9.59692109e-06  1.00104036e-05  1.014984932e-05  2.161726817e-06  7.435194273e-06  3.1896
4178  8089.100808  0.7420787513  2.0190047e-05  9.612948667e-06  1.007526847e-05  1.011477853e-05  2.183863828e-06  7.429084839e-06  3.139
4179  8089.300086  0.7420617171  2.017049534e-05  9.603803259e-06  1.005061292e-05  1.011988242e-05  2.172331382e-06  7.431471877e-06  3.1776
4180  8089.500497  0.7418633316  2.015741631e-05  9.599480133e-06  1.000937633e-05  1.014803998e-05  2.167891614e-06  7.431588519e-06  3.1732
4181  8089.700209  0.7416982022  2.015974063e-05  9.602172503e-06  1.003244623e-05  1.01272944e-05  2.174617394e-06  7.427555108e-06  3.1688
4182  8089.900347  0.7415249605  2.017159086e-05  9.609481438e-06  1.002210382e-05  1.014948704e-05  2.168913098e-06  7.44056834e-06  3.1722
4183  8090.100695  0.7413802943  2.016412795e-05  9.607315958e-06  1.004391551e-05  1.012021244e-05  2.177850664e-06  7.429465294e-06  3.202
4184  8090.301226  0.7411892251  2.015705139e-05  9.605779483e-06  1.001407378e-05  1.014297761e-05  2.173905066e-06  7.431874417e-06  3.1838
4185  8090.500264  0.7410752676  2.01679435e-05  9.612065388e-06  1.000217486e-05  1.016576864e-05  2.170895444e-06  7.441169944e-06  3.1612
4186  8090.700239  0.74101177  2.014968872e-05  9.603974951e-06  1.000508046e-05  1.014460826e-05  2.173984077e-06  7.429990874e-06  3.174
4187  8090.900183  0.7407517232  2.015107883e-05  9.607135502e-06  1.0008933e-05  1.014214583e-05  2.173111743e-06  7.434023759e-06  3.1758
4188  8091.100577  0.7406183057  2.01645451e-05  9.61483832e-06  1.005278987e-05  1.011175523e-05  2.177720717e-06  7.437117604e-06  3.1704
4189  8091.30028  0.7405117148  2.014773318e-05  9.607846132e-06  1.00256875e-05  1.012204568e-05  2.169801897e-06  7.438044234e-06  3.192
4190  8091.500402  0.7402958315  2.015798521e-05  9.61481047e-06  1.000073119e-05  1.015725402e-05  2.178227087e-06  7.436583383e-06  3.222
4191  8091.701098  0.7401341058  2.015077829e-05  9.612927496e-06  9.975059032e-06  1.017571926e-05  2.176758051e-06  7.436169446e-06  3.2002
4192  8091.90039  0.7399595206  2.015066012e-05  9.614549532e-06  1.003992156e-05  1.011073856e-05  2.173250334e-06  7.441299198e-06  3.1764
4193  8092.100903  0.7399041875  2.01447887e-05  9.612279946e-06  1.003071638e-05  1.011407232e-05  2.178983297e-06  7.433296649e-06  3.1726
4194  8092.29986  0.7396940665  2.016171917e-05  9.622380133e-06  1.004386209e-05  1.011785707e-05  2.181895857e-06  7.440484275e-06  3.1976
4195  8092.499707  0.7396046427  2.013105772e-05  9.608605852e-06  9.974798164e-06  1.015625955e-05  2.167863801e-06  7.440742051e-06  3.1954
4196  8092.700119  0.7394255038  2.01602662e-05  9.624271066e-06  1.005641324e-05  1.010385296e-05  2.179462534e-06  7.444808531e-06  3.2036
4197  8092.90092  0.739318373  2.01522994e-05  9.621498514e-06  1.001523018e-05  1.013706923e-05  2.181734972e-06  7.439763542e-06  3.1984
4198  8093.100232  0.7391034176  2.014361008e-05  9.619417414e-06  1.003021621e-05  1.011339387e-05  2.177741754e-06  7.441675659e-06  3.2078
4199  8093.300487  0.7389146604  2.013841545e-05  9.618752198e-06  1.001434566e-05  1.012406979e-05  2.175566655e-06  7.443185542e-06  3.1798
4200  8093.500806  0.738844787  2.013351404e-05  9.617083084e-06  9.990049569e-06  1.014346448e-05  2.176239457e-06  7.440843627e-06  3.1838
4201  8093.700906  0.7387556164  2.013893669e-05  9.620531124e-06  1.001723437e-05  1.012170232e-05  2.183323629e-06  7.437207496e-06  3.1728
4202  8093.900368  0.7386032487  2.014889469e-05  9.626754833e-06  1.002363594e-05  1.012525875e-05  2.1708907e-06  7.455864133e-06  3.1656
4203  8094.100138  0.7384328929  2.016753671e-05  9.637303262e-06  1.004920696e-05  1.011832975e-05  2.193331688e-06  7.443971574e-06  3.1802
4204  8094.300493  0.7383728425  2.011370428e-05  9.61215598e-06  9.943965965e-06  1.016973832e-05  2.166273322e-06  7.445882657e-06  3.2076
4205  8094.500542  0.7381129919  2.013586622e-05  9.625247768e-06  1.001064403e-05  1.012522218e-05  2.184281992e-06  7.440965776e-06  3.1536
4206  8094.699598  0.7380937476  2.015902763e-05  9.636504718e-06  1.0041211e-05  1.011781662e-05  2.178339853e-06  7.458164865e-06  3.173
4207  8094.900601  0.7378899737  2.013371524e-05  9.626366182e-06  9.999483474e-06  1.013423176e-05  2.177669507e-06  7.448696675e-06  3.155
4208  8095.100626  0.7376286123  2.011951837e-05  9.622092869e-06  9.951849161e-06  1.016766921e-05  2.183850448e-06  7.438242421e-06  3.2228
4209  8095.300373  0.7376819061  2.014481516e-05  9.633677542e-06  9.997129668e-06  1.014768549e-05  2.17296941e-06  7.460708131e-06  3.1374
4210  8095.500448  0.7374856682  2.015914255e-05  9.642421229e-06  1.005776222e-05  1.010138033e-05  2.193214104e-06  7.449207125e-06  3.1714
4211  8095.700235  0.7373378932  2.011077701e-05  9.620708856e-06  9.944123997e-06  1.016665301e-05  2.169234328e-06  7.451474528e-06  3.1746
4212  8095.900802  0.7372291704  2.014298026e-05  9.637162156e-06  1.002358925e-05  1.011939101e-05  2.191599148e-06  7.445563008e-06  3.177
4213  8096.100022  0.7370541528  2.013685804e-05  9.635919364e-06  9.992285089e-06  1.014457295e-05  2.176791061e-06  7.459128303e-06  3.1854
4214  8096.300878  0.7369650635  2.013378536e-05  9.635307385e-06  1.003099432e-05  1.010279104e-05  2.184118099e-06  7.451189286e-06  3.1554
4215  8096.500435  0.7367563599  2.013888089e-05  9.639757564e-06  1.002197446e-05  1.011690644e-05  2.185196787e-06  7.454560778e-06  3.1812
4216  8096.70102  0.7367224092  2.01493457e-05  9.645094143e-06  1.001190666e-05  1.013743904e-05  2.187334196e-06  7.457759947e-06  3.1752
4217  8096.900845  0.7364940135  2.012056778e-05  9.633518724e-06  1.000974276e-05  1.011082502e-05  2.180444374e-06  7.45307435e-06  3.1694
4218  8097.100138  0.7364346174  2.011101702e-05  9.629517857e-06  9.976671034e-06  1.013434598e-05  2.183669039e-06  7.445848818e-06  3.1904
4219  8097.300297  0.7362885579  2.015279114e-05  9.650929569e-06  1.006078196e-05  1.009200918e-05  2.188983061e-06  7.461946508e-06  3.188
4220  8097.500697  0.7361781859  2.011904837e-05  9.63583403e-06  1.001808613e-05  1.010096224e-05  2.185878935e-06  7.449955095e-06  3.159
4221  8097.700304  0.7360615508  2.0118078e-05  9.636493165e-06  9.978840103e-06  1.013923789e-05  2.179712963e-06  7.456780202e-06  3.17
4222  8097.900472  0.7359479791  2.015333536e-05  9.654477737e-06  1.001694157e-05  1.013639378e-05  2.190205376e-06  7.464272361e-06  3.1788
4223  8098.100097  0.7358218621  2.012862801e-05  9.643857834e-06  1.001766187e-05  1.011096614e-05  2.186205451e-06  7.457652383e-06  3.1982
4224  8098.300851  0.7356868528  2.012083579e-05  9.641426086e-06  1.000848004e-05  1.011235575e-05  2.185853613e-06  7.455572474e-06  3.176
4225  8098.500022  0.7354933429  2.012988636e-05  9.647629636e-06  1.000099302e-05  1.012889334e-05  2.188675119e-06  7.458954517e-06  3.1812
4226  8098.699818  0.7354497231  2.012580306e-05  9.646093387e-06  1.002515558e-05  1.010064748e-05  2.186802464e-06  7.459290923e-06  3.1692
4227  8098.900484  0.7353909895  2.010773546e-05  9.637999827e-06  9.957216518e-06  1.015051894e-05  2.186408876e-06  7.451590951e-06  3.1738
4228  8099.100173  0.7352260697  2.01435402e-05  9.656754142e-06  9.993299851e-06  1.015024035e-05  2.189176963e-06  7.467577179e-06  3.1704
4229  8099.300559  0.7351391003  2.012603485e-05  9.649201277e-06  1.000799161e-05  1.011804324e-05  2.185098594e-06  7.464102682e-06  3.1908
4230  8099.500492  0.734922406  2.013029367e-05  9.653334716e-06  1.0024975e-05  1.010531867e-05  2.194184278e-06  7.459150438e-06  3.166
4231  8099.701056  0.7348000413  2.009326031e-05  9.636754765e-06  9.919960944e-06  1.017329936e-05  2.177305955e-06  7.45944881e-06  3.187
4232  8099.900803  0.7346215297  2.013862076e-05  9.660234012e-06  1.00403299e-05  1.009829086e-05  2.194237944e-06  7.465996068e-06  3.1452
4233  8100.100183  0.734626736  2.011323643e-05  9.64800725e-06  9.985143707e-06  1.012809273e-05  2.181956734e-06  7.466050516e-06  3.1774
4234  8100.30014  0.7343304173  2.013154414e-05  9.659651083e-06  1.000836811e-05  1.012317603e-05  2.194242191e-06  7.465408892e-06  3.164
4235  8100.500458  0.7343010893  2.011987931e-05  9.654337127e-06  9.964520804e-06  1.015535851e-05  2.187834952e-06  7.466502175e-06  3.1888
4236  8100.700446  0.7341247985  2.010127261e-05  9.647109418e-06  9.991876385e-06  1.010939622e-05  2.179040486e-06  7.468068932e-06  3.16
4237  8100.900401  0.734061973  2.012571676e-05  9.659447625e-06  1.002720561e-05  1.009851115e-05  2.203060617e-06  7.456387009e-06  3.1892
4238  8101.099585  0.7338463468  2.010697419e-05  9.652533141e-06  9.95089513e-06  1.015607906e-05  2.179929505e-06  7.472603636e-06  3.1804
4239  8101.300851  0.7337489134  2.011859508e-05  9.659052921e-06  1.003686144e-05  1.008173363e-05  2.199692968e-06  7.459359954e-06  3.1614
4240  8101.499816  0.7336960048  2.010188606e-05  9.651541462e-06  9.962727704e-06  1.013915835e-05  2.179934284e-06  7.471607178e-06  3.1746
4241  8101.70018  0.7334314446  2.014560882e-05  9.675093426e-06  1.005961424e-05  1.008599457e-05  2.205264887e-06  7.469828539e-06  3.1418
4242  8101.899728  0.7333006165  2.011249144e-05  9.660452309e-06  9.981157776e-06  1.013133366e-05  2.188391961e-06  7.472060348e-06  3.2058
4243  8102.100666  0.7332533248  2.009133159e-05  9.65074518e-06  9.957819242e-06  1.013351235e-05  2.184699492e-06  7.466045688e-06  3.154
4244  8102.300919  0.73312292  2.013092698e-05  9.671025642e-06  1.005246277e-05  1.00784642e-05  2.203212851e-06  7.46781279e-06  3.1966
4245  8102.499981  0.732858617  2.010204237e-05  9.659702041e-06  9.975747715e-06  1.012629465e-05  2.181119178e-06  7.478582863e-06  3.155
4246  8102.700891  0.7327891866  2.011659571e-05  9.667366594e-06  1.0027946e-05  1.008864971e-05  2.206566677e-06  7.460799918e-06  3.168
4247  8102.900423  0.7327006614  2.010299227e-05  9.6616845e-06  9.939096711e-06  1.016389556e-05  2.181537993e-06  7.480146507e-06  3.188
4248  8103.101007  0.7324639373  2.012247149e-05  9.673336035e-06  1.001507274e-05  1.010739876e-05  2.198888605e-06  7.47444743e-06  3.1378
4249  8103.300498  0.7324276106  2.009881647e-05  9.662315512e-06  9.972196546e-06  1.012661992e-05  2.184914989e-06  7.477400524e-06  3.1848
4250  8103.499965  0.7322359805  2.010123892e-05  9.665332075e-06  9.981267237e-06  1.011997168e-05  2.197297908e-06  7.468034167e-06  3.1536
4251  8103.700816  0.732177455  2.011905658e-05  9.674465574e-06  1.002076547e-05  1.009829112e-05  2.194556652e-06  7.479908922e-06  3.193
4252  8103.900261  0.732036838  2.008610772e-05  9.659980022e-06  9.932432796e-06  1.015367493e-05  2.192063688e-06  7.467916334e-06  3.1466
4253  8104.100032  0.7319080243  2.01185808e-05  9.676843676e-06  9.974094288e-06  1.014448651e-05  2.192187498e-06  7.484656179e-06  3.167
4254  8104.299729  0.7317459477  2.011871578e-05  9.67847713e-06  9.984053364e-06  1.013466242e-05  2.197786827e-06  7.480690303e-06  3.177
4255  8104.499774  0.73162503  2.01023658e-05  9.67178109e-06  1.00092977e-05  1.009306809e-05  2.196292182e-06  7.475488908e-06  3.1538
4256  8104.700718  0.7314657143  2.009537115e-05  9.669956231e-06  9.97115621e-06  1.012421494e-05  2.19716396e-06  7.472792272e-06  3.1816
4257  8104.900452  0.7313805656  2.010280434e-05  9.674356831e-06  9.965785721e-06  1.013701862e-05  2.192001524e-06  7.482355308e-06  3.1648
4258  8105.100456  0.7313105299  2.010123507e-05  9.674279151e-06  9.97860443e-06  1.012263065e-05  2.191887444e-06  7.482391707e-06  3.1646
4259  8105.299757  0.7310575325  2.011980226e-05  9.685665263e-06  1.002461397e-05  1.009518829e-05  2.205928066e-06  7.479737197e-06  3.1598
4260  8105.500518  0.7309560576  2.010848278e-05  9.68119842e-06  9.981072493e-06  1.012741029e-05  2.191670816e-06  7.489527605e-06  3.1742
4261  8105.700102  0.7308551323  2.00920021e-05  9.674240148e-06  9.995805992e-06  1.009619611e-05  2.200457615e-06  7.473782533e-06  3.1786
4262  8105.899469  0.7307980586  2.008001439e-05  9.669019931e-06  9.951996163e-06  1.012801823e-05  2.184826156e-06  7.484193775e-06  3.1644
4263  8106.099571  0.7305800278  2.012704463e-05  9.693779459e-06  1.005257827e-05  1.007446636e-05  2.216281442e-06  7.477498017e-06  3.1868
4264  8106.29969  0.7305316653  2.008800658e-05  9.675445496e-06  9.970743267e-06  1.011726331e-05  2.186829798e-06  7.488615698e-06  3.155
4265  8106.500006  0.7302594521  2.008333176e-05  9.675827387e-06  9.968249805e-06  1.011508196e-05  2.193441782e-06  7.482385605e-06  3.172
4266  8106.70014  0.7302933481  2.012448804e-05  9.695327185e-06  1.003597881e-05  1.008850923e-05  2.210706095e-06  7.48462109e-06  3.1896
4267  8106.900241  0.730028776  2.009246263e-05  9.682459749e-06  9.963008935e-06  1.01294537e-05  2.189690067e-06  7.492769681e-06  3.1846
4268  8107.100415  0.7299139107  2.010557127e-05  9.689889704e-06  1.001637777e-05  1.00891935e-05  2.207957634e-06  7.48193207e-06  3.1804
4269  8107.299952  0.7297248643  2.008414885e-05  9.681395221e-06  9.937849556e-06  1.01462993e-05  2.186840912e-06  7.494554309e-06  3.171
4270  8107.500127  0.7296815768  2.00989665e-05  9.688957346e-06  9.994638171e-06  1.010432833e-05  2.210315651e-06  7.478641695e-06  3.194
4271  8107.699777  0.7295632653  2.009730496e-05  9.689302669e-06  9.97136893e-06  1.012593603e-05  2.193555128e-06  7.495747541e-06  3.1858
4272  8107.89996  0.7293830907  2.011260626e-05  9.698426975e-06  9.979399433e-06  1.013320683e-05  2.205517626e-06  7.492909349e-06  3.1746
4273  8108.100179  0.7293022447  2.010055506e-05  9.693399453e-06  9.970852159e-06  1.012970291e-05  2.196709295e-06  7.496690158e-06  3.2228
4274  8108.300184  0.7291346383  2.008563433e-05  9.687827605e-06  9.940722023e-06  1.014491231e-05  2.196354571e-06  7.491473033e-06  3.158
4275  8108.50033  0.7290296288  2.011160625e-05  9.701373224e-06  1.001315132e-05  1.009845493e-05  2.211001844e-06  7.490371379e-06  3.1714
4276  8108.701002  0.7289581583  2.010076562e-05  9.696836969e-06  9.977437723e-06  1.01233279e-05  2.194808369e-06  7.502028599e-06  3.1656
4277  8108.900531  0.7287793158  2.009681653e-05  9.696665904e-06  9.970297479e-06  1.012651905e-05  2.207078083e-06  7.48958782e-06  3.143
4278  8109.100532  0.728594722  2.011015524e-05  9.704893097e-06  9.976622214e-06  1.013353303e-05  2.2033203e-06  7.501572797e-06  3.1764
4279  8109.299847  0.728523653  2.010399712e-05  9.702610803e-06  9.964262342e-06  1.013973478e-05  2.201996334e-06  7.500614469e-06  3.1492
4280  8109.500075  0.7283515036  2.009967967e-05  9.702197191e-06  1.000641134e-05  1.009326832e-05  2.20250086e-06  7.499696331e-06  3.1644
4281  8109.700315  0.7281935687  2.009957005e-05  9.703676704e-06  9.982584564e-06  1.011698548e-05  2.207325859e-06  7.496350845e-06  3.1952
4282  8109.900539  0.7280811199  2.009938397e-05  9.704678089e-06  9.990461567e-06  1.01089224e-05  2.202437618e-06  7.502240471e-06  3.1608
4283  8110.100586  0.727931437  2.010552174e-05  9.709094791e-06  1.003137844e-05  1.00741433e-05  2.208864167e-06  7.500230624e-06  3.1754
4284  8110.300328  0.7278350785  2.010432973e-05  9.709454705e-06  9.985138691e-06  1.011919103e-05  2.205578572e-06  7.503876133e-06  3.1436
4285  8110.50093  0.7276339989  2.012293787e-05  9.720395948e-06  1.001202793e-05  1.011090994e-05  2.210880237e-06  7.509515711e-06  3.166
4286  8110.70037  0.7274727008  2.008990882e-05  9.70600668e-06  9.986791671e-06  1.010311715e-05  2.208131454e-06  7.497875226e-06  3.1802
4287  8110.900322  0.7273610864  2.007722042e-05  9.700959263e-06  9.984164434e-06  1.009305599e-05  2.199796562e-06  7.5011627e-06  3.1716
4288  8111.101175  0.727246694  2.011006394e-05  9.717940268e-06  1.000651117e-05  1.010355277e-05  2.215196556e-06  7.502743712e-06  3.1904
4289  8111.301392  0.727194798  2.009571741e-05  9.711511461e-06  9.986698211e-06  1.01090192e-05  2.201646532e-06  7.509864928e-06  3.151
4290  8111.500831  0.7269517302  2.010250514e-05  9.717153356e-06  1.000285571e-05  1.009964943e-05  2.21612043e-06  7.501032926e-06  3.1588
4291  8111.700668  0.7269890951  2.010073804e-05  9.715936135e-06  9.968876876e-06  1.013186117e-05  2.200716454e-06  7.515219681e-06  3.174
4292  8111.901151  0.7267323451  2.011252536e-05  9.724130027e-06  1.003909835e-05  1.007342701e-05  2.217783988e-06  7.506346039e-06  3.1586
4293  8112.100597  0.7266699215  2.008298979e-05  9.710456127e-06  9.950230516e-06  1.013275927e-05  2.203520647e-06  7.50693548e-06  3.1778
4294  8112.30035  0.7264526906  2.009530007e-05  9.718519283e-06  9.976889212e-06  1.011841086e-05  2.207322422e-06  7.511196861e-06  3.16
4295  8112.500827  0.7263681989  2.009751147e-05  9.720410024e-06  9.972716204e-06  1.012479527e-05  2.215434157e-06  7.504975867e-06  3.1746
4296  8112.700221  0.726272934  2.008513737e-05  9.715350626e-06  9.95672981e-06  1.012840756e-05  2.199686472e-06  7.515664154e-06  3.147
4297  8112.900769  0.7261093753  2.011841855e-05  9.733040807e-06  1.002174763e-05  1.009667093e-05  2.223786796e-06  7.50925401e-06  3.1712
4298  8113.10016  0.7258899869  2.011025686e-05  9.731226966e-06  9.981400626e-06  1.012885624e-05  2.203753517e-06  7.52747345e-06  3.149
4299  8113.300862  0.7258237815  2.008334594e-05  9.718848361e-06  9.94403996e-06  1.013930598e-05  2.214386614e-06  7.504461747e-06  3.1608
4300  8113.500379  0.7257429977  2.009469411e-05  9.725125631e-06  9.958732847e-06  1.013596126e-05  2.203584822e-06  7.521540808e-06  3.1488
4301  8113.700333  0.7254524619  2.011562618e-05  9.738084868e-06  1.003721282e-05  1.007841336e-05  2.216879477e-06  7.521205391e-06  3.1766
4302  8113.900604  0.7253611468  2.008849142e-05  9.725836861e-06  9.988843431e-06  1.009964799e-05  2.214906816e-06  7.510930045e-06  3.1536
4303  8114.100316  0.7252303189  2.008451648e-05  9.725184636e-06  9.936305025e-06  1.014821146e-05  2.208416936e-06  7.5167677e-06  3.1688
4304  8114.300714  0.7250613704  2.012398957e-05  9.745944442e-06  1.00124019e-05  1.011158767e-05  2.222240169e-06  7.523704274e-06  3.1388
4305  8114.500608  0.7249086067  2.009608172e-05  9.733915691e-06  1.000094776e-05  1.009513396e-05  2.208887716e-06  7.525027975e-06  3.1632
4306  8114.700975  0.7247972576  2.006927903e-05  9.722015782e-06  9.970962014e-06  1.009831702e-05  2.217168808e-06  7.504846974e-06  3.142
4307  8114.900797  0.7247168737  2.009428362e-05  9.734911074e-06  9.986435009e-06  1.010784861e-05  2.20921776e-06  7.525693314e-06  3.162
4308  8115.100543  0.7245640728  2.010866171e-05  9.743365388e-06  1.00433112e-05  1.006535052e-05  2.221225824e-06  7.522139564e-06  3.1292
4309  8115.300617  0.7244597705  2.008678194e-05  9.73377906e-06  9.987267388e-06  1.009951455e-05  2.211582729e-06  7.522196331e-06  3.153
4310  8115.500619  0.7242456741  2.010301611e-05  9.743731791e-06  9.982116651e-06  1.012089946e-05  2.22120561e-06  7.522526182e-06  3.1446
4311  8115.700127  0.7242005087  2.009280129e-05  9.739220634e-06  1.000351194e-05  1.008928935e-05  2.213002644e-06  7.52621799e-06  3.1496
4312  8115.900202  0.7240069869  2.00831714e-05  9.736436944e-06  1.000411492e-05  1.007905649e-05  2.213009564e-06  7.52342738e-06  3.1582
4313  8116.10025  0.7238866405  2.008894722e-05  9.740409245e-06  9.999436225e-06  1.008951099e-05  2.221018574e-06  7.51939067e-06  3.1462
4314  8116.300438  0.7238184008  2.007946953e-05  9.736478246e-06  9.953704016e-06  1.012576551e-05  2.210694984e-06  7.525783262e-06  3.1712
4315  8116.500825  0.7237362013  2.009145487e-05  9.743090746e-06  9.992303592e-06  1.009915127e-05  2.219202183e-06  7.523888562e-06  3.166
4316  8116.700547  0.7235102486  2.00900167e-05  9.744594894e-06  9.972354387e-06  1.011766231e-05  2.215634088e-06  7.528960807e-06  3.156
4317  8116.901195  0.7234157797  2.010044761e-05  9.750575452e-06  1.001666372e-05  1.008378389e-05  2.224936687e-06  7.525638765e-06  3.195
4318  8117.100572  0.7232317771  2.006295391e-05  9.734178492e-06  9.920736413e-06  1.014221749e-05  2.207350617e-06  7.526827874e-06  3.1462
4319  8117.30038  0.7231565245  2.006822279e-05  9.7374676e-06  9.952064418e-06  1.011615837e-05  2.21729441e-06  7.52017319e-06  3.1696
4320  8117.500373  0.7230541591  2.006829184e-05  9.738497939e-06  9.979010769e-06  1.008928107e-05  2.220260584e-06  7.518237356e-06  3.1342
4321  8117.700507  0.7228575472  2.004384398e-05  9.728546739e-06  9.958265424e-06  1.008557856e-05  2.212965131e-06  7.515581608e-06  3.1992
4322  8117.901116  0.7227026068  2.002515003e-05  9.720979435e-06  9.929578623e-06  1.009557141e-05  2.215291892e-06  7.505687544e-06  3.139
4323  8118.100703  0.7226937287  1.998597281e-05  9.702047439e-06  9.904613192e-06  1.008135962e-05  2.206832946e-06  7.495214493e-06  3.1486
4324  8118.300607  0.7225042217  1.994322453e-05  9.683130438e-06  9.93383003e-06  1.00093945e-05  2.208934827e-06  7.474195611e-06  3.1336
4325  8118.500458  0.7223672765  1.991776673e-05  9.672094243e-06  9.91143971e-06  1.000632702e-05  2.20265535e-06  7.469438894e-06  3.191
4326  8118.700534  0.7221982436  1.988085409e-05  9.655801428e-06  9.882115041e-06  9.998739047e-06  2.204300708e-06  7.45150072e-06  3.174
4327  8118.90053  0.7220905082  1.979529483e-05  9.615282563e-06  9.810022438e-06  9.98527239e-06  2.18422164e-06  7.431060923e-06  3.1822
4328  8119.100125  0.7219797933  1.981276312e-05  9.624833089e-06  9.880658775e-06  9.932104342e-06  2.199963734e-06  7.424869355e-06  3.1414
4329  8119.299997  0.7218919684  1.979706002e-05  9.618049358e-06  9.852050085e-06  9.945009939e-06  2.195643299e-06  7.422406059e-06  3.1806
4330  8119.500262  0.7216520134  1.974040027e-05  9.592823794e-06  9.774117372e-06  9.966282897e-06  2.18108932e-06  7.411734474e-06  3.1648
4331  8119.700207  0.7216317114  1.975815909e-05  9.601648603e-06  9.825119745e-06  9.933039347e-06  2.192233918e-06  7.409414685e-06  3.1504
4332  8119.900645  0.7214103819  1.974887485e-05  9.599261208e-06  9.788332742e-06  9.960542104e-06  2.18305067e-06  7.416210538e-06  3.1484
4333  8120.100676  0.7212656176  1.978322233e-05  9.617348509e-06  9.873259791e-06  9.909962541e-06  2.193018575e-06  7.424329934e-06  3.1288
4334  8120.300756  0.7211622303  1.976690868e-05  9.610411387e-06  9.784536816e-06  9.98237186e-06  2.184060536e-06  7.426350851e-06  3.149
4335  8120.500362  0.7210588156  1.983116478e-05  9.642649001e-06  9.863441613e-06  9.967723166e-06  2.199606744e-06  7.443042257e-06  3.1418
4336  8120.700687  0.7209577408  1.983778809e-05  9.646844502e-06  9.812113001e-06  1.002567509e-05  2.186219662e-06  7.46062484e-06  3.1632
4337  8120.900553  0.7207873322  1.988265473e-05  9.670310299e-06  9.907897539e-06  9.97475719e-06  2.20860528e-06  7.46170502e-06  3.1652
4338  8121.100806  0.7207634291  1.990053609e-05  9.679238601e-06  9.849908817e-06  1.005062727e-05  2.201558539e-06  7.477680062e-06  3.1818
4339  8121.300522  0.7206494221  1.995290702e-05  9.705817286e-06  9.902276602e-06  1.005063042e-05  2.205657658e-06  7.500159628e-06  3.1706
4340  8121.499778  0.7204860057  1.998147157e-05  9.721300609e-06  9.941666104e-06  1.003980547e-05  2.216197704e-06  7.505102905e-06  3.1886
4341  8121.700869  0.720372239  2.000369012e-05  9.733217537e-06  9.900112748e-06  1.010357738e-05  2.210622609e-06  7.522594929e-06  3.2012
4342  8121.900602  0.7202682385  2.003486994e-05  9.749402624e-06  9.951008474e-06  1.008386146e-05  2.228060084e-06  7.52134254e-06  3.1782
4343  8122.100519  0.7201730523  2.000554463e-05  9.736058987e-06  9.918081516e-06  1.008746311e-05  2.205637047e-06  7.53042194e-06  3.167
4344  8122.299296  0.7200227061  2.003882863e-05  9.75372357e-06  9.977975264e-06  1.006085336e-05  2.229361405e-06  7.524362166e-06  3.1368
4345  8122.499424  0.7199159888  2.002019596e-05  9.745694261e-06  9.891209896e-06  1.012898606e-05  2.211980292e-06  7.533713969e-06  3.1674
4346  8122.699886  0.7197563635  2.002763201e-05  9.750870443e-06  9.926666576e-06  1.010096544e-05  2.220951311e-06  7.529919132e-06  3.1406
4347  8122.899937  0.7196814913  2.004192523e-05  9.75856001e-06  9.963268975e-06  1.007865625e-05  2.223638711e-06  7.534921299e-06  3.1304
4348  8123.100328  0.7195390977  2.005396734e-05  9.765813892e-06  9.96536648e-06  1.008860086e-05  2.225009777e-06  7.540804115e-06  3.1044
4349  8123.300894  0.7193242698  2.002359823e-05  9.753119862e-06  9.927033616e-06  1.009656461e-05  2.225666716e-06  7.527453145e-06  3.1314
4350  8123.500842  0.7193479865  2.002827483e-05  9.755166382e-06  9.93792478e-06  1.009035005e-05  2.211376196e-06  7.543790186e-06  3.1574
4351  8123.700218  0.7191078833  2.006229038e-05  9.774080833e-06  1.001443372e-05  1.004785666e-05  2.237136948e-06  7.536943885e-06  3.2068
4352  8123.900199  0.7189938299  2.002892222e-05  9.758937289e-06  9.950196394e-06  1.007872583e-05  2.2149851e-06  7.54395219e-06  3.2442
4353  8124.100276  0.718913851  2.00306204e-05  9.760545321e-06  9.962404419e-06  1.006821598e-05  2.230470059e-06  7.530075262e-06  3.2378
4354  8124.300165  0.71889246  2.004179603e-05  9.766199899e-06  9.939067966e-06  1.010272806e-05  2.22155279e-06  7.544647109e-06  3.1856
4355  8124.49943  0.7186775575  2.006507121e-05  9.779643147e-06  1.003004262e-05  1.003502859e-05  2.232093154e-06  7.547549992e-06  3.1958
4356  8124.700319  0.7185513912  2.001228932e-05  9.755148138e-06  9.925258085e-06  1.008703124e-05  2.221085171e-06  7.534062967e-06  3.1828
4357  8124.900666  0.7183790268  2.003671067e-05  9.768736151e-06  9.950107261e-06  1.008660341e-05  2.227536938e-06  7.541199213e-06  3.1596
4358  8125.100511  0.7183329485  2.003056684e-05  9.766190777e-06  9.946380976e-06  1.008418586e-05  2.224086011e-06  7.542104766e-06  3.1734
4359  8125.300402  0.7181793716  2.004879709e-05  9.776580541e-06  1.002521454e-05  1.002358256e-05  2.229676201e-06  7.54690434e-06  3.1116
4360  8125.50053  0.7180949945  2.003505634e-05  9.770704397e-06  9.942754313e-06  1.009230202e-05  2.234667635e-06  7.536036763e-06  3.1312
4361  8125.701069  0.7178974896  2.004660561e-05  9.778267818e-06  9.952820499e-06  1.009378511e-05  2.2188437e-06  7.559424118e-06  3.0546
4362  8125.900823  0.7177553496  2.002977819e-05  9.771448608e-06  9.94493417e-06  1.008484402e-05  2.230181065e-06  7.541267542e-06  3.109
4363  8126.100369  0.7176608984  2.003634484e-05  9.775575392e-06  9.987078636e-06  1.00492662e-05  2.22577778e-06  7.549797612e-06  3.1026
4364  8126.300043  0.7174773122  2.003342944e-05  9.775947559e-06  9.953380567e-06  1.008004888e-05  2.229827629e-06  7.546119929e-06  3.1848
4365  8126.500762  0.7173713021  2.001767345e-05  9.769294512e-06  9.925880492e-06  1.009179296e-05  2.221872094e-06  7.547422418e-06  3.1944
4366  8126.700002  0.7172697027  2.003752351e-05  9.779975593e-06  9.915644526e-06  1.012187898e-05  2.229390025e-06  7.550585568e-06  3.1994
4367  8126.900151  0.7171886279  2.005663411e-05  9.79009685e-06  9.972951707e-06  1.00836824e-05  2.234283591e-06  7.55581326e-06  3.194
4368  8127.100041  0.7170363694  2.0030944e-05  9.779045756e-06  9.971330036e-06  1.005961396e-05  2.228795369e-06  7.550250386e-06  3.2272
4369  8127.301367  0.7169307949  2.000059552e-05  9.765260629e-06  9.890214896e-06  1.011038062e-05  2.218958812e-06  7.546301817e-06  3.2382
4370  8127.499858  0.7168470486  2.004751024e-05  9.788986431e-06  9.978948448e-06  1.00685618e-05  2.23377471e-06  7.555211721e-06  3.2148
4371  8127.700416  0.7166526996  2.003416739e-05  9.784372655e-06  9.953050807e-06  1.008111658e-05  2.232535695e-06  7.55183696e-06  3.1978
4372  8127.899918  0.7165374181  2.002541285e-05  9.781224605e-06  9.941782707e-06  1.008363015e-05  2.228995531e-06  7.552229074e-06  3.1214
4373  8128.100062  0.716489688  2.003441041e-05  9.786086459e-06  9.934646189e-06  1.009976422e-05  2.237867088e-06  7.548219371e-06  3.1076
4374  8128.299924  0.7163281995  2.003733673e-05  9.789096556e-06  9.98210405e-06  1.005523268e-05  2.225411064e-06  7.563685492e-06  3.0424
4375  8128.500761  0.7161942674  2.001600018e-05  9.779982505e-06  9.955370271e-06  1.006062991e-05  2.238827061e-06  7.541155444e-06  3.0808
4376  8128.700915  0.7161223622  2.002601189e-05  9.785577917e-06  9.94053384e-06  1.008547805e-05  2.219858138e-06  7.565719778e-06  3.0708
4377  8128.901226  0.7159037627  2.003252873e-05  9.790902382e-06  9.992290154e-06  1.004023858e-05  2.238644637e-06  7.552257746e-06  3.1216
4378  8129.100626  0.7158220529  2.001162989e-05  9.781487281e-06  9.944942847e-06  1.006668705e-05  2.22602754e-06  7.555459742e-06  3.1722
4379  8129.300102  0.7156346871  2.005399443e-05  9.804031419e-06  1.002356014e-05  1.003043429e-05  2.241742922e-06  7.562288498e-06  3.2204
4380  8129.500969  0.7155091638  2.002643498e-05  9.791787126e-06  9.955370372e-06  1.007106461e-05  2.233062395e-06  7.558724731e-06  3.276
4381  8129.700761  0.7154626912  2.001087147e-05  9.784632162e-06  9.93869883e-06  1.007217264e-05  2.22646561e-06  7.558166552e-06  3.196
4382  8129.900003  0.71534003  2.001508701e-05  9.787893939e-06  9.948638612e-06  1.00664484e-05  2.242215864e-06  7.545678074e-06  3.2608
4383  8130.100169  0.7152252383  2.004133114e-05  9.801853102e-06  9.983123039e-06  1.00582081e-05  2.231454924e-06  7.570398178e-06  3.1946
4384  8130.300608  0.7150400122  2.001082484e-05  9.788745983e-06  9.939460273e-06  1.007136456e-05  2.240109014e-06  7.548636968e-06  3.1684
4385  8130.500316  0.7150021397  2.001197912e-05  9.789681381e-06  9.92397935e-06  1.008799977e-05  2.229142075e-06  7.560539306e-06  3.1358
4386  8130.700343  0.714880592  2.004832092e-05  9.808651611e-06  9.998353271e-06  1.004996765e-05  2.245486816e-06  7.563164795e-06  3.1246
4387  8130.899991  0.7146515751  2.000537358e-05  9.789881393e-06  9.916248447e-06  1.008912513e-05  2.22626981e-06  7.563611583e-06  3.0432
4388  8131.099455  0.7145527054  2.001175983e-05  9.793974862e-06  9.934482857e-06  1.007727697e-05  2.238280848e-06  7.555694014e-06  3.0336
4389  8131.300011  0.7144538456  2.002041947e-05  9.799181683e-06  9.956255257e-06  1.006416421e-05  2.234951639e-06  7.564230044e-06  3.045
4390  8131.49995  0.7143591338  2.001586679e-05  9.797881264e-06  9.957625452e-06  1.005824134e-05  2.229656671e-06  7.568224593e-06  3.0864
4391  8131.699811  0.7141578108  2.001314301e-05  9.798520426e-06  9.934494239e-06  1.007864877e-05  2.242085991e-06  7.556434435e-06  3.1156
4392  8131.899837  0.7140813041  2.001235291e-05  9.79888324e-06  9.90104126e-06  1.011131165e-05  2.22807135e-06  7.57081189e-06  3.1264
4393  8132.099975  0.714026536  2.002680591e-05  9.806497104e-06  9.96606595e-06  1.006073996e-05  2.240061775e-06  7.56643533e-06  3.2122
4394  8132.300094  0.7138245937  2.00025654e-05  9.796605436e-06  9.932909605e-06  1.006965579e-05  2.226474282e-06  7.570131154e-06  3.2934
4395  8132.50022  0.7136915485  2.002003834e-05  9.80646773e-06  9.965812476e-06  1.005422586e-05  2.246192229e-06  7.560275501e-06  3.3116
4396  8132.699801  0.7136252412  1.999136578e-05  9.793072304e-06  9.893560922e-06  1.009780485e-05  2.229402369e-06  7.563669934e-06  3.255
4397  8132.900389  0.7134518927  2.000558369e-05  9.801736132e-06  9.949135855e-06  1.005644783e-05  2.236800119e-06  7.564936013e-06  3.1886
4398  8133.100119  0.7134622975  2.001373979e-05  9.805630189e-06  9.93210877e-06  1.008163102e-05  2.239377106e-06  7.566253083e-06  3.1622
4399  8133.300022  0.7131816748  2.000874777e-05  9.805935754e-06  9.953841558e-06  1.005490621e-05  2.240845756e-06  7.565089998e-06  3.1486
4400  8133.500059  0.7131181363  1.999886514e-05  9.80171522e-06  9.96525368e-06  1.003361146e-05  2.241216754e-06  7.560498466e-06  3.1178
4401  8133.700688  0.7130503844  1.998850919e-05  9.797303389e-06  9.91195716e-06  1.007655203e-05  2.230100601e-06  7.567202789e-06  3.071
4402  8133.901255  0.712834426  2.001748989e-05  9.813627293e-06  9.97134938e-06  1.004614051e-05  2.246415631e-06  7.567211662e-06  3.0598
4403  8134.101295  0.7127589638  1.998223855e-05  9.79708451e-06  9.925348363e-06  1.005689018e-05  2.230537241e-06  7.56654727e-06  3.07
4404  8134.300682  0.7127019675  2.001528121e-05  9.813844322e-06  9.985393054e-06  1.002988815e-05  2.243010286e-06  7.570834036e-06  3.0828
4405  8134.500496  0.7125863441  2.000859784e-05  9.811701744e-06  9.944016241e-06  1.006458159e-05  2.238708927e-06  7.572992817e-06  3.1004
4406  8134.699876  0.7124336593  1.999017266e-05  9.804163344e-06  9.945000205e-06  1.004517245e-05  2.234465605e-06  7.569697738e-06  3.1412
4407  8134.900413  0.7122385314  1.998228855e-05  9.802209085e-06  9.914129907e-06  1.006815864e-05  2.239640803e-06  7.562568281e-06  3.1878
4408  8135.101153  0.7120765467  1.999416441e-05  9.80962361e-06  9.924682306e-06  1.006948211e-05  2.236567187e-06  7.573056423e-06  3.1836
4409  8135.300858  0.7120100767  1.999608159e-05  9.811216354e-06  9.952251315e-06  1.004383028e-05  2.240704596e-06  7.570511758e-06  3.1998
4410  8135.500338  0.7119355294  1.998758493e-05  9.807778523e-06  9.946160258e-06  1.004142467e-05  2.236568015e-06  7.571210508e-06  3.2412
4411  8135.700042  0.7118079819  2.000269615e-05  9.816445489e-06  9.917368674e-06  1.008532748e-05  2.243236999e-06  7.57320849e-06  3.2166
4412  8135.900364  0.7116036077  1.997983381e-05  9.807229792e-06  9.885469473e-06  1.009436433e-05  2.238005632e-06  7.56922416e-06  3.1786
4413  8136.099824  0.7115646843  1.99899052e-05  9.812555328e-06  9.920806028e-06  1.006909917e-05  2.241403509e-06  7.571151819e-06  3.1164
4414  8136.301266  0.7113561284  1.999497913e-05  9.817093198e-06  9.937085954e-06  1.005789318e-05  2.237870716e-06  7.579222482e-06  3.1502
4415  8136.500816  0.7113277492  1.998508656e-05  9.812514632e-06  9.937369919e-06  1.004771664e-05  2.242671948e-06  7.569842684e-06  3.1054
4416  8136.700636  0.7111920348  1.99710022e-05  9.806930176e-06  9.875484009e-06  1.009551819e-05  2.23486145e-06  7.572068726e-06  3.1254
4417  8136.900048  0.7110381805  2.00085046e-05  9.826857838e-06  9.936578022e-06  1.007192658e-05  2.252810905e-06  7.574046934e-06  3.0758
4418  8137.10045  0.7109252836  1.999031928e-05  9.819034884e-06  9.919119189e-06  1.007120009e-05  2.235211526e-06  7.583823358e-06  3.1032
4419  8137.301094  0.7107110329  1.999651917e-05  9.824184814e-06  9.986965332e-06  1.000955383e-05  2.24899762e-06  7.575187195e-06  3.128
4420  8137.500703  0.7107119625  1.995903111e-05  9.805758014e-06  9.877064543e-06  1.008196657e-05  2.233270009e-06  7.572488005e-06  3.183
4421  8137.700715  0.7104092588  2.00008639e-05  9.829285137e-06  9.968660156e-06  1.003220375e-05  2.246490442e-06  7.582794695e-06  3.1728
4422  8137.900315  0.7104049802  1.998687576e-05  9.822452791e-06  9.954398019e-06  1.003247775e-05  2.249841136e-06  7.572611655e-06  3.187
4423  8138.100353  0.7102151097  1.998231791e-05  9.822077599e-06  9.919921e-06  1.006239691e-05  2.237089667e-06  7.584987932e-06  3.1384
4424  8138.300426  0.7101238469  2.000198958e-05  9.832644299e-06  9.962675505e-06  1.003931408e-05  2.259420472e-06  7.573223827e-06  3.2122
4425  8138.499565  0.7100652373  1.995341345e-05  9.809339984e-06  9.887213805e-06  1.006619964e-05  2.226147584e-06  7.5831924e-06  3.1642
4426  8138.700442  0.7098913331  1.99971782e-05  9.832565045e-06  9.998462641e-06  9.998715559e-06  2.260991099e-06  7.571573945e-06  3.1906
4427  8138.900298  0.7097426395  1.996886285e-05  9.82010253e-06  9.889770939e-06  1.007909191e-05  2.236629408e-06  7.583473122e-06  3.1862
4428  8139.100662  0.7096480069  1.998240495e-05  9.827692116e-06  9.956312783e-06  1.002609217e-05  2.249173696e-06  7.578518421e-06  3.1628
4429  8139.300434  0.709545556  1.9961381e-05  9.818358021e-06  9.885919151e-06  1.007546185e-05  2.236487121e-06  7.5818709e-06  3.1564
4430  8139.500144  0.7094136201  2.000604654e-05  9.841625935e-06  9.961575728e-06  1.004447081e-05  2.254207257e-06  7.587418678e-06  3.1184
4431  8139.7003  0.7091859137  1.997957337e-05  9.830841212e-06  9.929636097e-06  1.004993727e-05  2.250356997e-06  7.580484215e-06  3.1048
4432  8139.900032  0.7092107056  1.99562955e-05  9.819144022e-06  9.890633375e-06  1.006566212e-05  2.230473807e-06  7.588670215e-06  3.0728
4433  8140.101018  0.708983415  1.999105791e-05  9.838484197e-06  9.942786355e-06  1.004827156e-05  2.259096818e-06  7.579387379e-06  3.1352
4434  8140.299922  0.7089133254  1.995677648e-05  9.822301205e-06  9.864083176e-06  1.00926933e-05  2.23177364e-06  7.590527564e-06  3.1788
4435  8140.500223  0.708759159  1.998865346e-05  9.839507182e-06  9.942202355e-06  1.004645111e-05  2.255000704e-06  7.584506478e-06  3.1396
4436  8140.700277  0.7086897748  1.99855528e-05  9.838663491e-06  9.919304471e-06  1.006624833e-05  2.249863297e-06  7.588800194e-06  3.1076
4437  8140.900358  0.708465605  1.99762976e-05  9.836312018e-06  9.91956868e-06  1.005672892e-05  2.24584977e-06  7.590462249e-06  3.0966
4438  8141.10079  0.7084816243  1.996678159e-05  9.831468848e-06  9.900152834e-06  1.006662876e-05  2.243059074e-06  7.588409774e-06  3.162
4439  8141.299722  0.7083044901  1.997650815e-05  9.838000612e-06  9.922665759e-06  1.005384239e-05  2.243147478e-06  7.594853134e-06  3.196
4440  8141.500314  0.7081578219  1.99804644e-05  9.841392294e-06  9.928647763e-06  1.005181664e-05  2.256087963e-06  7.585304331e-06  3.2446
4441  8141.699813  0.708109625  1.996962289e-05  9.836526378e-06  9.933563185e-06  1.00360597e-05  2.245374721e-06  7.591151656e-06  3.21
4442  8141.900898  0.7078893885  1.998835001e-05  9.847919512e-06  9.944344169e-06  1.004400584e-05  2.258622082e-06  7.58929743e-06  3.171
4443  8142.100476  0.7078104168  1.997206362e-05  9.84067259e-06  9.903326517e-06  1.00687371e-05  2.247221681e-06  7.593450908e-06  3.1622
4444  8142.300183  0.7076688162  1.996135374e-05  9.836788392e-06  9.914335536e-06  1.00470182e-05  2.25086206e-06  7.585926332e-06  3.106
4445  8142.500369  0.7076027221  1.998334894e-05  9.848278335e-06  9.971375227e-06  1.001197371e-05  2.252998907e-06  7.595279429e-06  3.0958
4446  8142.700329  0.7074000371  1.997933044e-05  9.848293823e-06  9.956022339e-06  1.002330811e-05  2.252974121e-06  7.595319702e-06  3.1246
4447  8142.900484  0.7074206237  1.995560938e-05  9.836398637e-06  9.916966313e-06  1.003864306e-05  2.246081478e-06  7.590317159e-06  3.1568
4448  8143.100053  0.7072073808  1.997063459e-05  9.845904121e-06  9.933150857e-06  1.003748374e-05  2.256804559e-06  7.589099563e-06  3.1458
4449  8143.300008  0.7070746792  1.999723023e-05  9.860324673e-06  9.967275383e-06  1.002995485e-05  2.261842528e-06  7.598482144e-06  3.0594
4450  8143.500616  0.7069360608  1.995638118e-05  9.841546763e-06  9.90612055e-06  1.005026063e-05  2.247031156e-06  7.594515607e-06  3.06
4451  8143.701234  0.7068503282  1.99647601e-05  9.846522982e-06  9.94280596e-06  1.002195414e-05  2.254606337e-06  7.591916645e-06  3.0884
4452  8143.900372  0.7067769594  1.996825416e-05  9.848968818e-06  9.921707297e-06  1.004654686e-05  2.246665535e-06  7.602303283e-06  3.1812
4453  8144.099595  0.7065984136  1.997829255e-05  9.855679599e-06  9.961765095e-06  1.001652746e-05  2.261168916e-06  7.594510682e-06  3.2466
4454  8144.300019  0.7064044379  1.994677403e-05  9.842039833e-06  9.87359217e-06  1.007318186e-05  2.242946713e-06  7.599093119e-06  3.226
4455  8144.500287  0.7062383688  1.998664546e-05  9.863350858e-06  9.942411444e-06  1.004423401e-05  2.265283707e-06  7.598067151e-06  3.1968
4456  8144.700337  0.7062351959  1.997334453e-05  9.856818166e-06  9.919110608e-06  1.005423392e-05  2.248472521e-06  7.608345645e-06  3.1724
4457  8144.899984  0.7060799315  1.996725188e-05  9.855341513e-06  9.923618947e-06  1.004363293e-05  2.257572685e-06  7.597768829e-06  3.1762
4458  8145.100273  0.7059211994  1.996057143e-05  9.853608172e-06  9.893779421e-06  1.006679201e-05  2.252928002e-06  7.600680171e-06  3.1474
4459  8145.300019  0.7057980541  1.996174227e-05  9.85539973e-06  9.872775676e-06  1.008896659e-05  2.248744781e-06  7.606654949e-06  3.113
4460  8145.499592  0.7057593928  1.998379615e-05  9.866669501e-06  9.966319915e-06  1.001747624e-05  2.264056729e-06  7.602612772e-06  3.0994
4461  8145.699721  0.7055283056  1.996235657e-05  9.858361938e-06  9.891889648e-06  1.007046692e-05  2.24916571e-06  7.609196228e-06  3.1282
4462  8145.900282  0.7054113107  1.998377708e-05  9.870095089e-06  9.904975453e-06  1.007880162e-05  2.267222162e-06  7.602872927e-06  3.0454
4463  8146.10013  0.7053501916  1.993925694e-05  9.848708281e-06  9.853250691e-06  1.008600625e-05  2.242149696e-06  7.606558586e-06  3.0042
4464  8146.300643  0.7050993507  1.998709243e-05  9.874812625e-06  9.980612243e-06  1.000648019e-05  2.267906176e-06  7.606906449e-06  3.0222
4465  8146.501165  0.7050290862  1.997767135e-05  9.870851596e-06  9.947435544e-06  1.00302358e-05  2.25517212e-06  7.615679476e-06  3.1294
4466  8146.700247  0.7049814793  1.994456591e-05  9.854963546e-06  9.903580377e-06  1.004098554e-05  2.246003255e-06  7.608960291e-06  3.211
4467  8146.900221  0.7047688181  1.997054823e-05  9.869900589e-06  9.940825954e-06  1.002972227e-05  2.263300408e-06  7.606600181e-06  3.2984
4468  8147.09975  0.7046525107  1.997880042e-05  9.875127494e-06  9.922466278e-06  1.005633414e-05  2.264983952e-06  7.610143542e-06  3.2032
4469  8147.29987  0.7044667362  1.996467378e-05  9.869978398e-06  9.958128282e-06  1.00065455e-05  2.257128586e-06  7.612849812e-06  3.2412
4470  8147.500717  0.7044079928  1.994802766e-05  9.862328348e-06  9.900566648e-06  1.004746101e-05  2.253831703e-06  7.608496645e-06  3.2096
4471  8147.699538  0.7042711238  1.996101379e-05  9.870099526e-06  9.922309335e-06  1.003870446e-05  2.263008658e-06  7.607090867e-06  3.1774
4472  8147.900007  0.7040354743  1.995371956e-05  9.868818062e-06  9.932967487e-06  1.002075207e-05  2.259872969e-06  7.608945094e-06  3.1576
4473  8148.099704  0.7039583387  1.996015512e-05  9.872762507e-06  9.940678733e-06  1.001947638e-05  2.261162919e-06  7.611599588e-06  3.082
4474  8148.29975  0.7039352559  1.998243144e-05  9.884009048e-06  9.954679012e-06  1.002775242e-05  2.26411694e-06  7.619892108e-06  3.0422
4475  8148.49988  0.7037844367  1.996638083e-05  9.87755947e-06  9.914934848e-06  1.005144598e-05  2.263468985e-06  7.614090485e-06  3.0864
4476  8148.700122  0.703526588  1.993742949e-05  9.865780517e-06  9.892453443e-06  1.004497605e-05  2.261823552e-06  7.603956965e-06  2.979
4477  8148.901114  0.7034653372  1.994765072e-05  9.871442977e-06  9.907225668e-06  1.004042506e-05  2.25764257e-06  7.613800407e-06  2.9868
4478  8149.100667  0.7033366063  1.998477561e-05  9.891088079e-06  9.9770399e-06  1.000773571e-05  2.26343305e-06  7.627655029e-06  3.0516
4479  8149.301623  0.703265349  1.994987226e-05  9.874516932e-06  9.918181945e-06  1.003169031e-05  2.25574904e-06  7.618767892e-06  3.2068
4480  8149.50028  0.7031014004  1.995301547e-05  9.877692016e-06  9.882778396e-06  1.007023707e-05  2.26019934e-06  7.617492676e-06  3.2574
4481  8149.70058  0.7029348613  1.996352413e-05  9.88454033e-06  9.885394811e-06  1.007812932e-05  2.263617172e-06  7.620923158e-06  3.2674
4482  8149.900938  0.7028495689  1.995082961e-05  9.879097468e-06  9.926508091e-06  1.002432152e-05  2.261130015e-06  7.617967453e-06  3.2426
4483  8150.100514  0.7026507077  1.995611132e-05  9.883678107e-06  9.924228103e-06  1.003188322e-05  2.260818187e-06  7.62285992e-06  3.2398
4484  8150.301067  0.7025616542  1.99406127e-05  9.876881625e-06  9.853799087e-06  1.008681361e-05  2.261012361e-06  7.615869264e-06  3.2144
4485  8150.500481  0.7024635276  1.993637743e-05  9.875752859e-06  9.883928448e-06  1.005244898e-05  2.262767266e-06  7.612985593e-06  3.1916
4486  8150.700501  0.7023865777  1.994794005e-05  9.88224097e-06  9.876242635e-06  1.007169742e-05  2.253721182e-06  7.628519788e-06  3.1122
4487  8150.900057  0.7021925336  1.99890896e-05  9.90454825e-06  9.974746951e-06  1.001434264e-05  2.279387848e-06  7.625160402e-06  3.092
4488  8151.100556  0.7020865901  1.992698781e-05  9.874823078e-06  9.876464047e-06  1.005052377e-05  2.257123274e-06  7.617699804e-06  3.0632
4489  8151.300433  0.7019805233  1.994301151e-05  9.883811912e-06  9.878706007e-06  1.00643055e-05  2.266916851e-06  7.616895061e-06  2.9678
4490  8151.500104  0.7019070974  1.995802978e-05  9.891981309e-06  9.925618196e-06  1.003241159e-05  2.266408924e-06  7.625572386e-06  2.9474
4491  8151.700657  0.701777293  1.995591782e-05  9.892218508e-06  9.92677711e-06  1.002914071e-05  2.259224615e-06  7.632993893e-06  2.9856
4492  8151.900795  0.7016400628  1.994898921e-05  9.890141106e-06  9.930780063e-06  1.001820915e-05  2.261466188e-06  7.628674918e-06  3.1306
4493  8152.100456  0.7016907181  1.996891918e-05  9.89952034e-06  9.955653877e-06  1.00132653e-05  2.269540374e-06  7.629979966e-06  3.218
4494  8152.300051  0.7014506799  1.997292494e-05  9.903883207e-06  9.944929878e-06  1.002799506e-05  2.272897083e-06  7.630986124e-06  3.2464
4495  8152.500999  0.7011897694  1.99397293e-05  9.890002708e-06  9.904327509e-06  1.003540179e-05  2.261498935e-06  7.628503773e-06  3.2678
4496  8152.699862  0.7012343036  1.993990267e-05  9.889648261e-06  9.91652386e-06  1.002337881e-05  2.266019851e-06  7.623628411e-06  3.2502
4497  8152.899879  0.701055245  1.995874905e-05  9.90076821e-06  9.92745132e-06  1.003129773e-05  2.265701294e-06  7.635066916e-06  3.28
4498  8153.100058  0.7008393259  1.996063102e-05  9.903839979e-06  9.95840031e-06  1.000223071e-05  2.275717429e-06  7.62812255e-06  3.2098
4499  8153.29989  0.7007590296  1.994077477e-05  9.894782411e-06  9.889464162e-06  1.00513106e-05  2.265619567e-06  7.629162844e-06  3.1936
4500  8153.500042  0.7006370716  1.995689417e-05  9.903988792e-06  9.881254484e-06  1.007563968e-05  2.266188005e-06  7.637800787e-06  3.109
4501  8153.700052  0.7004916208  1.994622101e-05  9.900131912e-06  9.901122922e-06  1.004509809e-05  2.267113356e-06  7.633018556e-06  3.0546
4502  8153.900325  0.7003771922  1.994703996e-05  9.901671362e-06  9.924188405e-06  1.002285156e-05  2.272802397e-06  7.628868965e-06  3.0116
4503  8154.101038  0.7002737381  1.994259361e-05  9.900488397e-06  9.872831457e-06  1.006976216e-05  2.271329992e-06  7.629158405e-06  2.9774
4504  8154.300485  0.7001425715  1.994894082e-05  9.904938575e-06  9.923717684e-06  1.002522314e-05  2.253525317e-06  7.651413258e-06  2.984
4505  8154.500018  0.6999969594  1.995952449e-05  9.911636668e-06  9.919441791e-06  1.00400827e-05  2.281841057e-06  7.62979561e-06  3.025
4506  8154.700392  0.699856198  1.994797414e-05  9.907295386e-06  9.848696003e-06  1.009927814e-05  2.257748416e-06  7.649546971e-06  3.1182
4507  8154.901535  0.6997110218  1.997122121e-05  9.920281285e-06  9.951268869e-06  1.001995235e-05  2.276088626e-06  7.644192659e-06  3.2242
4508  8155.10026  0.6996054971  1.99532906e-05  9.91242058e-06  9.917930557e-06  1.003536004e-05  2.264324177e-06  7.648096403e-06  3.2922
4509  8155.300961  0.699470091  1.994076067e-05  9.907537396e-06  9.875848753e-06  1.006491192e-05  2.273516582e-06  7.634020814e-06  3.271
4510  8155.499668  0.6994058243  1.993480445e-05  9.905214614e-06  9.859655262e-06  1.007514919e-05  2.266775835e-06  7.638438779e-06  3.2972
4511  8155.699906  0.6991725574  1.995039313e-05  9.915272959e-06  9.914146851e-06  1.003624628e-05  2.269341002e-06  7.645931957e-06  3.213
4512  8155.899908  0.6991554874  1.995815912e-05  9.919301948e-06  9.921665696e-06  1.003649342e-05  2.27787178e-06  7.641430168e-06  3.2158
4513  8156.100445  0.6989905472  1.994586379e-05  9.914826328e-06  9.890568808e-06  1.005529498e-05  2.270966245e-06  7.643860082e-06  3.1364
4514  8156.300259  0.6988305832  1.994166056e-05  9.914322768e-06  9.925850349e-06  1.001581021e-05  2.279684858e-06  7.63463791e-06  3.0774
4515  8156.499186  0.698691849  1.99280817e-05  9.908946428e-06  9.885178238e-06  1.004290346e-05  2.259877314e-06  7.649069114e-06  3.0516
4516  8156.700809  0.6986311191  1.995825967e-05  9.924554681e-06  9.939325994e-06  1.001893368e-05  2.282226537e-06  7.642328144e-06  2.9878
4517  8156.899859  0.6985242684  1.993946974e-05  9.9162706e-06  9.955453637e-06  9.984016104e-06  2.273886805e-06  7.642383795e-06  3.0348
4518  8157.099619  0.6982991142  1.994356736e-05  9.920541824e-06  9.924817839e-06  1.001874952e-05  2.273260615e-06  7.647281209e-06  3.005
4519  8157.300271  0.6982310527  1.99523711e-05  9.925596603e-06  9.911203069e-06  1.004116804e-05  2.276048155e-06  7.649548448e-06  3.0188
4520  8157.50067  0.6980694462  1.994696297e-05  9.924509985e-06  9.939546137e-06  1.000741683e-05  2.27183597e-06  7.652674015e-06  3.0854
4521  8157.700891  0.6979430393  1.995630368e-05  9.930412602e-06  9.952869505e-06  1.000343418e-05  2.277534592e-06  7.65287801e-06  3.2074
4522  8157.900031  0.6978015396  1.993435426e-05  9.920894103e-06  9.911540638e-06  1.002281362e-05  2.269339186e-06  7.651554917e-06  3.3012
4523  8158.10044  0.6976487737  1.99376147e-05  9.924032688e-06  9.911799431e-06  1.002581527e-05  2.279745718e-06  7.64428697e-06  3.2806
4524  8158.299401  0.6975692159  1.995031354e-05  9.93114366e-06  9.930211901e-06  1.002010164e-05  2.274681947e-06  7.656461713e-06  3.2576
4525  8158.499629  0.6974758402  1.995609331e-05  9.934948435e-06  9.908349259e-06  1.004774406e-05  2.281016824e-06  7.653931612e-06  3.18
4526  8158.700061  0.6972737531  1.994160165e-05  9.929740372e-06  9.905927018e-06  1.003567464e-05  2.271634391e-06  7.658105981e-06  3.1458
4527  8158.900228  0.6971631912  1.993074568e-05  9.925432054e-06  9.878173102e-06  1.005257258e-05  2.276809935e-06  7.648622119e-06  3.1484
4528  8159.099618  0.6969946014  1.994112815e-05  9.932276818e-06  9.881629329e-06  1.005949882e-05  2.273309646e-06  7.658967172e-06  3.1024
4529  8159.299811  0.6969145362  1.993977378e-05  9.932397444e-06  9.883663604e-06  1.005611018e-05  2.279515197e-06  7.652882247e-06  3.0838
4530  8159.499539  0.6968226976  1.993521701e-05  9.931039637e-06  9.900109733e-06  1.003510728e-05  2.272870034e-06  7.658169603e-06  3.0352
4531  8159.700063  0.696570677  1.994944071e-05  9.940630324e-06  9.901608032e-06  1.004783268e-05  2.282809243e-06  7.657821081e-06  3.055
4532  8159.900066  0.6964814911  1.995266749e-05  9.943124945e-06  9.892168281e-06  1.006049921e-05  2.280943122e-06  7.662181823e-06  3.0246
4533  8160.100642  0.6963107952  1.991480774e-05  9.925952257e-06  9.873934705e-06  1.004087303e-05  2.265990229e-06  7.659962028e-06  3.0306
4534  8160.301155  0.6962303999  1.993643088e-05  9.937528579e-06  9.938270069e-06  9.998160816e-06  2.28450575e-06  7.653022829e-06  3.0498
4535  8160.500641  0.6961799779  1.994716064e-05  9.943378296e-06  9.910319214e-06  1.003684143e-05  2.27434021e-06  7.669038086e-06  3.128
4536  8160.700438  0.695930596  1.993377415e-05  9.939183659e-06  9.91751765e-06  1.00162565e-05  2.281435743e-06  7.657747916e-06  3.2402
4537  8160.900061  0.695760247  1.994013619e-05  9.944049655e-06  9.924154412e-06  1.001598178e-05  2.278208798e-06  7.665840857e-06  3.285
4538  8161.100341  0.6956410528  1.994569243e-05  9.9480062e-06  9.896463301e-06  1.004922913e-05  2.28834693e-06  7.659659269e-06  3.2826
4539  8161.300806  0.6955671106  1.992787497e-05  9.939854603e-06  9.925341792e-06  1.000253317e-05  2.276935845e-06  7.662918757e-06  3.2044
4540  8161.500615  0.6954308046  1.992234584e-05  9.938451299e-06  9.918203294e-06  1.000414255e-05  2.281381079e-06  7.65707022e-06  3.1794
4541  8161.700298  0.6952226069  1.99329834e-05  9.94582843e-06  9.912165527e-06  1.002081787e-05  2.284323242e-06  7.661505188e-06  3.1248
4542  8161.900239  0.6950766457  1.991738539e-05  9.939496273e-06  9.907620992e-06  1.00097644e-05  2.279579578e-06  7.659916694e-06  3.1194
4543  8162.100263  0.6950716415  1.992752001e-05  9.944603575e-06  9.912854918e-06  1.001466509e-05  2.28492917e-06  7.659674405e-06  3.0686
4544  8162.301157  0.6949140731  1.993980597e-05  9.952302791e-06  9.934908654e-06  1.000489731e-05  2.285583118e-06  7.666719673e-06  3.0258
4545  8162.500651  0.6945798612  1.993284998e-05  9.952156508e-06  9.940612415e-06  9.992237564e-06  2.28815126e-06  7.664005248e-06  3.0238
4546  8162.700835  0.6945527239  1.991045439e-05  9.941244522e-06  9.881883136e-06  1.002857126e-05  2.276657282e-06  7.66458724e-06  3.006
4547  8162.901114  0.6944951126  1.990173568e-05  9.937463783e-06  9.859427265e-06  1.004230841e-05  2.280630089e-06  7.656833693e-06  3.0082
4548  8163.10055  0.6943293518  1.99553595e-05  9.96589139e-06  9.976257249e-06  9.979102246e-06  2.287331633e-06  7.678559757e-06  3.0374
4549  8163.301421  0.6941884387  1.991644282e-05  9.947857729e-06  9.894906476e-06  1.002153635e-05  2.277509319e-06  7.67034841e-06  3.1652
4550  8163.500954  0.6940422378  1.991389042e-05  9.948037164e-06  9.869635963e-06  1.004425446e-05  2.275256556e-06  7.672780608e-06  3.2644
4551  8163.70112  0.6939511152  1.993844531e-05  9.961211271e-06  9.893439832e-06  1.004500548e-05  2.290404801e-06  7.67080647e-06  3.312
4552  8163.900306  0.6938350999  1.991051496e-05  9.948411421e-06  9.883163523e-06  1.002735144e-05  2.274767577e-06  7.673643844e-06  3.2454
4553  8164.100657  0.6936608231  1.991459148e-05  9.952182562e-06  9.883643902e-06  1.003094758e-05  2.288049428e-06  7.664133134e-06  3.2164
4554  8164.30023  0.6935084104  1.99231219e-05  9.957963188e-06  9.873868399e-06  1.00492535e-05  2.283109353e-06  7.674853836e-06  3.147
4555  8164.499732  0.693464668  1.990428955e-05  9.948985596e-06  9.884838867e-06  1.001945068e-05  2.282158508e-06  7.666827087e-06  3.1278
4556  8164.700176  0.6932441138  1.992724731e-05  9.962657898e-06  9.904556274e-06  1.002269104e-05  2.288400085e-06  7.674257812e-06  3.1248
4557  8164.89973  0.6930978299  1.992374276e-05  9.962363015e-06  9.850962354e-06  1.00727804e-05  2.28066314e-06  7.681699875e-06  3.036
4558  8165.100267  0.6929804419  1.992855293e-05  9.965938032e-06  9.898157041e-06  1.003039589e-05  2.291564311e-06  7.674373721e-06  3.0244
4559  8165.299916  0.6928421275  1.990683115e-05  9.956452358e-06  9.891725595e-06  1.001510556e-05  2.282406312e-06  7.674046047e-06  2.9568
4560  8165.500568  0.6926462258  1.991157339e-05  9.960775343e-06  9.907439903e-06  1.000413349e-05  2.287974117e-06  7.672801226e-06  2.9718
4561  8165.701138  0.6926037092  1.992081368e-05  9.965821509e-06  9.893249285e-06  1.00275644e-05  2.284188035e-06  7.681633474e-06  3.0294
4562  8165.900992  0.6925907917  1.991804738e-05  9.964566323e-06  9.918959218e-06  9.999088164e-06  2.282001372e-06  7.682564951e-06  3.1012
4563  8166.100896  0.6923204315  1.994058218e-05  9.978537428e-06  9.950117525e-06  9.990464657e-06  2.291434752e-06  7.687102677e-06  3.2704
4564  8166.300952  0.6922442896  1.991258836e-05  9.965287689e-06  9.886192953e-06  1.002639541e-05  2.28395551e-06  7.681332179e-06  3.3266
4565  8166.500338  0.6920910495  1.989589408e-05  9.958458928e-06  9.888366491e-06  1.000752759e-05  2.292502803e-06  7.665956125e-06  3.3044
4566  8166.700348  0.6919472593  1.989498759e-05  9.959437171e-06  9.867430103e-06  1.002755749e-05  2.277571745e-06  7.681865426e-06  3.2268
4567  8166.899936  0.6917879951  1.994195833e-05  9.984540789e-06  9.961251086e-06  9.980707244e-06  2.303084364e-06  7.681456424e-06  3.1734
4568  8167.100108  0.6916556792  1.987708696e-05  9.953377891e-06  9.823937439e-06  1.005314952e-05  2.274674269e-06  7.678703621e-06  3.168
4569  8167.300279  0.6914962843  1.991841086e-05  9.975660624e-06  9.911342108e-06  1.000706875e-05  2.299826389e-06  7.675834235e-06  3.0868
4570  8167.499921  0.691420736  1.99247069e-05  9.979567755e-06  9.888221478e-06  1.003648542e-05  2.290862699e-06  7.688705056e-06  3.0472
4571  8167.699656  0.6912914509  1.99027195e-05  9.969843928e-06  9.879733404e-06  1.002298609e-05  2.285567284e-06  7.684276644e-06  2.9992
4572  8167.900429  0.6910199941  1.989974522e-05  9.971060372e-06  9.87592804e-06  1.002381718e-05  2.293021003e-06  7.678039369e-06  2.9452
4573  8168.100696  0.6909725413  1.990255217e-05  9.972940066e-06  9.860160193e-06  1.004239197e-05  2.287129336e-06  7.68581073e-06  2.9464
4574  8168.300511  0.6907738027  1.990435404e-05  9.975825347e-06  9.892050696e-06  1.001230334e-05  2.294186165e-06  7.681639182e-06  2.937
4575  8168.501171  0.6907021894  1.991592823e-05  9.982341036e-06  9.916644836e-06  9.999283391e-06  2.285032178e-06  7.697308858e-06  3.0324
4576  8168.701396  0.6905786039  1.992238164e-05  9.98680979e-06  9.918887615e-06  1.000349402e-05  2.290833294e-06  7.695976496e-06  3.2002
4577  8168.900329  0.6904738066  1.98943526e-05  9.973804401e-06  9.851105588e-06  1.004324702e-05  2.282417902e-06  7.691386499e-06  3.4072
4578  8169.099756  0.6902641325  1.989934217e-05  9.978397858e-06  9.864275228e-06  1.003506695e-05  2.289365019e-06  7.689032838e-06  3.3594
4579  8169.299612  0.6901263732  1.98961166e-05  9.978154903e-06  9.867084457e-06  1.002903214e-05  2.299040597e-06  7.679114306e-06  3.3184
4580  8169.500182  0.690002213  1.988931957e-05  9.97598465e-06  9.869342839e-06  1.001997673e-05  2.286285955e-06  7.689698695e-06  3.2298
4581  8169.700177  0.689849543  1.988537904e-05  9.975531025e-06  9.877294188e-06  1.000808485e-05  2.291467266e-06  7.68406376e-06  3.1428
4582  8169.899879  0.6897362182  1.989820496e-05  9.983096436e-06  9.875040894e-06  1.002316406e-05  2.294230103e-06  7.688866333e-06  3.1276
4583  8170.099676  0.689552435  1.99076832e-05  9.989687518e-06  9.90779833e-06  9.999884872e-06  2.296690995e-06  7.692996523e-06  3.0554
4584  8170.300352  0.6894750168  1.987646131e-05  9.974792556e-06  9.867851996e-06  1.000860931e-05  2.289005399e-06  7.685787157e-06  3.0454
4585  8170.499613  0.6893890974  1.988629783e-05  9.980586397e-06  9.886084947e-06  1.000021288e-05  2.293455813e-06  7.687130583e-06  2.9784
4586  8170.700133  0.6891534151  1.989875088e-05  9.989190366e-06  9.907132958e-06  9.991617924e-06  2.298718877e-06  7.690471489e-06  2.9778
4587  8170.90097  0.6890056547  1.988842853e-05  9.985483887e-06  9.897183809e-06  9.991244723e-06  2.297430569e-06  7.688053318e-06  2.9644
4588  8171.101811  0.6889644779  1.987802785e-05  9.98067293e-06  9.855012427e-06  1.002301543e-05  2.283137355e-06  7.697535574e-06  2.9656
4589  8171.301462  0.6888158299  1.992032547e-05  1.000339726e-05  9.948797055e-06  9.971528419e-06  2.301811168e-06  7.70158609e-06  3.0648
4590  8171.501587  0.688659057  1.98824737e-05  9.985954626e-06  9.883723678e-06  9.998750025e-06  2.286624879e-06  7.699329747e-06  3.2482
4591  8171.700948  0.6884856217  1.988575838e-05  9.989336702e-06  9.905504791e-06  9.980253585e-06  2.300100567e-06  7.689236135e-06  3.3676
4592  8171.900196  0.6884222129  1.987947547e-05  9.986813806e-06  9.873700609e-06  1.000577486e-05  2.289957935e-06  7.69685587e-06  3.3176
4593  8172.100468  0.6881936405  1.988311069e-05  9.990923408e-06  9.894532648e-06  9.988578039e-06  2.297822734e-06  7.693100674e-06  3.2748
4594  8172.3002  0.6881460933  1.987838804e-05  9.9890253e-06  9.851127613e-06  1.002726043e-05  2.294418074e-06  7.694607226e-06  3.2142
4595  8172.500109  0.6879455058  1.988976473e-05  9.996747181e-06  9.858969063e-06  1.003079566e-05  2.294808527e-06  7.701938653e-06  3.1388
4596  8172.69984  0.687818704  1.98834871e-05  9.994859285e-06  9.881678799e-06  1.00018083e-05  2.30145681e-06  7.693402474e-06  3.1358
4597  8172.900243  0.6877586011  1.985678005e-05  9.982034347e-06  9.847016311e-06  1.000976374e-05  2.290963074e-06  7.691071273e-06  3.0348
4598  8173.100154  0.6876472996  1.988778605e-05  9.998733926e-06  9.886281593e-06  1.000150446e-05  2.305992038e-06  7.692741888e-06  3.01
4599  8173.300529  0.687489297  1.987824078e-05  9.99551416e-06  9.831805816e-06  1.004643497e-05  2.287133588e-06  7.708380572e-06  2.9664
4600  8173.500771  0.6873495526  1.986254765e-05  9.989018889e-06  9.839300172e-06  1.002324748e-05  2.29555042e-06  7.693468469e-06  2.9272
4601  8173.701107  0.6872684545  1.989755583e-05  1.00074363e-05  9.909278602e-06  9.988277225e-06  2.308040167e-06  7.699396137e-06  2.9952
4602  8173.900913  0.6871465934  1.989380927e-05  1.000677134e-05  9.884630181e-06  1.000917909e-05  2.291137861e-06  7.715633482e-06  2.9934
4603  8174.101573  0.6870568266  1.989135437e-05  1.000643471e-05  9.927111007e-06  9.964243368e-06  2.3016369e-06  7.704797812e-06  3.1292
4604  8174.300213  0.6868839358  1.986267207e-05  9.993733626e-06  9.853880075e-06  1.0008792e-05  2.2910695e-06  7.702664126e-06  3.2502
4605  8174.499991  0.6867615862  1.988235852e-05  1.000486271e-05  9.880019523e-06  1.000233899e-05  2.302298675e-06  7.702564033e-06  3.3308
4606  8174.699839  0.686635758  1.987513516e-05  1.000248641e-05  9.893933668e-06  9.981201495e-06  2.300888937e-06  7.701597473e-06  3.31
4607  8174.900355  0.6863883129  1.98515334e-05  9.993080871e-06  9.829978234e-06  1.002155517e-05  2.295751247e-06  7.697329625e-06  3.2296
4608  8175.100373  0.6864648795  1.988279555e-05  1.000805164e-05  9.86472594e-06  1.001806961e-05  2.304964618e-06  7.70308702e-06  3.1974
4609  8175.300405  0.6862520898  1.98681311e-05  1.000279852e-05  9.871010132e-06  9.997120972e-06  2.297114563e-06  7.70568396e-06  3.1278
4610  8175.499999  0.6860486036  1.986654073e-05  1.000403331e-05  9.896645227e-06  9.969895504e-06  2.301922809e-06  7.702110502e-06  3.0666
4611  8175.700254  0.6860565927  1.985818826e-05  9.999747432e-06  9.862508337e-06  9.995679918e-06  2.301140954e-06  7.698606479e-06  3.0632
4612  8175.900802  0.6859074298  1.98684323e-05  1.000639837e-05  9.884803403e-06  9.983628899e-06  2.302046443e-06  7.704351931e-06  2.997
4613  8176.100635  0.6857713989  1.987410752e-05  1.001061826e-05  9.930240786e-06  9.94386673e-06  2.306661026e-06  7.703957235e-06  2.9628
4614  8176.300413  0.68561884  1.986140917e-05  1.000574844e-05  9.866520228e-06  9.994888945e-06  2.298338936e-06  7.707409499e-06  2.9866
4615  8176.500286  0.685570311  1.98905708e-05  1.002092573e-05  9.890453927e-06  1.000011687e-05  2.307441827e-06  7.7134839e-06  2.9802
4616  8176.700522  0.6853217931  1.985201154e-05  1.000398533e-05  9.862655489e-06  9.989356055e-06  2.296610427e-06  7.707374898e-06  3.047
4617  8176.900161  0.6851429189  1.986944391e-05  1.001456117e-05  9.910743042e-06  9.958700864e-06  2.299194336e-06  7.715366831e-06  3.1798
4618  8177.101104  0.6851035397  1.986919703e-05  1.001483111e-05  9.865711247e-06  1.000348578e-05  2.302862323e-06  7.711968782e-06  3.31
4619  8177.299708  0.684964055  1.987028049e-05  1.00167743e-05  9.895499426e-06  9.974781065e-06  2.30420976e-06  7.712564541e-06  3.2748
4620  8177.499971  0.6847995136  1.984880515e-05  1.000759493e-05  9.804012071e-06  1.004479307e-05  2.299283716e-06  7.708311212e-06  3.2676
4621  8177.699996  0.6847001248  1.988828761e-05  1.002849832e-05  9.903211022e-06  9.985076591e-06  2.312676042e-06  7.715822274e-06  3.1728
4622  8177.899633  0.6844998254  1.984623689e-05  1.000929926e-05  9.852773985e-06  9.993462909e-06  2.297614365e-06  7.711684892e-06  3.1726
4623  8178.099526  0.6844799612  1.985901323e-05  1.001594186e-05  9.874758004e-06  9.984255222e-06  2.306697334e-06  7.709244526e-06  3.098
4624  8178.299965  0.6843059074  1.984966823e-05  1.001297133e-05  9.815403703e-06  1.003426453e-05  2.304368391e-06  7.708602942e-06  3.0832
4625  8178.500577  0.6841603213  1.986475039e-05  1.002203834e-05  9.868862082e-06  9.995888306e-06  2.303308075e-06  7.718730268e-06  2.987
4626  8178.700189  0.6840482947  1.985523503e-05  1.001835997e-05  9.843306684e-06  1.001192834e-05  2.307829176e-06  7.710530798e-06  3.0102
4627  8178.900121  0.6839937621  1.986248374e-05  1.0022564e-05  9.853847848e-06  1.000863589e-05  2.301722625e-06  7.720841373e-06  2.9898
4628  8179.100341  0.683809189  1.987522579e-05  1.003084486e-05  9.903198191e-06  9.972027598e-06  2.313884371e-06  7.716960492e-06  2.9864
4629  8179.300127  0.683581564  1.984007276e-05  1.001538294e-05  9.833277553e-06  1.000679521e-05  2.296527705e-06  7.718855235e-06  3.0246
4630  8179.500515  0.683440448  1.986444412e-05  1.002910091e-05  9.904159423e-06  9.960284695e-06  2.306729901e-06  7.722371009e-06  3.1014
4631  8179.701375  0.6834165684  1.986024945e-05  1.002722256e-05  9.869097196e-06  9.99115225e-06  2.309465555e-06  7.717757005e-06  3.251
4632  8179.900774  0.6832954473  1.984268493e-05  1.001956793e-05  9.86419865e-06  9.978486278e-06  2.297768973e-06  7.721798961e-06  3.2622
4633  8180.100331  0.6831336006  1.985750912e-05  1.002867639e-05  9.866822221e-06  9.990686897e-06  2.316268863e-06  7.712407527e-06  3.2756
4634  8180.299132  0.6830110523  1.987544109e-05  1.003896279e-05  9.901385105e-06  9.974055986e-06  2.311359388e-06  7.727603403e-06  3.1868
4635  8180.500052  0.6828307187  1.98351184e-05  1.00204029e-05  9.827356831e-06  1.000776157e-05  2.309052194e-06  7.711350705e-06  3.196
4636  8180.700259  0.6827138758  1.983694602e-05  1.002249718e-05  9.848040189e-06  9.988905833e-06  2.303431156e-06  7.719066021e-06  3.1214
4637  8180.900256  0.682525775  1.985131239e-05  1.003164248e-05  9.856683558e-06  9.994628832e-06  2.310421002e-06  7.721221478e-06  3.0824
4638  8181.100442  0.6824255039  1.98556591e-05  1.00348452e-05  9.900865071e-06  9.954794027e-06  2.314542864e-06  7.720302332e-06  3.0534
4639  8181.300813  0.6823135011  1.983216519e-05  1.002409428e-05  9.820705911e-06  1.001145927e-05  2.306872339e-06  7.717221939e-06  2.9886
4640  8181.500698  0.6822421528  1.985693509e-05  1.003733025e-05  9.860142005e-06  9.996793081e-06  2.311144953e-06  7.726185302e-06  2.9664
4641  8181.699849  0.6820817773  1.985289202e-05  1.00368961e-05  9.870190162e-06  9.98270186e-06  2.308393546e-06  7.728502553e-06  2.9674
4642  8181.90144  0.6818915736  1.983643142e-05  1.003048187e-05  9.871382314e-06  9.965049105e-06  2.309510931e-06  7.720970943e-06  3.0436
4643  8182.101851  0.6817382735  1.98352463e-05  1.003142031e-05  9.856019789e-06  9.979226512e-06  2.310208167e-06  7.721212141e-06  3.1
4644  8182.300881  0.681746361  1.983067444e-05  1.002902704e-05  9.835786132e-06  9.994888306e-06  2.297087762e-06  7.731939274e-06  3.1908
4645  8182.500528  0.6815176746  1.986669859e-05  1.004954357e-05  9.932710493e-06  9.933988095e-06  2.318378641e-06  7.731164929e-06  3.2672
4646  8182.700016  0.6814259069  1.983116359e-05  1.003248885e-05  9.796400375e-06  1.003476321e-05  2.310604461e-06  7.721884392e-06  3.2872
4647  8182.900172  0.6812751183  1.98391068e-05  1.003802079e-05  9.825592041e-06  1.001351476e-05  2.305491805e-06  7.732528985e-06  3.2006
4648  8183.100094  0.6812440722  1.981488566e-05  1.002607685e-05  9.798573772e-06  1.001631189e-05  2.30896753e-06  7.71710932e-06  3.176
4649  8183.299462  0.6810823378  1.985664182e-05  1.004883004e-05  9.908781871e-06  9.947859951e-06  2.309523757e-06  7.739306285e-06  3.0858
4650  8183.500029  0.6808804057  1.983947144e-05  1.004216827e-05  9.845307007e-06  9.994164429e-06  2.321058899e-06  7.721109375e-06  3.1244
4651  8183.699776  0.6808259788  1.982334798e-05  1.003455318e-05  9.831186058e-06  9.992161919e-06  2.307210249e-06  7.72734293e-06  3.0612
4652  8183.900378  0.6806374834  1.984301949e-05  1.004640439e-05  9.832573573e-06  1.001044591e-05  2.315758896e-06  7.730645498e-06  3.0012
4653  8184.100304  0.6805987527  1.985005633e-05  1.005035636e-05  9.8646094e-06  9.98544693e-06  2.316464233e-06  7.733892123e-06  2.9984
4654  8184.301047  0.6803215679  1.983380455e-05  1.004491177e-05  9.891497746e-06  9.942306803e-06  2.313471438e-06  7.73144033e-06  2.9562
4655  8184.501153  0.6803169232  1.983565841e-05  1.004589732e-05  9.867278774e-06  9.968379639e-06  2.317478123e-06  7.728419201e-06  3.0158
4656  8184.701508  0.6802145344  1.982609421e-05  1.004208161e-05  9.810137514e-06  1.001595669e-05  2.302207446e-06  7.739874168e-06  3.0528
4657  8184.90052  0.6800412676  1.98504244e-05  1.005614731e-05  9.905414461e-06  9.945009939e-06  2.321755151e-06  7.734392154e-06  3.1824
4658  8185.100373  0.6799708746  1.982971308e-05  1.00463622e-05  9.858718173e-06  9.970994906e-06  2.30716385e-06  7.73919835e-06  3.2754
4659  8185.300749  0.6797818404  1.984458946e-05  1.005579976e-05  9.861612392e-06  9.982977073e-06  2.321924432e-06  7.733875327e-06  3.2944
4660  8185.500134  0.6797816004  1.982976215e-05  1.004828876e-05  9.832646932e-06  9.997115216e-06  2.314860301e-06  7.73342846e-06  3.2352
4661  8185.699833  0.6795456923  1.982677928e-05  1.004914766e-05  9.878900151e-06  9.947879133e-06  2.31571328e-06  7.733434378e-06  3.216
4662  8185.89923  0.6794644397  1.983319528e-05  1.005321641e-05  9.856159882e-06  9.977035403e-06  2.318553205e-06  7.734663202e-06  3.1804
4663  8186.100063  0.6792880517  1.982514959e-05  1.005091084e-05  9.809540931e-06  1.001560865e-05  2.3106825e-06  7.740228338e-06  3.0886
4664  8186.299916  0.6793031356  1.98322561e-05  1.005436202e-05  9.879454936e-06  9.952801161e-06  2.322182458e-06  7.732179563e-06  3.0262
4665  8186.4998  0.67909096  1.984072559e-05  1.006079023e-05  9.838550649e-06  1.000217494e-05  2.316023519e-06  7.74476671e-06  3.0536
4666  8186.700819  0.6790023662  1.984903365e-05  1.00658948e-05  9.847177547e-06  1.00018561e-05  2.325447651e-06  7.740447146e-06  2.9574
4667  8186.900206  0.6787809264  1.980891485e-05  1.004777438e-05  9.813154066e-06  9.995760789e-06  2.315286301e-06  7.732488078e-06  2.9588
4668  8187.100563  0.6786558429  1.982815692e-05  1.005879274e-05  9.838557853e-06  9.989599069e-06  2.312708502e-06  7.746084236e-06  2.9374
4669  8187.300983  0.6785468875  1.985740223e-05  1.007472647e-05  9.887863811e-06  9.969538421e-06  2.32117407e-06  7.753552404e-06  3.0446
4670  8187.501196  0.6784786879  1.982305436e-05  1.005798588e-05  9.842000689e-06  9.98105367e-06  2.307895055e-06  7.750090826e-06  3.1508
4671  8187.699986  0.6783829098  1.983246286e-05  1.006372348e-05  9.86218395e-06  9.970278912e-06  2.321576095e-06  7.742147388e-06  3.323
4672  8187.899641  0.6781622364  1.984894203e-05  1.007430851e-05  9.854027141e-06  9.994914893e-06  2.321952993e-06  7.752355518e-06  3.2986
4673  8188.099979  0.6779934586  1.983558359e-05  1.006922777e-05  9.862125012e-06  9.973458578e-06  2.320709524e-06  7.748518241e-06  3.2238
4674  8188.300051  0.6780210779  1.980074968e-05  1.005126726e-05  9.801040602e-06  9.999709077e-06  2.314224962e-06  7.737042294e-06  3.187
4675  8188.500388  0.6779319834  1.982801094e-05  1.006600242e-05  9.855136537e-06  9.9728744e-06  2.321018724e-06  7.744983691e-06  3.1356
4676  8188.700365  0.6776644751  1.98483223e-05  1.007900966e-05  9.884517409e-06  9.963804891e-06  2.325099709e-06  7.753909949e-06  3.1456
4677  8188.900453  0.6775111342  1.981366972e-05  1.006295596e-05  9.804662069e-06  1.000900765e-05  2.317720429e-06  7.745235536e-06  3.074
4678  8189.100805  0.6774542899  1.981763268e-05  1.006554082e-05  9.81719017e-06  1.00004425e-05  2.322843742e-06  7.74269708e-06  3.0028
4679  8189.300167  0.6772815076  1.98578365e-05  1.00877035e-05  9.92936136e-06  9.928475136e-06  2.333165603e-06  7.754537902e-06  2.9546
4680  8189.500791  0.6771826293  1.981520685e-05  1.006704317e-05  9.861497165e-06  9.953709687e-06  2.316787681e-06  7.750255494e-06  2.9408
4681  8189.700737  0.6770121676  1.982722689e-05  1.007486714e-05  9.873871266e-06  9.953355626e-06  2.324554912e-06  7.750312232e-06  2.9328
4682  8189.901335  0.6768706736  1.983160798e-05  1.007851927e-05  9.857180269e-06  9.974427714e-06  2.321932276e-06  7.756586994e-06  3.0092
4683  8190.101663  0.6768308411  1.983808712e-05  1.008221359e-05  9.914528792e-06  9.923558326e-06  2.320512419e-06  7.761701171e-06  3.1406
4684  8190.301316  0.6767226231  1.983352048e-05  1.008098359e-05  9.869739608e-06  9.963780868e-06  2.325874815e-06  7.755108777e-06  3.2944
4685  8190.500354  0.676437568  1.983853311e-05  1.008640619e-05  9.84762423e-06  9.990908883e-06  2.32229412e-06  7.764112068e-06  3.3006
4686  8190.699611  0.676407397  1.982021041e-05  1.007739451e-05  9.818752219e-06  1.000145819e-05  2.331860298e-06  7.745534211e-06  3.282
4687  8190.899977  0.6761969398  1.981595238e-05  1.007735018e-05  9.843727195e-06  9.972225183e-06  2.31343241e-06  7.763917771e-06  3.1958
4688  8191.099648  0.6760575746  1.984658279e-05  1.00943339e-05  9.898256764e-06  9.948326026e-06  2.341725127e-06  7.752608769e-06  3.1554
4689  8191.300499  0.6760382845  1.980026842e-05  1.007097183e-05  9.777602296e-06  1.002266613e-05  2.310052025e-06  7.760919809e-06  3.1304
4690  8191.499931  0.6758873227  1.983132551e-05  1.008829117e-05  9.853334176e-06  9.97799133e-06  2.331285037e-06  7.757006131e-06  3.0422
4691  8191.699545  0.6757237087  1.984377126e-05  1.009627414e-05  9.874359506e-06  9.969411756e-06  2.337100545e-06  7.759173596e-06  3.0498
4692  8191.89984  0.6755727329  1.982061907e-05  1.008601721e-05  9.805260935e-06  1.001535814e-05  2.316203482e-06  7.769813732e-06  2.9458
4693  8192.100508  0.6755209892  1.981160365e-05  1.008195125e-05  9.815859632e-06  9.995744018e-06  2.334684061e-06  7.747267185e-06  2.9406
4694  8192.300039  0.6753507411  1.984069307e-05  1.009847369e-05  9.897513955e-06  9.943179114e-06  2.326386209e-06  7.772087485e-06  2.9508
4695  8192.501755  0.6751077374  1.981550378e-05  1.008810405e-05  9.801007934e-06  1.001449585e-05  2.32664451e-06  7.761459545e-06  2.9514
4696  8192.701393  0.6752626145  1.982520452e-05  1.009147966e-05  9.86771815e-06  9.957486372e-06  2.319545591e-06  7.771934064e-06  3.0882
4697  8192.901139  0.6750147718  1.984194539e-05  1.010250466e-05  9.869541566e-06  9.972403825e-06  2.325702328e-06  7.776802332e-06  3.2604
4698  8193.100009  0.6748414111  1.986884497e-05  1.011795445e-05  9.927601635e-06  9.941243337e-06  2.346016217e-06  7.771938238e-06  3.3238
4699  8193.299951  0.674747616  1.978934871e-05  1.007841727e-05  9.751574874e-06  1.003777384e-05  2.314584874e-06  7.763832393e-06  3.2966
4700  8193.499672  0.6745203173  1.982272277e-05  1.009770911e-05  9.857986115e-06  9.964736651e-06  2.33482026e-06  7.762888846e-06  3.1922
4701  8193.699901  0.6744144939  1.981971189e-05  1.009724383e-05  9.845347974e-06  9.974363915e-06  2.330595532e-06  7.766648299e-06  3.181
4702  8193.899815  0.6744223465  1.983386221e-05  1.010437343e-05  9.909783146e-06  9.924079061e-06  2.333166178e-06  7.771207251e-06  3.109
4703  8194.100849  0.6741800535  1.98319045e-05  1.010582435e-05  9.866725005e-06  9.965179493e-06  2.34041183e-06  7.765412516e-06  3.0784
4704  8194.299972  0.6741205987  1.981322181e-05  1.009690443e-05  9.789716961e-06  1.002350485e-05  2.322538894e-06  7.774365532e-06  3.0198
4705  8194.500279  0.6740359414  1.982984221e-05  1.010622978e-05  9.880304981e-06  9.949537226e-06  2.338076669e-06  7.768153113e-06  2.959
4706  8194.70069  0.6737572183  1.982321247e-05  1.010566724e-05  9.882006831e-06  9.94120564e-06  2.335003112e-06  7.770664131e-06  2.9542
4707  8194.900451  0.6737222554  1.9805096e-05  1.009678466e-05  9.822682352e-06  9.982413646e-06  2.328511383e-06  7.768273279e-06  2.8678
4708  8195.100825  0.6736607704  1.984071554e-05  1.011556571e-05  9.892077373e-06  9.948638167e-06  2.337622667e-06  7.777943038e-06  2.955
4709  8195.300709  0.6735026874  1.982796515e-05  1.011066326e-05  9.891459557e-06  9.936505595e-06  2.324004389e-06  7.786658872e-06  3.1006
4710  8195.500911  0.6733528982  1.982200868e-05  1.010914006e-05  9.850794824e-06  9.971213851e-06  2.331151117e-06  7.777988947e-06  3.2726
4711  8195.699952  0.6731989188  1.983374e-05  1.011668063e-05  9.851370216e-06  9.982369789e-06  2.336315126e-06  7.780365507e-06  3.3246
4712  8195.900125  0.6731291917  1.980401185e-05  1.010222144e-05  9.83622179e-06  9.967790062e-06  2.334771511e-06  7.76744993e-06  3.2944
4713  8196.099527  0.6730119462  1.982435123e-05  1.011378248e-05  9.871330557e-06  9.953020672e-06  2.335261678e-06  7.778520806e-06  3.2242
4714  8196.300228  0.6728372221  1.980906378e-05  1.01077492e-05  9.787434566e-06  1.002162921e-05  2.328735183e-06  7.77901402e-06  3.162
4715  8196.500588  0.6727367258  1.981248535e-05  1.011051111e-05  9.834848633e-06  9.977636719e-06  2.334686157e-06  7.775824951e-06  3.1236
4716  8196.700713  0.672601992  1.98278523e-05  1.011971639e-05  9.846538624e-06  9.981313671e-06  2.337771436e-06  7.781944955e-06  3.0842
4717  8196.900151  0.6725316209  1.9842032e-05  1.012766608e-05  9.87328885e-06  9.968743151e-06  2.341047608e-06  7.786618475e-06  3.0332
4718  8197.100178  0.6723744605  1.979446861e-05  1.0104977e-05  9.786488311e-06  1.00079803e-05  2.329626822e-06  7.775350179e-06  2.9732
4719  8197.299761  0.6723141168  1.98035606e-05  1.011022849e-05  9.792783816e-06  1.001077678e-05  2.331329176e-06  7.77889931e-06  2.922
4720  8197.500175  0.6720949535  1.983599208e-05  1.012900526e-05  9.891978087e-06  9.944013996e-06  2.349337771e-06  7.779667489e-06  2.8882
4721  8197.700535  0.6720570163  1.979980862e-05  1.011091219e-05  9.810806222e-06  9.989002398e-06  2.326771451e-06  7.784140741e-06  2.9106
4722  8197.901235  0.6719237541  1.982461157e-05  1.012492717e-05  9.891059812e-06  9.933551757e-06  2.332248971e-06  7.792678202e-06  3.0274
4723  8198.101226  0.6717592726  1.984745485e-05  1.013826123e-05  9.894683626e-06  9.952771222e-06  2.340818452e-06  7.797442778e-06  3.2416
4724  8198.300237  0.6717336961  1.982349642e-05  1.012628204e-05  9.840675594e-06  9.982820823e-06  2.333242768e-06  7.793039268e-06  3.3364
4725  8198.500447  0.6715501128  1.979990092e-05  1.011608591e-05  9.817041587e-06  9.982859332e-06  2.343048027e-06  7.773037879e-06  3.3128
4726  8198.699412  0.6714534919  1.980193986e-05  1.011810521e-05  9.837153517e-06  9.964786341e-06  2.332916966e-06  7.785188239e-06  3.241
4727  8198.899359  0.6712444971  1.98322194e-05  1.013569509e-05  9.893332654e-06  9.938886748e-06  2.346082492e-06  7.789612597e-06  3.1742
4728  8199.099429  0.6711923969  1.979398682e-05  1.011668255e-05  9.797481639e-06  9.996505183e-06  2.329017615e-06  7.787664935e-06  3.1644
4729  8199.300513  0.6711088567  1.980901437e-05  1.012520894e-05  9.814786988e-06  9.99422738e-06  2.345623715e-06  7.779585222e-06  3.0872
4730  8199.500469  0.6709649452  1.983866278e-05  1.014182289e-05  9.879211825e-06  9.959450954e-06  2.346311591e-06  7.795511299e-06  3.0578
4731  8199.700059  0.6707251533  1.979647036e-05  1.012268054e-05  9.852391381e-06  9.944078978e-06  2.334201183e-06  7.788479352e-06  2.9696
4732  8199.900408  0.6705632496  1.980012627e-05  1.012618927e-05  9.830167595e-06  9.969958673e-06  2.346314831e-06  7.779874444e-06  2.9316
4733  8200.099839  0.6704566128  1.980940391e-05  1.013201444e-05  9.816472941e-06  9.992930971e-06  2.336488658e-06  7.795525781e-06  2.9028
4734  8200.300847  0.6703456202  1.982244274e-05  1.013980885e-05  9.85772948e-06  9.964713258e-06  2.345537034e-06  7.794271819e-06  2.8896
4735  8200.501589  0.6702448347  1.980906186e-05  1.013398541e-05  9.844130069e-06  9.964931787e-06  2.334685541e-06  7.799299874e-06  2.9948
4736  8200.701961  0.6701393373  1.982625907e-05  1.014385332e-05  9.854139815e-06  9.972119256e-06  2.334295267e-06  7.80955805e-06  3.1706
4737  8200.90058  0.6699480444  1.983306061e-05  1.014927454e-05  9.866185453e-06  9.966875159e-06  2.343438018e-06  7.805836519e-06  3.3364
4738  8201.09991  0.6698727988  1.97960899e-05  1.013111762e-05  9.824454784e-06  9.971635115e-06  2.344788256e-06  7.78632936e-06  3.3626
4739  8201.300308  0.6696377513  1.978921788e-05  1.012998144e-05  9.788468649e-06  1.000074923e-05  2.338117784e-06  7.79186366e-06  3.2554
4740  8201.500258  0.6696327867  1.980733886e-05  1.01393078e-05  9.821918862e-06  9.985420001e-06  2.339107079e-06  7.800200726e-06  3.207
4741  8201.700123  0.6695111883  1.980476018e-05  1.013922063e-05  9.858489413e-06  9.946270771e-06  2.343791697e-06  7.795428929e-06  3.17
4742  8201.899911  0.6692815123  1.98155995e-05  1.014710018e-05  9.842905738e-06  9.972693759e-06  2.346153259e-06  7.800946926e-06  3.111
4743  8202.09985  0.6691675892  1.980769415e-05  1.014420764e-05  9.801063476e-06  1.000663067e-05  2.344052033e-06  7.800155603e-06  3.0958
4744  8202.299941  0.6690184091  1.979806766e-05  1.014079027e-05  9.833184692e-06  9.964882969e-06  2.339289356e-06  7.801500914e-06  2.9906
4745  8202.499401  0.6689859185  1.980661453e-05  1.01454977e-05  9.8492119e-06  9.957402633e-06  2.348770798e-06  7.796726902e-06  2.9646
4746  8202.700587  0.6688153265  1.979514133e-05  1.01413507e-05  9.796100047e-06  9.999041287e-06  2.346989417e-06  7.794361278e-06  2.9172
4747  8202.900968  0.6686310475  1.979854444e-05  1.014496349e-05  9.841178641e-06  9.957365798e-06  2.347517763e-06  7.797445727e-06  2.8638
4748  8203.101171  0.6685611036  1.982039816e-05  1.015687193e-05  9.911002916e-06  9.909395247e-06  2.3439673e-06  7.812904633e-06  2.9178
4749  8203.301752  0.6683594327  1.981761463e-05  1.015749379e-05  9.853363654e-06  9.964250978e-06  2.340018387e-06  7.817475402e-06  3.0918
4750  8203.501674  0.6683481192  1.981351921e-05  1.015550958e-05  9.853785871e-06  9.959733343e-06  2.344183118e-06  7.811326464e-06  3.3218
4751  8203.700717  0.6681152278  1.98056004e-05  1.015381522e-05  9.874272489e-06  9.931327911e-06  2.349863795e-06  7.803951423e-06  3.3384
4752  8203.899805  0.6679430772  1.978966376e-05  1.014739164e-05  9.820285658e-06  9.969378099e-06  2.351211106e-06  7.796180539e-06  3.279
4753  8204.099898  0.6678715419  1.980696303e-05  1.015698862e-05  9.844420153e-06  9.962542876e-06  2.346369089e-06  7.810619526e-06  3.2148
4754  8204.300383  0.6677677957  1.979231955e-05  1.015053248e-05  9.82305732e-06  9.969262232e-06  2.344892116e-06  7.805640366e-06  3.159
4755  8204.500014  0.6676019971  1.980856688e-05  1.016054942e-05  9.847328602e-06  9.961238274e-06  2.35529166e-06  7.805257761e-06  3.1218
4756  8204.700147  0.6674752366  1.979945376e-05  1.015716241e-05  9.797034544e-06  1.000241922e-05  2.348440083e-06  7.808722328e-06  3.0628
4757  8204.900067  0.6672991606  1.980549845e-05  1.016205249e-05  9.844753888e-06  9.960744566e-06  2.34508351e-06  7.816968978e-06  3.0344
4758  8205.100495  0.667262109  1.978494099e-05  1.015188074e-05  9.80281765e-06  9.982123343e-06  2.352177691e-06  7.799703053e-06  2.943
4759  8205.299607  0.6672039944  1.979411421e-05  1.015717789e-05  9.824032619e-06  9.970081592e-06  2.346201469e-06  7.810976423e-06  2.899
4760  8205.49955  0.6669687099  1.980509774e-05  1.016520543e-05  9.869626979e-06  9.935470766e-06  2.357225583e-06  7.807979848e-06  2.889
4761  8205.70076  0.6668787506  1.978317924e-05  1.015486898e-05  9.777680613e-06  1.000549862e-05  2.337104628e-06  7.817764347e-06  2.9364
4762  8205.900944  0.6667989918  1.982997306e-05  1.017970052e-05  9.88284818e-06  9.94712488e-06  2.355876056e-06  7.823824463e-06  3.0156
4763  8206.101238  0.6666010659  1.981333839e-05  1.017317446e-05  9.870055989e-06  9.943282403e-06  2.349137427e-06  7.824037035e-06  3.2654
4764  8206.301012  0.6663966025  1.978646931e-05  1.016145594e-05  9.826219602e-06  9.960249707e-06  2.343964656e-06  7.817491288e-06  3.326
4765  8206.500826  0.6663063761  1.978852121e-05  1.016342668e-05  9.795614831e-06  9.992906384e-06  2.360137595e-06  7.803289084e-06  3.3242
4766  8206.699477  0.6661856909  1.979496382e-05  1.016796267e-05  9.805536716e-06  9.989427109e-06  2.341648351e-06  7.826314314e-06  3.209
4767  8206.900149  0.6660805415  1.980454266e-05  1.01739527e-05  9.862543344e-06  9.941999316e-06  2.362865508e-06  7.811087191e-06  3.2018
4768  8207.100291  0.665923941  1.979395224e-05  1.017010472e-05  9.826137311e-06  9.967814924e-06  2.343686442e-06  7.826418283e-06  3.132
4769  8207.301413  0.6657763179  1.979381879e-05  1.01715376e-05  9.823717923e-06  9.970100863e-06  2.361470047e-06  7.810067555e-06  3.0654
4770  8207.499979  0.6656618291  1.977593989e-05  1.016351364e-05  9.841936542e-06  9.934003349e-06  2.346861461e-06  7.816652175e-06  3.0358
4771  8207.700066  0.6654928224  1.976492792e-05  1.015957111e-05  9.807546074e-06  9.957381841e-06  2.35338108e-06  7.806190027e-06  2.961
4772  8207.900331  0.665484039  1.9776201e-05  1.016545499e-05  9.838941922e-06  9.937259083e-06  2.358693215e-06  7.806761773e-06  2.9358
4773  8208.100652  0.6653806566  1.972077325e-05  1.013801179e-05  9.780104379e-06  9.940668874e-06  2.33663358e-06  7.801378214e-06  2.8974
4774  8208.301432  0.6651837716  1.972444053e-05  1.014189365e-05  9.828141541e-06  9.896298992e-06  2.354618288e-06  7.787275363e-06  2.9136
4775  8208.501705  0.6651489695  1.970328269e-05  1.013136732e-05  9.801057889e-06  9.902224803e-06  2.336054594e-06  7.795312726e-06  3.0054
4776  8208.701298  0.6649405969  1.967366057e-05  1.011824386e-05  9.804227217e-06  9.869433349e-06  2.339118262e-06  7.779125597e-06  3.181
4777  8208.900581  0.6648471836  1.963941019e-05  1.010157233e-05  9.752237887e-06  9.887172302e-06  2.332260166e-06  7.769312161e-06  3.3156
4778  8209.099368  0.6646533989  1.964392735e-05  1.010585391e-05  9.754254535e-06  9.88967281e-06  2.34735315e-06  7.758500757e-06  3.2906
4779  8209.299756  0.6646016055  1.965032978e-05  1.010967125e-05  9.774037349e-06  9.876292429e-06  2.340467006e-06  7.769204246e-06  3.2406
4780  8209.500421  0.664455818  1.967681464e-05  1.01247731e-05  9.783795575e-06  9.893019068e-06  2.344799733e-06  7.779973368e-06  3.1744
4781  8209.700247  0.6643414335  1.970917384e-05  1.014258372e-05  9.777102104e-06  9.932071735e-06  2.352406184e-06  7.790177541e-06  3.1214
4782  8209.900435  0.6642513683  1.971196652e-05  1.014493454e-05  9.741680864e-06  9.970285658e-06  2.341348952e-06  7.803585587e-06  3.1074
4783  8210.100454  0.6640258191  1.974177793e-05  1.016256914e-05  9.841545645e-06  9.90023228e-06  2.364636693e-06  7.797932444e-06  3.0366
4784  8210.300274  0.6639181681  1.974333565e-05  1.016446517e-05  9.791259638e-06  9.952076009e-06  2.345219298e-06  7.81924587e-06  2.979
4785  8210.500334  0.6637883175  1.97583699e-05  1.017352621e-05  9.795216617e-06  9.963153285e-06  2.359394432e-06  7.814131778e-06  2.9238
4786  8210.700876  0.6638497408  1.974997545e-05  1.016857932e-05  9.792320029e-06  9.957655421e-06  2.353712118e-06  7.814867206e-06  2.9138
4787  8210.90076  0.6634911963  1.976261601e-05  1.017873639e-05  9.810654267e-06  9.951961742e-06  2.356453668e-06  7.822282719e-06  2.8894
4788  8211.101447  0.6633783515  1.977666691e-05  1.01871228e-05  9.820278097e-06  9.956388811e-06  2.361911561e-06  7.82521124e-06  2.9658
4789  8211.301884  0.6632968249  1.975768473e-05  1.017817468e-05  9.832040153e-06  9.925644576e-06  2.341819363e-06  7.836355322e-06  3.145
4790  8211.501465  0.6631097715  1.976582725e-05  1.018427413e-05  9.865558491e-06  9.900268763e-06  2.363370105e-06  7.820904027e-06  3.2976
4791  8211.700326  0.6630885344  1.973808714e-05  1.017019712e-05  9.758530699e-06  9.979556445e-06  2.349645347e-06  7.820551773e-06  3.3156
4792  8211.899254  0.662832413  1.975988652e-05  1.018403743e-05  9.83043788e-06  9.929448641e-06  2.365959637e-06  7.818077792e-06  3.2524
4793  8212.100053  0.6627610611  1.975284837e-05  1.018113646e-05  9.786681063e-06  9.966167308e-06  2.353316716e-06  7.827819741e-06  3.2206
4794  8212.299945  0.6626907644  1.977490251e-05  1.019322027e-05  9.83125059e-06  9.943651924e-06  2.365793344e-06  7.827426923e-06  3.1308
4795  8212.500077  0.6625072148  1.974200895e-05  1.017813289e-05  9.781803008e-06  9.96020594e-06  2.355536799e-06  7.822596089e-06  3.102
4796  8212.700178  0.6623846631  1.976792205e-05  1.019274163e-05  9.860316133e-06  9.907605913e-06  2.364175585e-06  7.828566046e-06  3.0616
4797  8212.900656  0.6622559147  1.972591861e-05  1.01723934e-05  9.758197861e-06  9.967720749e-06  2.357625193e-06  7.814768209e-06  2.9802
4798  8213.099763  0.6622070889  1.975070055e-05  1.018567043e-05  9.783730491e-06  9.96697006e-06  2.352033622e-06  7.833636808e-06  2.9304
4799  8213.300211  0.6619280919  1.976705627e-05  1.019694979e-05  9.869009225e-06  9.898047044e-06  2.37547662e-06  7.821473169e-06  2.894
4800  8213.50092  0.6619107611  1.973248386e-05  1.017929183e-05  9.763419339e-06  9.969064521e-06  2.349200925e-06  7.830090902e-06  2.8894
4801  8213.701278  0.6617474699  1.977169501e-05  1.020118511e-05  9.839593485e-06  9.932101529e-06  2.368434167e-06  7.832750939e-06  2.914
4802  8213.901807  0.6615529601  1.975800386e-05  1.019610422e-05  9.850302652e-06  9.907701212e-06  2.351868958e-06  7.844235262e-06  3.0938
4803  8214.101361  0.6614213316  1.9751329e-05  1.019400139e-05  9.825422267e-06  9.925906734e-06  2.358660821e-06  7.835340572e-06  3.2854
4804  8214.300276  0.6613040305  1.973684555e-05  1.01877212e-05  9.749910742e-06  9.986934805e-06  2.358445017e-06  7.829276178e-06  3.328
4805  8214.500097  0.6611881251  1.972918801e-05  1.018494897e-05  9.773189266e-06  9.955998746e-06  2.356601401e-06  7.828347567e-06  3.2802
4806  8214.699793  0.6610308784  1.975027382e-05  1.019743764e-05  9.8201406e-06  9.930133224e-06  2.367981851e-06  7.829455793e-06  3.199
4807  8214.899785  0.6609556976  1.974591966e-05  1.019595602e-05  9.773889772e-06  9.972029886e-06  2.354027754e-06  7.841928263e-06  3.142
4808  8215.100543  0.6608484856  1.97603024e-05  1.020447664e-05  9.828826097e-06  9.9314763e-06  2.37495832e-06  7.829518318e-06  3.1214
4809  8215.30009  0.660757213  1.970245161e-05  1.017553044e-05  9.705904004e-06  9.996547605e-06  2.344874427e-06  7.830656017e-06  3.0438
4810  8215.499952  0.6606074308  1.975480452e-05  1.020409691e-05  9.833090826e-06  9.921713696e-06  2.377587565e-06  7.826509349e-06  3.0222
4811  8215.699065  0.6604952357  1.975179913e-05  1.020368925e-05  9.820184788e-06  9.931614339e-06  2.358656619e-06  7.845032636e-06  2.9774
4812  8215.900293  0.6602690281  1.970967741e-05  1.018423286e-05  9.76247869e-06  9.947198721e-06  2.361875942e-06  7.822356917e-06  2.9276
4813  8216.101302  0.6602784811  1.97490619e-05  1.020448685e-05  9.815616142e-06  9.933445761e-06  2.373401363e-06  7.831085484e-06  2.872
4814  8216.301384  0.6600647845  1.974982686e-05  1.020706309e-05  9.781216997e-06  9.968609868e-06  2.355553943e-06  7.851509147e-06  2.8864
4815  8216.501766  0.6600127847  1.97462885e-05  1.020576508e-05  9.830356899e-06  9.915931601e-06  2.365738906e-06  7.840026178e-06  3.043
4816  8216.701425  0.6598813982  1.973414436e-05  1.020082861e-05  9.822743929e-06  9.911400428e-06  2.354717607e-06  7.846111004e-06  3.251
4817  8216.900987  0.6597326109  1.974711897e-05  1.020905422e-05  9.82841995e-06  9.918699021e-06  2.372910358e-06  7.83614386e-06  3.3362
4818  8217.100448  0.6595896972  1.971619673e-05  1.019452457e-05  9.772175496e-06  9.944021231e-06  2.362405029e-06  7.832119545e-06  3.2924
4819  8217.299938  0.6594792948  1.972745102e-05  1.020146996e-05  9.775272588e-06  9.952178436e-06  2.365225625e-06  7.836244338e-06  3.2334
4820  8217.500083  0.6594010912  1.97471848e-05  1.021247333e-05  9.816924832e-06  9.93025997e-06  2.370475576e-06  7.84199775e-06  3.1624
4821  8217.699582  0.6592027011  1.972367623e-05  1.020233945e-05  9.804260522e-06  9.919415707e-06  2.365190911e-06  7.837148542e-06  3.1336
4822  8217.900178  0.6591017499  1.972657919e-05  1.020487119e-05  9.80940808e-06  9.917171113e-06  2.369352307e-06  7.835518885e-06  3.0844
4823  8218.100173  0.6590301374  1.972785295e-05  1.0206261e-05  9.775898244e-06  9.951954706e-06  2.366328098e-06  7.839932898e-06  3.0312
4824  8218.299904  0.6589007398  1.971612667e-05  1.020151434e-05  9.748486477e-06  9.967640193e-06  2.363093212e-06  7.838421125e-06  2.9718
4825  8218.499744  0.658779711  1.972726982e-05  1.020851547e-05  9.804238504e-06  9.923031318e-06  2.372861309e-06  7.835654165e-06  2.9146
4826  8218.700386  0.6586173623  1.973306459e-05  1.021317212e-05  9.796732541e-06  9.936332045e-06  2.369683496e-06  7.843488627e-06  2.8994
4827  8218.900594  0.6584771677  1.974266597e-05  1.021957411e-05  9.808103714e-06  9.934562258e-06  2.372295964e-06  7.847278143e-06  2.8704
4828  8219.101759  0.6584079136  1.972748199e-05  1.021242151e-05  9.791686347e-06  9.935795642e-06  2.360293198e-06  7.852128315e-06  2.9844
4829  8219.301348  0.6581661829  1.974167194e-05  1.022223802e-05  9.84661894e-06  9.895053e-06  2.367252494e-06  7.854985531e-06  3.183
4830  8219.500734  0.658116798  1.972543079e-05  1.021433278e-05  9.79096821e-06  9.934462578e-06  2.366658786e-06  7.84767399e-06  3.307
4831  8219.699687  0.658050298  1.971846648e-05  1.021140552e-05  9.793663888e-06  9.924802593e-06  2.365908846e-06  7.845496671e-06  3.3138
4832  8219.90035  0.6579304469  1.972213393e-05  1.021452889e-05  9.770670377e-06  9.951463553e-06  2.376216536e-06  7.838312354e-06  3.2508
4833  8220.100292  0.6577295133  1.973885256e-05  1.022524223e-05  9.791766507e-06  9.947086057e-06  2.366120311e-06  7.859121918e-06  3.1716
4834  8220.300504  0.6576223847  1.971780877e-05  1.02154353e-05  9.789312627e-06  9.928496146e-06  2.374418706e-06  7.841016596e-06  3.1358
4835  8220.500294  0.6574217476  1.970945343e-05  1.021315548e-05  9.770398644e-06  9.939054784e-06  2.363900409e-06  7.849255073e-06  3.0742
4836  8220.700354  0.6573503019  1.971188665e-05  1.021514615e-05  9.760261056e-06  9.951625597e-06  2.376520839e-06  7.838625308e-06  3.022
4837  8220.899259  0.6572623061  1.972783898e-05  1.022431266e-05  9.840724528e-06  9.887114453e-06  2.367959608e-06  7.856353055e-06  2.9772
4838  8221.100279  0.657063391  1.971392461e-05  1.021913382e-05  9.80563838e-06  9.90828623e-06  2.372402731e-06  7.846731092e-06  2.9346
4839  8221.300669  0.6569505827  1.970765241e-05  1.021703499e-05  9.729169276e-06  9.978483131e-06  2.377630244e-06  7.83940475e-06  2.8948
4840  8221.499883  0.6569168206  1.97399497e-05  1.02341244e-05  9.828065501e-06  9.911884202e-06  2.367732194e-06  7.866392202e-06  2.8816
4841  8221.700803  0.6566747657  1.972202495e-05  1.022730662e-05  9.840835313e-06  9.881189637e-06  2.378174863e-06  7.849131762e-06  2.9508
4842  8221.900881  0.6566111182  1.970729033e-05  1.022031613e-05  9.800802133e-06  9.906488199e-06  2.359993702e-06  7.860322427e-06  3.1186
4843  8222.100646  0.6564551767  1.972943368e-05  1.023339549e-05  9.826132369e-06  9.903301314e-06  2.379274702e-06  7.854120786e-06  3.2834
4844  8222.299168  0.6563318832  1.970934138e-05  1.022423438e-05  9.801260344e-06  9.908081032e-06  2.373085767e-06  7.851148611e-06  3.3318
4845  8222.499919  0.6562796369  1.971369752e-05  1.022702844e-05  9.765301859e-06  9.948395662e-06  2.376969947e-06  7.850058494e-06  3.273
4846  8222.700218  0.6561141629  1.972500298e-05  1.023458688e-05  9.780398391e-06  9.944604588e-06  2.374473752e-06  7.860113129e-06  3.1756
4847  8222.900763  0.6560102584  1.970573401e-05  1.022565135e-05  9.812392213e-06  9.893341796e-06  2.37572478e-06  7.849926568e-06  3.129
4848  8223.100668  0.6558102014  1.970808323e-05  1.022891656e-05  9.794240731e-06  9.913842495e-06  2.372571994e-06  7.856344565e-06  3.119
4849  8223.300732  0.6557052582  1.971265449e-05  1.02323629e-05  9.786525163e-06  9.926129325e-06  2.382460297e-06  7.849902606e-06  3.0488
4850  8223.500072  0.6556622397  1.969387137e-05  1.022305281e-05  9.75703206e-06  9.936839312e-06  2.365953643e-06  7.857099169e-06  2.9934
4851  8223.699644  0.6555811596  1.971514332e-05  1.023492485e-05  9.820380326e-06  9.89476299e-06  2.384290335e-06  7.850634519e-06  2.9094
4852  8223.899955  0.6553718294  1.971379572e-05  1.023636782e-05  9.766409569e-06  9.947386148e-06  2.38062521e-06  7.855742609e-06  2.9128
4853  8224.100004  0.6552147024  1.97236553e-05  1.024309674e-05  9.786295974e-06  9.937359325e-06  2.370827859e-06  7.872268878e-06  2.8496
4854  8224.301167  0.6550965577  1.969762949e-05  1.023078938e-05  9.797856258e-06  9.899773231e-06  2.385837979e-06  7.844951401e-06  2.9274
4855  8224.501371  0.654972615  1.971019166e-05  1.023858299e-05  9.825870458e-06  9.884321203e-06  2.360459992e-06  7.878122999e-06  3.0676
4856  8224.701426  0.6548429059  1.974248739e-05  1.025668951e-05  9.844502963e-06  9.897984431e-06  2.387927598e-06  7.868761914e-06  3.2512
4857  8224.900573  0.6547055333  1.967950275e-05  1.022537209e-05  9.717388239e-06  9.962114509e-06  2.364186712e-06  7.861185374e-06  3.3344
4858  8225.100493  0.6545117844  1.971142522e-05  1.024394341e-05  9.791212681e-06  9.92021254e-06  2.38882278e-06  7.855120625e-06  3.2634
4859  8225.300023  0.6545200741  1.972261946e-05  1.024967604e-05  9.808262264e-06  9.914357194e-06  2.384628046e-06  7.86504799e-06  3.213
4860  8225.4992  0.6543100851  1.970220302e-05  1.02412161e-05  9.787246267e-06  9.914956752e-06  2.3719169e-06  7.869299205e-06  3.1476
4861  8225.700463  0.6542402805  1.969083746e-05  1.023602278e-05  9.744210929e-06  9.946626531e-06  2.388723432e-06  7.847299345e-06  3.0966
4862  8225.900291  0.6540956481  1.969601785e-05  1.024019669e-05  9.749889689e-06  9.946128165e-06  2.368141716e-06  7.872054978e-06  3.0286
4863  8226.100151  0.6539456523  1.971481755e-05  1.025150845e-05  9.805024285e-06  9.909793263e-06  2.389664039e-06  7.86184441e-06  3.006
4864  8226.299849  0.6538712061  1.970131975e-05  1.024525242e-05  9.786050556e-06  9.915269194e-06  2.371776893e-06  7.873475527e-06  2.9326
4865  8226.500305  0.6536324836  1.969669944e-05  1.024529522e-05  9.743057463e-06  9.953641974e-06  2.385744925e-06  7.859550291e-06  2.8882
4866  8226.700311  0.6535995566  1.973472223e-05  1.026541089e-05  9.82483588e-06  9.90988635e-06  2.397508056e-06  7.867902829e-06  2.8712
4867  8226.900919  0.6535344111  1.966677141e-05  1.023073137e-05  9.725566059e-06  9.941205351e-06  2.353670985e-06  7.877060385e-06  2.8884
4868  8227.101913  0.6533029342  1.973163258e-05  1.026684867e-05  9.884415934e-06  9.847216646e-06  2.393611624e-06  7.873237042e-06  3.0278
4869  8227.300764  0.6532244391  1.970043416e-05  1.025142003e-05  9.78020276e-06  9.920231404e-06  2.374370961e-06  7.877049066e-06  3.2608
4870  8227.499929  0.6531253449  1.968937064e-05  1.024667829e-05  9.774655994e-06  9.914714646e-06  2.382276889e-06  7.864401402e-06  3.3174
4871  8227.700204  0.6530541612  1.970118637e-05  1.025355725e-05  9.764900844e-06  9.936285525e-06  2.382747436e-06  7.870809818e-06  3.2952
4872  8227.899302  0.652794848  1.971017066e-05  1.02608936e-05  9.785094306e-06  9.925076356e-06  2.387150672e-06  7.873742932e-06  3.1922
4873  8228.100481  0.6526344208  1.969686775e-05  1.02556134e-05  9.805517631e-06  9.891350116e-06  2.383671555e-06  7.871941846e-06  3.184
4874  8228.300268  0.6525709908  1.966679708e-05  1.024060598e-05  9.707121971e-06  9.959675104e-06  2.375655419e-06  7.864950559e-06  3.1212
4875  8228.500184  0.6524354069  1.971333281e-05  1.026622922e-05  9.805051863e-06  9.908280942e-06  2.390793896e-06  7.875435325e-06  3.058
4876  8228.700721  0.6522679775  1.968583433e-05  1.025362529e-05  9.760664639e-06  9.925169694e-06  2.381903874e-06  7.871721418e-06  3.0394
4877  8228.90042  0.6522347486  1.969170957e-05  1.025702631e-05  9.775400162e-06  9.916309408e-06  2.387154682e-06  7.869871629e-06  2.96
4878  8229.100798  0.6521143398  1.969728867e-05  1.026116782e-05  9.760481119e-06  9.936807553e-06  2.386516068e-06  7.87465175e-06  2.8788
4879  8229.300133  0.6518364407  1.970767441e-05  1.026943167e-05  9.789534882e-06  9.918139531e-06  2.393832707e-06  7.875598961e-06  2.8632
4880  8229.501001  0.6518092073  1.966949896e-05  1.024981803e-05  9.733269739e-06  9.936229219e-06  2.372941971e-06  7.87687606e-06  2.8212
4881  8229.701854  0.6517111633  1.971510116e-05  1.027458875e-05  9.859322144e-06  9.855779012e-06  2.389881255e-06  7.884707491e-06  2.9838
4882  8229.901575  0.651502535  1.970604484e-05  1.027201182e-05  9.797538697e-06  9.908506138e-06  2.381723539e-06  7.890288285e-06  3.1746
4883  8230.100686  0.651472334  1.968033228e-05  1.025891867e-05  9.767019892e-06  9.913312383e-06  2.381642755e-06  7.877275915e-06  3.3212
4884  8230.299617  0.6513541049  1.969551736e-05  1.026804823e-05  9.754475417e-06  9.941041941e-06  2.394829376e-06  7.873218849e-06  3.2928
4885  8230.499718  0.6512256352  1.969842631e-05  1.027088419e-05  9.751080214e-06  9.947346093e-06  2.383695953e-06  7.887188235e-06  3.2366
4886  8230.699638  0.6510635424  1.969164634e-05  1.026901347e-05  9.794495731e-06  9.897150612e-06  2.391281367e-06  7.877732102e-06  3.1876
4887  8230.900228  0.6509227194  1.967758142e-05  1.026312392e-05  9.738749666e-06  9.938831756e-06  2.379056608e-06  7.884067316e-06  3.133
4888  8231.100287  0.65072482  1.969117361e-05  1.027224579e-05  9.765607689e-06  9.925565921e-06  2.400837099e-06  7.871408694e-06  3.087
4889  8231.300318  0.650718135  1.966872388e-05  1.026060309e-05  9.729953174e-06  9.93877071e-06  2.373420526e-06  7.887182567e-06  3.0282
4890  8231.500037  0.6505770391  1.970262559e-05  1.027973896e-05  9.801671975e-06  9.900953618e-06  2.393746839e-06  7.88599212e-06  2.9924
4891  8231.700781  0.6504427017  1.969133796e-05  1.027522995e-05  9.744136622e-06  9.947201341e-06  2.395194734e-06  7.880035218e-06  2.9334
4892  8231.899958  0.6503773217  1.967680463e-05  1.026831756e-05  9.723284519e-06  9.953520107e-06  2.383885068e-06  7.884432497e-06  2.8702
4893  8232.100373  0.6501100563  1.969768884e-05  1.028196362e-05  9.795998527e-06  9.901690316e-06  2.399020362e-06  7.882943253e-06  2.8626
4894  8232.301291  0.6500953497  1.968482292e-05  1.027539887e-05  9.76309515e-06  9.921727768e-06  2.3783576e-06  7.897041269e-06  2.9192
4895  8232.501342  0.6499019365  1.971067142e-05  1.029088188e-05  9.823949811e-06  9.886721609e-06  2.396074643e-06  7.894807239e-06  3.097
4896  8232.700662  0.6499615004  1.967072107e-05  1.026941222e-05  9.727328308e-06  9.943392761e-06  2.372654105e-06  7.896758115e-06  3.3238
4897  8232.900328  0.6496674466  1.97058943e-05  1.029080057e-05  9.802043599e-06  9.903850699e-06  2.4044256e-06  7.886374968e-06  3.3242
4898  8233.100391  0.6495439796  1.96748086e-05  1.027583566e-05  9.719773628e-06  9.955034974e-06  2.388055804e-06  7.887779857e-06  3.2564
4899  8233.299643  0.6492833024  1.969017667e-05  1.028654327e-05  9.796695529e-06  9.893481137e-06  2.392727945e-06  7.893815326e-06  3.1728
4900  8233.500093  0.6493569395  1.967237018e-05  1.027648405e-05  9.740886385e-06  9.931483799e-06  2.387890952e-06  7.888593098e-06  3.1512
4901  8233.699956  0.6492248948  1.968750938e-05  1.028575058e-05  9.775804316e-06  9.911705066e-06  2.392279431e-06  7.893471147e-06  3.0898
4902  8233.899809  0.6490858196  1.966873706e-05  1.027737219e-05  9.758166674e-06  9.910570385e-06  2.398126668e-06  7.879245527e-06  3.0562
4903  8234.100497  0.6490388163  1.967470754e-05  1.028097514e-05  9.732730425e-06  9.941977113e-06  2.378104704e-06  7.902870434e-06  2.9848
4904  8234.300536  0.6487526798  1.971886953e-05  1.030700067e-05  9.799944166e-06  9.918925361e-06  2.417575928e-06  7.889424747e-06  2.9106
4905  8234.499403  0.6487926106  1.966192883e-05  1.027682756e-05  9.716893399e-06  9.945035435e-06  2.377512848e-06  7.899314708e-06  2.8844
4906  8234.701266  0.6485237003  1.967112201e-05  1.028439782e-05  9.76577228e-06  9.905349731e-06  2.397962885e-06  7.886434937e-06  2.8736
4907  8234.901598  0.6484962113  1.969698676e-05  1.029820344e-05  9.819551665e-06  9.877435092e-06  2.405582494e-06  7.892620942e-06  2.9
4908  8235.101474  0.6483510626  1.970264266e-05  1.030265583e-05  9.812024622e-06  9.890618035e-06  2.375612243e-06  7.927043583e-06  3.048
4909  8235.302723  0.6482254954  1.969056558e-05  1.02976336e-05  9.794054075e-06  9.896511502e-06  2.407671669e-06  7.889961928e-06  3.288
4910  8235.500305  0.6481908899  1.967010847e-05  1.028729107e-05  9.722203162e-06  9.947905308e-06  2.383044638e-06  7.904246435e-06  3.2804
4911  8235.700712  0.6479075052  1.97053921e-05  1.0308665e-05  9.786554933e-06  9.918837167e-06  2.413466167e-06  7.895198834e-06  3.263
4912  8235.899794  0.6478146914  1.966995753e-05  1.029108289e-05  9.759545364e-06  9.910412163e-06  2.384288352e-06  7.906794541e-06  3.1956
4913  8236.100671  0.6477470555  1.968077393e-05  1.029743835e-05  9.779194336e-06  9.90157959e-06  2.403883545e-06  7.89355481e-06  3.1236
4914  8236.300066  0.6476235045  1.967613686e-05  1.029628417e-05  9.717628393e-06  9.958508462e-06  2.393459485e-06  7.902824684e-06  3.1156
4915  8236.49974  0.6475422617  1.966421022e-05  1.029087913e-05  9.718561328e-06  9.945648889e-06  2.392079601e-06  7.898799529e-06  3.0684
4916  8236.699965  0.6473654676  1.971419858e-05  1.031886371e-05  9.840577791e-06  9.873620788e-06  2.414504537e-06  7.904359175e-06  3.0138
4917  8236.900496  0.6472028756  1.966102354e-05  1.029270405e-05  9.69269304e-06  9.9683305e-06  2.382293857e-06  7.910410196e-06  2.946
4918  8237.101224  0.6471492141  1.969618689e-05  1.031166568e-05  9.783995919e-06  9.912190976e-06  2.413354227e-06  7.898311449e-06  2.8778
4919  8237.300373  0.6470172525  1.967533524e-05  1.030210847e-05  9.761357723e-06  9.913977513e-06  2.395495039e-06  7.906613433e-06  2.8694
4920  8237.500677  0.6468327294  1.966846346e-05  1.030041087e-05  9.757014683e-06  9.911448781e-06  2.393632483e-06  7.906778382e-06  2.8704
4921  8237.701503  0.6467418816  1.970105093e-05  1.031841434e-05  9.811158102e-06  9.889892828e-06  2.403249021e-06  7.915165323e-06  3.051
4922  8237.900968  0.6466672874  1.968432776e-05  1.031042466e-05  9.796990223e-06  9.887337537e-06  2.39187365e-06  7.918551013e-06  3.2218
4923  8238.100234  0.6465099182  1.969028409e-05  1.031516768e-05  9.776585164e-06  9.913698929e-06  2.407546326e-06  7.907621358e-06  3.2962
4924  8238.299371  0.6463642907  1.968463903e-05  1.031371225e-05  9.72821897e-06  9.956420065e-06  2.403421474e-06  7.910290777e-06  3.2982
4925  8238.499828  0.6462027361  1.966905415e-05  1.030721164e-05  9.758291841e-06  9.91076231e-06  2.399925709e-06  7.907285929e-06  3.1996
4926  8238.69983  0.6461921659  1.967931088e-05  1.03126955e-05  9.764177464e-06  9.915133411e-06  2.398484879e-06  7.914210616e-06  3.1644
4927  8238.899906  0.6460037997  1.968128712e-05  1.031567406e-05  9.771742759e-06  9.909544363e-06  2.409910041e-06  7.905764022e-06  3.0826
4928  8239.100387  0.6458815423  1.967190948e-05  1.031201955e-05  9.770974303e-06  9.900935179e-06  2.400434968e-06  7.91158458e-06  3.0616
4929  8239.300338  0.6458021781  1.967820422e-05  1.031613795e-05  9.744220098e-06  9.933984121e-06  2.403109105e-06  7.913028844e-06  3
4930  8239.499883  0.6456843197  1.968421871e-05  1.032050728e-05  9.769747607e-06  9.914471102e-06  2.403507298e-06  7.916999986e-06  2.9322
4931  8239.700165  0.6454470849  1.969180622e-05  1.032693506e-05  9.801314339e-06  9.890491885e-06  2.413730523e-06  7.91320454e-06  2.9134
4932  8239.900322  0.6453010311  1.964465214e-05  1.030371092e-05  9.694355421e-06  9.950296715e-06  2.398937232e-06  7.904773692e-06  2.8364
4933  8240.101126  0.6454389391  1.967233988e-05  1.031681041e-05  9.775715076e-06  9.896624804e-06  2.397866468e-06  7.918943938e-06  2.8302
4934  8240.30129  0.6451544271  1.970811272e-05  1.033851185e-05  9.848304113e-06  9.859808604e-06  2.414494197e-06  7.924017652e-06  2.9986
4935  8240.501559  0.6450726662  1.96650851e-05  1.031678383e-05  9.762521497e-06  9.902563607e-06  2.384872196e-06  7.931911637e-06  3.17
4936  8240.700596  0.6450448578  1.969623882e-05  1.033341519e-05  9.784097801e-06  9.91214102e-06  2.41512615e-06  7.918289035e-06  3.3176
4937  8240.899453  0.6448722175  1.967496581e-05  1.032403673e-05  9.733400694e-06  9.941565118e-06  2.402348693e-06  7.921688033e-06  3.2812
4938  8241.099571  0.644618111  1.966647363e-05  1.032220323e-05  9.77166405e-06  9.894809575e-06  2.409427081e-06  7.912776149e-06  3.224
4939  8241.300753  0.6445532411  1.967074418e-05  1.032511446e-05  9.738467011e-06  9.932277172e-06  2.405795689e-06  7.919318767e-06  3.159
4940  8241.500649  0.644524836  1.967573579e-05  1.03280279e-05  9.764314042e-06  9.91142175e-06  2.40326038e-06  7.92476752e-06  3.117
4941  8241.700394  0.644417484  1.96673241e-05  1.032472082e-05  9.76074169e-06  9.906582413e-06  2.415136841e-06  7.909583983e-06  3.073
4942  8241.899937  0.6442746662  1.966345045e-05  1.032416165e-05  9.721867323e-06  9.94158313e-06  2.395065649e-06  7.929096001e-06  3.0146
4943  8242.100205  0.644048427  1.968851927e-05  1.033966284e-05  9.77234776e-06  9.916171512e-06  2.419811842e-06  7.919850994e-06  2.9604
4944  8242.300247  0.6441181833  1.967564323e-05  1.033218007e-05  9.746776958e-06  9.928866276e-06  2.405428564e-06  7.926751505e-06  2.8834
4945  8242.499794  0.6438523354  1.965489388e-05  1.032402831e-05  9.732224236e-06  9.922669639e-06  2.402080818e-06  7.921947493e-06  2.8398
4946  8242.700553  0.6437914322  1.966785892e-05  1.03314676e-05  9.768695763e-06  9.899163161e-06  2.422736769e-06  7.908730829e-06  2.811
4947  8242.901519  0.6437319719  1.968303493e-05  1.034005431e-05  9.780275761e-06  9.902759171e-06  2.39513068e-06  7.944923633e-06  2.9576
4948  8243.101575  0.6435319948  1.968242822e-05  1.034180351e-05  9.824862929e-06  9.857565288e-06  2.411586695e-06  7.930216812e-06  3.1378
4949  8243.300828  0.6434788073  1.966499593e-05  1.033319358e-05  9.743798497e-06  9.921197432e-06  2.404141369e-06  7.929052215e-06  3.3204
4950  8243.500103  0.643342112  1.967203818e-05  1.033830712e-05  9.736667771e-06  9.935370411e-06  2.41854323e-06  7.919763887e-06  3.3196
4951  8243.699747  0.6431973943  1.965850214e-05  1.033268869e-05  9.754399483e-06  9.904102657e-06  2.406522147e-06  7.926166546e-06  3.2218
4952  8243.899384  0.6431020456  1.966623243e-05  1.033773745e-05  9.764724056e-06  9.901508373e-06  2.407205771e-06  7.930531675e-06  3.168
4953  8244.100329  0.642935447  1.966189395e-05  1.03371789e-05  9.750051057e-06  9.911842894e-06  2.416969677e-06  7.920209225e-06  3.1366
4954  8244.3008  0.6428952559  1.96453331e-05  1.032888721e-05  9.728777389e-06  9.916555706e-06  2.402994924e-06  7.925892281e-06  3.0648
4955  8244.500354  0.6427120923  1.96826071e-05  1.035038032e-05  9.780842805e-06  9.901764294e-06  2.419848671e-06  7.930531652e-06  3.0258
4956  8244.700104  0.6426234836  1.966468978e-05  1.034187458e-05  9.719813252e-06  9.944876531e-06  2.405306734e-06  7.93656785e-06  2.9676
4957  8244.900212  0.6425100133  1.966514846e-05  1.03432894e-05  9.7657908e-06  9.899357665e-06  2.420729166e-06  7.922560234e-06  2.9448
4958  8245.100664  0.6423340661  1.964409586e-05  1.033403444e-05  9.729077111e-06  9.915018753e-06  2.410589205e-06  7.923445231e-06  2.8424
4959  8245.301096  0.6422026411  1.966061099e-05  1.034408182e-05  9.754567723e-06  9.906043271e-06  2.413637125e-06  7.930444694e-06  2.854
4960  8245.501079  0.6421620656  1.967830791e-05  1.035381284e-05  9.790830579e-06  9.88747733e-06  2.415441918e-06  7.938370921e-06  2.8726
4961  8245.701282  0.6420181644  1.965767837e-05  1.0344447e-05  9.764851516e-06  9.892826856e-06  2.397507148e-06  7.946939856e-06  3.077
4962  8245.901448  0.6419065511  1.966832849e-05  1.035120668e-05  9.77104152e-06  9.897286969e-06  2.417758515e-06  7.933448161e-06  3.2646
4963  8246.099908  0.6417873644  1.967271101e-05  1.035474722e-05  9.754503334e-06  9.918207681e-06  2.415261218e-06  7.939486004e-06  3.2956
4964  8246.300631  0.6415054235  1.964446986e-05  1.034279812e-05  9.73505535e-06  9.909414514e-06  2.414910369e-06  7.927887747e-06  3.26
4965  8246.499826  0.6414907159  1.963875948e-05  1.033994368e-05  9.719545984e-06  9.919213497e-06  2.40886977e-06  7.931073908e-06  3.1684
4966  8246.699833  0.6413867066  1.966252236e-05  1.035353181e-05  9.735909237e-06  9.926613121e-06  2.414237952e-06  7.939293855e-06  3.139
4967  8246.899152  0.6412884868  1.964751987e-05  1.034664827e-05  9.745946594e-06  9.90157328e-06  2.412678246e-06  7.933970022e-06  3.0922
4968  8247.100284  0.6411733245  1.964685596e-05  1.034749022e-05  9.73122331e-06  9.915632654e-06  2.416611281e-06  7.930878936e-06  3.0528
4969  8247.300264  0.6410112869  1.967311081e-05  1.036299702e-05  9.755699132e-06  9.917411677e-06  2.417839841e-06  7.945157182e-06  2.9904
4970  8247.50056  0.6409961703  1.965357854e-05  1.035286471e-05  9.745024983e-06  9.908553555e-06  2.414269341e-06  7.938595372e-06  2.924
4971  8247.700054  0.6407054919  1.964457565e-05  1.03511307e-05  9.744921658e-06  9.899653991e-06  2.417696317e-06  7.93343438e-06  2.8818
4972  8247.900652  0.6406108964  1.964588535e-05  1.035280009e-05  9.728497971e-06  9.917387382e-06  2.419787479e-06  7.933012611e-06  2.8352
4973  8248.100326  0.6405783723  1.967287691e-05  1.036736102e-05  9.789950625e-06  9.882926281e-06  2.415982613e-06  7.95137841e-06  2.892
4974  8248.301655  0.6404903693  1.965327302e-05  1.035794151e-05  9.775566238e-06  9.87770678e-06  2.407722847e-06  7.950218661e-06  3.0682
4975  8248.501789  0.6402029301  1.966197565e-05  1.036550711e-05  9.755973342e-06  9.906002305e-06  2.419516937e-06  7.945990177e-06  3.222
4976  8248.700407  0.6401894359  1.9665173e-05  1.036733261e-05  9.734117678e-06  9.93105532e-06  2.418716131e-06  7.948616478e-06  3.3072
4977  8248.900342  0.6400214904  1.96394618e-05  1.035551687e-05  9.75745816e-06  9.882003644e-06  2.420438618e-06  7.935078257e-06  3.266
4978  8249.0999  0.6399039564  1.963783995e-05  1.03558788e-05  9.733601904e-06  9.904238044e-06  2.412666069e-06  7.943212728e-06  3.1846
4979  8249.300519  0.6397401212  1.96584183e-05  1.036842922e-05  9.749102327e-06  9.909315973e-06  2.423255447e-06  7.945173776e-06  3.145
4980  8249.500678  0.6397548764  1.964054541e-05  1.035884969e-05  9.745030589e-06  9.895514823e-06  2.41612552e-06  7.942724166e-06  3.081
4981  8249.700247  0.6396387129  1.964503697e-05  1.03624223e-05  9.767735298e-06  9.877301672e-06  2.420699898e-06  7.9417224e-06  3.0462
4982  8249.900441  0.6394299373  1.965639666e-05  1.037057924e-05  9.748642977e-06  9.907753684e-06  2.424717864e-06  7.945861375e-06  3.0264
4983  8250.100509  0.6394498794  1.964977316e-05  1.036687799e-05  9.733259312e-06  9.916513853e-06  2.417256612e-06  7.949621376e-06  2.9306
4984  8250.300152  0.6391996281  1.962954314e-05  1.035879696e-05  9.720065573e-06  9.909477566e-06  2.422004965e-06  7.936791992e-06  2.8778
4985  8250.500994  0.6392078229  1.963598292e-05  1.036211041e-05  9.726615019e-06  9.909367897e-06  2.423207256e-06  7.93890315e-06  2.839
4986  8250.701179  0.6390755572  1.965876511e-05  1.037550504e-05  9.777642967e-06  9.881122142e-06  2.413861063e-06  7.961643974e-06  2.8568
4987  8250.901318  0.638965926  1.966040448e-05  1.03775079e-05  9.812292521e-06  9.848111957e-06  2.425845078e-06  7.951662822e-06  3.007
4988  8251.101034  0.638917038  1.964935541e-05  1.037218285e-05  9.742777944e-06  9.906577468e-06  2.413755655e-06  7.958427191e-06  3.2008
4989  8251.300371  0.6387615889  1.965966239e-05  1.037923685e-05  9.771779845e-06  9.887882548e-06  2.42682944e-06  7.952407405e-06  3.2716
4990  8251.499472  0.6385787347  1.963690724e-05  1.036911922e-05  9.745662579e-06  9.891244665e-06  2.425036205e-06  7.944083018e-06  3.2874
4991  8251.70025  0.6385376861  1.962132855e-05  1.036131832e-05  9.702323605e-06  9.919004945e-06  2.41445993e-06  7.946858391e-06  3.2128
4992  8251.899949  0.6384549145  1.964997806e-05  1.037730601e-05  9.767663346e-06  9.882314709e-06  2.433097002e-06  7.944209003e-06  3.1476
4993  8252.099794  0.6383881763  1.962307521e-05  1.036379004e-05  9.710192489e-06  9.912882724e-06  2.407947987e-06  7.955842056e-06  3.1138
4994  8252.300447  0.6382621079  1.965437731e-05  1.038163074e-05  9.779423466e-06  9.874953849e-06  2.438770737e-06  7.942860006e-06  3.0558
4995  8252.500367  0.6381599447  1.962728453e-05  1.036837929e-05  9.677064359e-06  9.950220168e-06  2.413322842e-06  7.955056443e-06  3.007
4996  8252.699774  0.6379778439  1.964949847e-05  1.03820045e-05  9.769554723e-06  9.879943744e-06  2.423974708e-06  7.958029791e-06  2.9374
4997  8252.900227  0.6379279034  1.963291496e-05  1.03737605e-05  9.745480514e-06  9.887434445e-06  2.432400091e-06  7.941360408e-06  2.9116
4998  8253.100546  0.6378056259  1.961560351e-05  1.03658808e-05  9.699767363e-06  9.915836145e-06  2.411902948e-06  7.953977855e-06  2.8214
4999  8253.30092  0.6377041612  1.965425957e-05  1.038736253e-05  9.781615889e-06  9.872643684e-06  2.438054747e-06  7.949307782e-06  2.8434
5000  8253.500912  0.6375695834  1.963999439e-05  1.03812203e-05  9.77827474e-06  9.861719648e-06  2.41236977e-06  7.968850534e-06  2.9912
5001  8253.701726  0.6374835034  1.965704507e-05  1.039112731e-05  9.804472742e-06  9.852572332e-06  2.428947582e-06  7.962179727e-06  3.1604
5002  8253.90057  0.6373836385  1.964743173e-05  1.038708275e-05  9.746492161e-06  9.900939573e-06  2.430022894e-06  7.957059854e-06  3.3118
5003  8254.099685  0.6372997037  1.961437138e-05  1.037047501e-05  9.707880967e-06  9.906490413e-06  2.419550131e-06  7.950924881e-06  3.2762
5004  8254.300594  0.6371917126  1.962431267e-05  1.03768517e-05  9.730828583e-06  9.893484086e-06  2.429472507e-06  7.947379192e-06  3.2314
5005  8254.499196  0.6370568345  1.964610807e-05  1.038977783e-05  9.759511025e-06  9.886597049e-06  2.424090785e-06  7.965687044e-06  3.1
5006  8254.700268  0.6369128867  1.962315752e-05  1.037913445e-05  9.750448691e-06  9.872708829e-06  2.432288093e-06  7.94684636e-06  3.1476
5007  8254.899827  0.6368052411  1.96100129e-05  1.037329855e-05  9.706318924e-06  9.903693978e-06  2.41763009e-06  7.955668456e-06  3.063
5008  8255.100029  0.6367483729  1.963772932e-05  1.038855073e-05  9.734305957e-06  9.90342336e-06  2.43281055e-06  7.955740177e-06  3.0226
5009  8255.300864  0.6366783313  1.964327537e-05  1.039221251e-05  9.776476624e-06  9.866798748e-06  2.429124211e-06  7.963088295e-06  2.9638
5010  8255.500643  0.6364509117  1.959324118e-05  1.036809972e-05  9.692864175e-06  9.900377002e-06  2.425007275e-06  7.94309244e-06  2.8464
5011  8255.700204  0.6364337135  1.963445328e-05  1.03900865e-05  9.789363629e-06  9.845089656e-06  2.434281243e-06  7.955805256e-06  2.7892
5012  8255.900799  0.6362616965  1.964186618e-05  1.039579733e-05  9.773943048e-06  9.867923134e-06  2.430330042e-06  7.965467286e-06  2.8502
5013  8256.101385  0.6362163262  1.962573802e-05  1.03877325e-05  9.757745e-06  9.867993023e-06  2.426360443e-06  7.961372061e-06  2.918
5014  8256.301487  0.6361054243  1.964053162e-05  1.039671558e-05  9.76463562e-06  9.875895996e-06  2.420072205e-06  7.976643372e-06  3.1254
5015  8256.500296  0.635896469  1.964604147e-05  1.04018055e-05  9.794571786e-06  9.851469687e-06  2.442207336e-06  7.959598168e-06  3.2704
5016  8256.699943  0.6357779439  1.960021292e-05  1.037877116e-05  9.692892978e-06  9.907319939e-06  2.419610247e-06  7.959160913e-06  3.3046
5017  8256.900418  0.6357036283  1.9615382e-05  1.038757548e-05  9.728958059e-06  9.886423943e-06  2.435514218e-06  7.952061258e-06  3.2456
5018  8257.101301  0.6355197306  1.961973115e-05  1.039178947e-05  9.733437966e-06  9.886293186e-06  2.426752346e-06  7.965037128e-06  3.1756
5019  8257.300697  0.6354208276  1.962643719e-05  1.039636958e-05  9.76038689e-06  9.8660503e-06  2.434958239e-06  7.961411337e-06  3.0896
5020  8257.500137  0.6352565531  1.961316326e-05  1.039104506e-05  9.730047467e-06  9.883115797e-06  2.436162576e-06  7.954882479e-06  3.0478
5021  8257.700386  0.635231696  1.961586239e-05  1.039273338e-05  9.705991934e-06  9.909870451e-06  2.4254089e-06  7.967324478e-06  3.021
5022  8257.900781  0.635130027  1.962898562e-05  1.040074361e-05  9.759399875e-06  9.869585741e-06  2.435825527e-06  7.964918085e-06  2.9806
5023  8258.099724  0.6349363861  1.961246622e-05  1.039400305e-05  9.751948653e-06  9.860517568e-06  2.429135882e-06  7.964867164e-06  2.8998
5024  8258.299762  0.6348091288  1.958996215e-05  1.038339786e-05  9.679512064e-06  9.910450082e-06  2.434042543e-06  7.949355315e-06  2.8444
5025  8258.500377  0.6347563362  1.961864633e-05  1.039915051e-05  9.747625829e-06  9.871020502e-06  2.435405246e-06  7.963745265e-06  2.8332
5026  8258.700902  0.6346761217  1.962105428e-05  1.040126118e-05  9.777180709e-06  9.843873567e-06  2.425327925e-06  7.975933252e-06  2.905
5027  8258.901091  0.6345029716  1.963155165e-05  1.040862801e-05  9.767552885e-06  9.863998762e-06  2.432399022e-06  7.976228985e-06  3.0658
5028  8259.101191  0.6343979307  1.960723045e-05  1.039682497e-05  9.708771947e-06  9.898458501e-06  2.42807778e-06  7.968747187e-06  3.2536
5029  8259.300599  0.6343486186  1.961046424e-05  1.039905249e-05  9.759171706e-06  9.851292537e-06  2.438074493e-06  7.960977994e-06  3.2506
5030  8259.499362  0.634191927  1.960775752e-05  1.039924651e-05  9.748642775e-06  9.859114746e-06  2.431323169e-06  7.967923344e-06  3.2164
5031  8259.699888  0.6340526407  1.960424364e-05  1.039883119e-05  9.714728594e-06  9.889515042e-06  2.434479833e-06  7.964351356e-06  3.2012
5032  8259.900879  0.633928087  1.958310555e-05  1.038891265e-05  9.69230372e-06  9.890801827e-06  2.426729948e-06  7.962182697e-06  3.136
5033  8260.100255  0.6339406559  1.960120869e-05  1.039838573e-05  9.721974674e-06  9.879234016e-06  2.436033553e-06  7.962352181e-06  3.0702
5034  8260.299761  0.6337203652  1.963831562e-05  1.042036611e-05  9.781420012e-06  9.856895612e-06  2.442117519e-06  7.978248596e-06  2.9932
5035  8260.500209  0.6336454201  1.958519464e-05  1.039295825e-05  9.671738382e-06  9.913456261e-06  2.429475832e-06  7.963482417e-06  3.0058
5036  8260.699873  0.6335750444  1.959026731e-05  1.039638171e-05  9.722312401e-06  9.867954912e-06  2.433090078e-06  7.963291629e-06  2.9026
5037  8260.900276  0.6333530902  1.95929936e-05  1.040013662e-05  9.714944687e-06  9.878048913e-06  2.433524182e-06  7.96661244e-06  2.8718
5038  8261.10101  0.6332987798  1.960588646e-05  1.040754549e-05  9.721927008e-06  9.883959448e-06  2.437127509e-06  7.970417978e-06  2.8542
5039  8261.302169  0.633278272  1.960256434e-05  1.040599539e-05  9.768314461e-06  9.834249883e-06  2.428561364e-06  7.977434023e-06  2.888
5040  8261.501511  0.6331735406  1.960930597e-05  1.041066444e-05  9.77281655e-06  9.836489422e-06  2.432933926e-06  7.977730511e-06  3.048
5041  8261.700927  0.6330164781  1.961616253e-05  1.041594044e-05  9.74667091e-06  9.869491625e-06  2.440262378e-06  7.975678063e-06  3.1942
5042  8261.900098  0.6329525396  1.958075662e-05  1.039780513e-05  9.695121241e-06  9.885635376e-06  2.429017744e-06  7.96878739e-06  3.278
5043  8262.1  0.6328509388  1.958248233e-05  1.03997781e-05  9.715736059e-06  9.866746267e-06  2.434239329e-06  7.965538767e-06  3.2392
5044  8262.299988  0.6327439337  1.961507782e-05  1.041820351e-05  9.763475832e-06  9.851601989e-06  2.443594713e-06  7.974608795e-06  3.1576
5045  8262.499835  0.6325104613  1.958796917e-05  1.040623451e-05  9.71815097e-06  9.869818198e-06  2.431731897e-06  7.974502612e-06  3.1232
5046  8262.70029  0.6325558156  1.957977369e-05  1.040140885e-05  9.685927028e-06  9.893846667e-06  2.434949098e-06  7.966459753e-06  3.0726
5047  8262.899772  0.6324242244  1.960010623e-05  1.04135804e-05  9.728068202e-06  9.872038029e-06  2.438670135e-06  7.974910263e-06  3.0276
5048  8263.099567  0.6322926361  1.961524287e-05  1.042299398e-05  9.767562968e-06  9.847679904e-06  2.442350292e-06  7.98064369e-06  2.9904
5049  8263.299576  0.6321134952  1.957375366e-05  1.040281117e-05  9.709648379e-06  9.864105277e-06  2.436803139e-06  7.966008032e-06  2.9362
5050  8263.500015  0.6322042139  1.955884408e-05  1.039394425e-05  9.67450225e-06  9.884341835e-06  2.430764308e-06  7.963179944e-06  2.8684
5051  8263.700093  0.6319246193  1.962063487e-05  1.042969674e-05  9.796104697e-06  9.824530173e-06  2.453642523e-06  7.976054215e-06  2.869
5052  8263.901054  0.6318976653  1.957578643e-05  1.040613724e-05  9.701863667e-06  9.873922761e-06  2.418978819e-06  7.987158416e-06  2.934
5053  8264.101413  0.6318055029  1.958759925e-05  1.04133764e-05  9.744517008e-06  9.843082239e-06  2.441562048e-06  7.971814348e-06  3.033
5054  8264.301084  0.6317009805  1.960388955e-05  1.042312622e-05  9.745134712e-06  9.858754837e-06  2.443804688e-06  7.979321533e-06  3.1648
5055  8264.500533  0.6314663735  1.958372597e-05  1.041484862e-05  9.730150084e-06  9.853575882e-06  2.43074196e-06  7.984106662e-06  3.2356
5056  8264.700585  0.6314798624  1.957686079e-05  1.041105721e-05  9.720612157e-06  9.856248633e-06  2.446241613e-06  7.964815596e-06  3.26
5057  8264.90073  0.6313267226  1.956982942e-05  1.040891179e-05  9.680545255e-06  9.88928417e-06  2.43033631e-06  7.978575485e-06  3.1824
5058  8265.10045  0.6311673607  1.958591194e-05  1.041912613e-05  9.734839543e-06  9.851072396e-06  2.448727249e-06  7.970398885e-06  3.1418
5059  8265.300159  0.6311251043  1.956912896e-05  1.041063799e-05  9.708449925e-06  9.860679038e-06  2.42877629e-06  7.981861703e-06  3.1098
5060  8265.499911  0.6309828631  1.95830753e-05  1.041953933e-05  9.730272087e-06  9.85280321e-06  2.451008941e-06  7.968530385e-06  3.0068
5061  8265.699213  0.630908955  1.959484554e-05  1.042657248e-05  9.736056304e-06  9.858789236e-06  2.441797304e-06  7.984775179e-06  2.988
5062  8265.90061  0.6306899841  1.954568466e-05  1.040269123e-05  9.651783627e-06  9.893901031e-06  2.427619309e-06  7.975071917e-06  2.9328
5063  8266.100514  0.6305673026  1.958204349e-05  1.042332096e-05  9.743738508e-06  9.838304986e-06  2.452462737e-06  7.97085822e-06  2.8588
5064  8266.300324  0.6306355866  1.958340198e-05  1.042333229e-05  9.721060399e-06  9.862341581e-06  2.437409554e-06  7.98592274e-06  2.8612
5065  8266.501405  0.6303899474  1.957919594e-05  1.042365376e-05  9.748326435e-06  9.8308695e-06  2.438252306e-06  7.98540145e-06  2.8934
5066  8266.702217  0.6304286761  1.958090096e-05  1.042415777e-05  9.710995383e-06  9.869905582e-06  2.443863104e-06  7.980294661e-06  3.0266
5067  8266.900617  0.6302117801  1.959751129e-05  1.043526362e-05  9.760040404e-06  9.837470887e-06  2.430317228e-06  8.004946391e-06  3.1516
5068  8267.101084  0.6300585939  1.958420488e-05  1.042977581e-05  9.734355565e-06  9.849849316e-06  2.452030007e-06  7.977745803e-06  3.27
5069  8267.300175  0.6299395998  1.954790908e-05  1.041168495e-05  9.669709426e-06  9.878199651e-06  2.43119303e-06  7.98049192e-06  3.2482
5070  8267.50039  0.6298672734  1.957587709e-05  1.042733553e-05  9.724721954e-06  9.851155137e-06  2.450904664e-06  7.976430866e-06  3.1348
5071  8267.699546  0.6298149816  1.959174098e-05  1.043633135e-05  9.775268384e-06  9.816472599e-06  2.445895222e-06  7.990436127e-06  3.1318
5072  8267.899599  0.6296147461  1.954673443e-05  1.041444193e-05  9.674818376e-06  9.871916054e-06  2.436729818e-06  7.977712108e-06  3.0588
5073  8268.100431  0.6296164222  1.957016677e-05  1.042690913e-05  9.682962006e-06  9.887204762e-06  2.449020062e-06  7.977889067e-06  3.0612
5074  8268.299324  0.6294442948  1.959691656e-05  1.044295868e-05  9.757744066e-06  9.839172491e-06  2.439082805e-06  8.003875873e-06  2.9798
5075  8268.499998  0.6292700261  1.956823954e-05  1.042949442e-05  9.730438649e-06  9.837800895e-06  2.449910681e-06  7.97958374e-06  2.9326
5076  8268.700106  0.6292047576  1.955553887e-05  1.042340551e-05  9.676536088e-06  9.879002784e-06  2.44318382e-06  7.980221686e-06  2.9128
5077  8268.901029  0.6292415349  1.958810095e-05  1.044037762e-05  9.766542122e-06  9.821558829e-06  2.447458526e-06  7.992919098e-06  2.8722
5078  8269.10105  0.6288932678  1.957924074e-05  1.043929019e-05  9.755381319e-06  9.823859417e-06  2.44589771e-06  7.993392483e-06  2.8944
5079  8269.301293  0.6289126333  1.957354593e-05  1.043605173e-05  9.719417406e-06  9.854128528e-06  2.440400841e-06  7.995650888e-06  2.9926
5080  8269.501413  0.6288373358  1.95936615e-05  1.044756342e-05  9.772526855e-06  9.821134644e-06  2.449879517e-06  7.997683899e-06  3.1268
5081  8269.701481  0.6286822588  1.957722767e-05  1.044041965e-05  9.741939251e-06  9.835288415e-06  2.443694188e-06  7.996725464e-06  3.2528
5082  8269.899981  0.6285362005  1.956947398e-05  1.043780907e-05  9.752039584e-06  9.817434394e-06  2.45134869e-06  7.986460384e-06  3.2214
5083  8270.100272  0.6284745428  1.95527956e-05  1.042955634e-05  9.675468409e-06  9.877327191e-06  2.444815375e-06  7.984740961e-06  3.2034
5084  8270.29947  0.6283242761  1.956678903e-05  1.043858895e-05  9.720380715e-06  9.846408313e-06  2.445811917e-06  7.992777037e-06  3.0914
5085  8270.500065  0.6282552794  1.956969943e-05  1.044086197e-05  9.729481669e-06  9.840217763e-06  2.448506648e-06  7.992355322e-06  3.0894
5086  8270.699855  0.6281748064  1.958622493e-05  1.045051964e-05  9.749947724e-06  9.836277209e-06  2.455474452e-06  7.995045185e-06  3.0404
5087  8270.900072  0.6280228079  1.955870174e-05  1.043742058e-05  9.684048723e-06  9.874653016e-06  2.442731729e-06  7.994688853e-06  2.9816
5088  8271.099335  0.6278892647  1.956609025e-05  1.04427579e-05  9.742616796e-06  9.823473457e-06  2.452558336e-06  7.990199563e-06  2.9398
5089  8271.299937  0.6277850301  1.956007774e-05  1.044063714e-05  9.715507018e-06  9.844570722e-06  2.442473043e-06  7.998164093e-06  2.8872
5090  8271.500112  0.6276123661  1.958485948e-05  1.045567012e-05  9.767568964e-06  9.817290514e-06  2.458646152e-06  7.997023964e-06  2.867
5091  8271.701261  0.6275264898  1.955103931e-05  1.04385111e-05  9.703229508e-06  9.847809806e-06  2.445698995e-06  7.992812103e-06  2.9144
5092  8271.900842  0.6275263427  1.957749275e-05  1.045263641e-05  9.75845234e-06  9.819040411e-06  2.445956676e-06  8.006679734e-06  2.9674
5093  8272.100908  0.6273124036  1.958978849e-05  1.046143911e-05  9.73575482e-06  9.854033666e-06  2.454792658e-06  8.00664645e-06  3.121
5094  8272.300745  0.6272557703  1.956464052e-05  1.044860119e-05  9.706063867e-06  9.858576655e-06  2.442801237e-06  8.005799949e-06  3.202
5095  8272.500129  0.6270233883  1.955831638e-05  1.044765131e-05  9.716358514e-06  9.841957871e-06  2.456294888e-06  7.991356423e-06  3.1836
5096  8272.699606  0.6269972603  1.957462329e-05  1.045663533e-05  9.73440935e-06  9.840213936e-06  2.450547717e-06  8.006087614e-06  3.2042
5097  8272.900619  0.6268676165  1.955554016e-05  1.044779565e-05  9.693057861e-06  9.8624823e-06  2.448777588e-06  7.999018066e-06  3.1238
5098  8273.099487  0.6268597058  1.955525588e-05  1.044772642e-05  9.712544171e-06  9.842711707e-06  2.450916899e-06  7.996809521e-06  3.0726
5099  8273.299839  0.6266670069  1.956786544e-05  1.045647805e-05  9.716871032e-06  9.850994405e-06  2.45072247e-06  8.00575558e-06  3.0344
5100  8273.500026  0.6264920586  1.959257845e-05  1.047151575e-05  9.767403914e-06  9.825174533e-06  2.464124913e-06  8.007390839e-06  2.9838
5101  8273.700068  0.6264683539  1.953489443e-05  1.044093325e-05  9.678237889e-06  9.856656544e-06  2.441779272e-06  7.999153982e-06  2.9334
5102  8273.900187  0.6263420979  1.956410539e-05  1.045786609e-05  9.742858312e-06  9.821247075e-06  2.452930882e-06  8.004935212e-06  2.9186
5103  8274.100312  0.6262044479  1.957367621e-05  1.046442245e-05  9.733640026e-06  9.840036186e-06  2.457158158e-06  8.007264287e-06  2.8726
5104  8274.300204  0.6260806438  1.954637025e-05  1.045111802e-05  9.695099717e-06  9.851270534e-06  2.446704411e-06  8.004413611e-06  2.9076
5105  8274.500294  0.6260700638  1.958106433e-05  1.046977914e-05  9.775906183e-06  9.805158149e-06  2.455000032e-06  8.014779107e-06  2.992
5106  8274.70117  0.6259615292  1.956801093e-05  1.046393526e-05  9.721215668e-06  9.846795257e-06  2.451749293e-06  8.012185971e-06  3.1128
5107  8274.899718  0.6258421764  1.957717363e-05  1.047008455e-05  9.738376824e-06  9.838796808e-06  2.454286797e-06  8.015797756e-06  3.2242
5108  8275.100412  0.6257244875  1.955033593e-05  1.045696205e-05  9.701937326e-06  9.8483986e-06  2.455965244e-06  8.000996809e-06  3.2204
5109  8275.300158  0.6256071933  1.95487873e-05  1.045736025e-05  9.71420846e-06  9.834578837e-06  2.453328544e-06  8.004031704e-06  3.1446
5110  8275.501046  0.6255185457  1.957382019e-05  1.04716795e-05  9.736497803e-06  9.837322388e-06  2.461949951e-06  8.009729553e-06  3.125
5111  8275.700322  0.6254842426  1.954774485e-05  1.045808835e-05  9.713214404e-06  9.834530446e-06  2.443267649e-06  8.014820706e-06  3.0792
5112  8275.899847  0.6253070136  1.956135594e-05  1.046722525e-05  9.717590609e-06  9.843765334e-06  2.464053171e-06  8.003172081e-06  3.0366
5113  8276.099512  0.6252862616  1.956520977e-05  1.046950468e-05  9.700718182e-06  9.864491584e-06  2.453583071e-06  8.015921612e-06  2.9792
5114  8276.30014  0.6250766082  1.956035907e-05  1.046910369e-05  9.72485795e-06  9.835501125e-06  2.452728467e-06  8.016375224e-06  2.9238
5115  8276.500236  0.6250118494  1.956432544e-05  1.04719047e-05  9.730048886e-06  9.834276554e-06  2.461920483e-06  8.009984213e-06  2.9356
5116  8276.700569  0.6248421316  1.95445808e-05  1.04631119e-05  9.669307556e-06  9.875273247e-06  2.447089816e-06  8.016022088e-06  2.8674
5117  8276.900511  0.6248030181  1.955136813e-05  1.046715487e-05  9.691310785e-06  9.860057342e-06  2.456824278e-06  8.010330591e-06  2.9254
5118  8277.100613  0.6247270949  1.957333132e-05  1.047970886e-05  9.76944999e-06  9.803881332e-06  2.45556804e-06  8.02414082e-06  2.9664
5119  8277.300826  0.6246283845  1.958055804e-05  1.048461299e-05  9.755070594e-06  9.825487444e-06  2.457412966e-06  8.027200022e-06  3.0998
5120  8277.501088  0.6244909879  1.95780552e-05  1.048471328e-05  9.732477856e-06  9.845577342e-06  2.461667263e-06  8.023046017e-06  3.188
5121  8277.700968  0.624427936  1.952080883e-05  1.045471508e-05  9.642812045e-06  9.877996788e-06  2.448068896e-06  8.006646182e-06  3.1934
5122  8277.900542  0.6243230509  1.957401693e-05  1.048431121e-05  9.743492396e-06  9.83052453e-06  2.462508456e-06  8.021802749e-06  3.1128
5123  8278.099674  0.62420907  1.95695548e-05  1.048311599e-05  9.726027711e-06  9.84352709e-06  2.460489304e-06  8.022626688e-06  3.1292
5124  8278.300491  0.624042181  1.954346384e-05  1.047088679e-05  9.715599828e-06  9.827864015e-06  2.456769757e-06  8.01411703e-06  3.083
5125  8278.499919  0.6238819779  1.955599086e-05  1.047927712e-05  9.679358167e-06  9.87663269e-06  2.464677097e-06  8.014600022e-06  3.037
5126  8278.700132  0.6238774976  1.957097536e-05  1.04873537e-05  9.707745984e-06  9.863229375e-06  2.454983852e-06  8.032369851e-06  3.0174
5127  8278.9005  0.6236826752  1.955404185e-05  1.048032127e-05  9.693081096e-06  9.86096075e-06  2.459466514e-06  8.020854756e-06  2.9506
5128  8279.100223  0.6236706288  1.955079118e-05  1.047870525e-05  9.728675346e-06  9.822115833e-06  2.462631513e-06  8.016073736e-06  2.9188
5129  8279.300086  0.6234790709  1.954820259e-05  1.047932504e-05  9.715062741e-06  9.833139853e-06  2.456299502e-06  8.023025539e-06  2.8878
5130  8279.500757  0.6234782895  1.957041597e-05  1.04912413e-05  9.72981061e-06  9.840605357e-06  2.465716388e-06  8.02552491e-06  2.9186
5131  8279.701242  0.6234134231  1.954835755e-05  1.048009608e-05  9.728644726e-06  9.819712822e-06  2.450166998e-06  8.029929083e-06  2.9948
5132  8279.901713  0.6232522954  1.957471286e-05  1.049591651e-05  9.771700121e-06  9.803012737e-06  2.468584548e-06  8.02733196e-06  3.0888
5133  8280.100882  0.6230545714  1.956781883e-05  1.049429471e-05  9.700248898e-06  9.867569931e-06  2.456004466e-06  8.038290249e-06  3.1754
5134  8280.300537  0.6230333611  1.954903103e-05  1.048444112e-05  9.71452119e-06  9.834509836e-06  2.45985249e-06  8.024588631e-06  3.194
5135  8280.500396  0.6228322666  1.954587241e-05  1.048485534e-05  9.708896973e-06  9.836975434e-06  2.465215239e-06  8.019640101e-06  3.1792
5136  8280.699946  0.622813916  1.954133188e-05  1.048261206e-05  9.678091849e-06  9.863240027e-06  2.457134801e-06  8.025477256e-06  3.1024
5137  8280.899677  0.6227081228  1.956695853e-05  1.049746954e-05  9.758071652e-06  9.808886882e-06  2.470520613e-06  8.026948926e-06  3.0878
5138  8281.100598  0.6226197885  1.954775968e-05  1.048809597e-05  9.666315088e-06  9.881444596e-06  2.456482272e-06  8.031613701e-06  3.0434
5139  8281.299453  0.6224350954  1.956118571e-05  1.049723812e-05  9.711189528e-06  9.84999618e-06  2.467728177e-06  8.029509944e-06  2.9592
5140  8281.499231  0.6223314695  1.956786216e-05  1.050190916e-05  9.757572672e-06  9.810289491e-06  2.46799335e-06  8.03391581e-06  2.9914
5141  8281.700018  0.6222263556  1.954516751e-05  1.04908318e-05  9.711697703e-06  9.83346981e-06  2.458333824e-06  8.03249798e-06  2.9574
5142  8281.900976  0.6221786509  1.953073919e-05  1.048358753e-05  9.662506051e-06  9.868233134e-06  2.461211029e-06  8.022376502e-06  2.9074
5143  8282.100648  0.6221070574  1.957981051e-05  1.05106802e-05  9.772182615e-06  9.807627892e-06  2.47165994e-06  8.039020257e-06  2.917
5144  8282.30128  0.6218583735  1.954229657e-05  1.049315141e-05  9.70208396e-06  9.840212607e-06  2.45650513e-06  8.036646281e-06  2.9718
5145  8282.501501  0.6218402333  1.956526211e-05  1.050567324e-05  9.730071526e-06  9.835190587e-06  2.466696145e-06  8.03897709e-06  3.083
5146  8282.700815  0.6217806145  1.9550137e-05  1.04981776e-05  9.680405392e-06  9.869731612e-06  2.456126729e-06  8.042050866e-06  3.1396
5147  8282.900272  0.6216350295  1.955851905e-05  1.050420779e-05  9.756519825e-06  9.801999225e-06  2.475106867e-06  8.029100925e-06  3.163
5148  8283.099912  0.6215091879  1.954234331e-05  1.049684121e-05  9.691997131e-06  9.850346177e-06  2.459504943e-06  8.037336271e-06  3.1694
5149  8283.300008  0.6213735886  1.955709735e-05  1.050619064e-05  9.718378925e-06  9.838718427e-06  2.467279403e-06  8.038911233e-06  3.0904
5150  8283.500279  0.6213234898  1.953832475e-05  1.049663174e-05  9.721985849e-06  9.816338904e-06  2.468189985e-06  8.028441754e-06  3.0962
5151  8283.700155  0.6211679963  1.955811125e-05  1.050889564e-05  9.718309556e-06  9.839801694e-06  2.464448467e-06  8.044447168e-06  3.0362
5152  8283.900766  0.6210755237  1.956424967e-05  1.051316605e-05  9.71705246e-06  9.847197215e-06  2.474645933e-06  8.038520114e-06  3.0016
5153  8284.100061  0.6209939391  1.953629754e-05  1.049900203e-05  9.703047183e-06  9.833250352e-06  2.460826932e-06  8.038175102e-06  2.9556
5154  8284.300281  0.6207530738  1.955036209e-05  1.050909144e-05  9.721532858e-06  9.828829234e-06  2.472556819e-06  8.036534619e-06  2.9164
5155  8284.500365  0.6206967166  1.954304415e-05  1.050574982e-05  9.696874733e-06  9.846169421e-06  2.464494067e-06  8.041255748e-06  2.914
5156  8284.700843  0.6205958202  1.954179393e-05  1.050613771e-05  9.698079252e-06  9.843714676e-06  2.468501631e-06  8.037636079e-06  2.9034
5157  8284.900263  0.6205340864  1.957133466e-05  1.05226691e-05  9.794119046e-06  9.777215612e-06  2.46953677e-06  8.05313233e-06  2.9542
5158  8285.100519  0.6202939386  1.95339994e-05  1.050511801e-05  9.67803354e-06  9.855965863e-06  2.461925881e-06  8.043192128e-06  3.1082
5159  8285.300839  0.6203307415  1.955850383e-05  1.051790906e-05  9.703859706e-06  9.854644119e-06  2.472773023e-06  8.045136033e-06  3.1416
5160  8285.499987  0.6201415485  1.954869967e-05  1.051462582e-05  9.737980838e-06  9.810718833e-06  2.46644076e-06  8.048185055e-06  3.1544
5161  8285.699841  0.6199536305  1.954253972e-05  1.051328802e-05  9.733516574e-06  9.809023142e-06  2.475024045e-06  8.038263977e-06  3.203
5162  8285.900585  0.6199339216  1.951930496e-05  1.050099539e-05  9.637706315e-06  9.881598642e-06  2.463086363e-06  8.03790903e-06  3.0672
5163  8286.100347  0.6198290848  1.954797875e-05  1.051752389e-05  9.756570996e-06  9.791407756e-06  2.473156274e-06  8.044367613e-06  3.0692
5164  8286.300119  0.6197074344  1.955213989e-05  1.052104254e-05  9.741293042e-06  9.810846847e-06  2.473623614e-06  8.047418926e-06  3.0184
5165  8286.500809  0.6195880604  1.954471911e-05  1.051830494e-05  9.67085919e-06  9.873859918e-06  2.471798886e-06  8.046506056e-06  3.0156
5166  8286.70065  0.6195651095  1.953150821e-05  1.051143653e-05  9.673816655e-06  9.857691551e-06  2.467775539e-06  8.043660988e-06  2.941
5167  8286.900172  0.6193821634  1.954448108e-05  1.052034273e-05  9.745147968e-06  9.799333112e-06  2.473439973e-06  8.046902755e-06  2.8984
5168  8287.099644  0.6192418933  1.953707632e-05  1.051783215e-05  9.707130115e-06  9.829946208e-06  2.470308588e-06  8.047523565e-06  2.89
5169  8287.300097  0.6192496775  1.955202708e-05  1.052579899e-05  9.724995219e-06  9.827031861e-06  2.474139087e-06  8.051659906e-06  2.93
5170  8287.500303  0.6191207556  1.953678636e-05  1.051895022e-05  9.726401828e-06  9.810384536e-06  2.461502631e-06  8.057447585e-06  3.02
5171  8287.700442  0.6189820159  1.955915801e-05  1.053245667e-05  9.757710423e-06  9.801447583e-06  2.482395847e-06  8.050060824e-06  3.1092
5172  8287.8998  0.6189813308  1.955571778e-05  1.053061135e-05  9.711532351e-06  9.844185431e-06  2.469587024e-06  8.061024328e-06  3.1594
5173  8288.100326  0.6188308513  1.952225691e-05  1.051417497e-05  9.674088666e-06  9.848168246e-06  2.471800093e-06  8.042374872e-06  3.1386
5174  8288.299556  0.6187339454  1.952132332e-05  1.051469105e-05  9.694150511e-06  9.827172813e-06  2.472494824e-06  8.042196222e-06  3.1568
5175  8288.500431  0.6185485852  1.955037086e-05  1.053228889e-05  9.722053159e-06  9.828317704e-06  2.474760056e-06  8.057528834e-06  3.103
5176  8288.700293  0.618415909  1.954223297e-05  1.052930169e-05  9.728156334e-06  9.814076634e-06  2.47820974e-06  8.051091952e-06  3.067
5177  8288.900518  0.6184323813  1.949146099e-05  1.05017729e-05  9.620665234e-06  9.870795759e-06  2.460403569e-06  8.041369332e-06  3.0042
5178  8289.100112  0.6183685548  1.957868196e-05  1.054943986e-05  9.804509992e-06  9.774171967e-06  2.493232395e-06  8.056207462e-06  2.9838
5179  8289.300273  0.6181171933  1.953901024e-05  1.053071051e-05  9.684394081e-06  9.854616159e-06  2.470450027e-06  8.060260486e-06  2.9294
5180  8289.499997  0.6181013069  1.949880468e-05  1.050920835e-05  9.652593547e-06  9.846211137e-06  2.463999189e-06  8.045209161e-06  2.9
5181  8289.700763  0.6179433061  1.954238759e-05  1.053436239e-05  9.760748158e-06  9.781639431e-06  2.486422331e-06  8.047940063e-06  2.8778
5182  8289.90056  0.6178877262  1.954312642e-05  1.05353462e-05  9.737751627e-06  9.805374798e-06  2.473612793e-06  8.061733409e-06  2.9238
5183  8290.101831  0.6177562564  1.951409717e-05  1.052108017e-05  9.691300503e-06  9.822796666e-06  2.468286812e-06  8.052793357e-06  3.0124
5184  8290.30107  0.6177806028  1.953945651e-05  1.053449625e-05  9.73594089e-06  9.803515615e-06  2.475481616e-06  8.05901463e-06  3.1098
5185  8290.500172  0.6175390058  1.956207154e-05  1.054923727e-05  9.760153029e-06  9.801918514e-06  2.485849169e-06  8.063388098e-06  3.1492
5186  8290.700873  0.6174448145  1.951184063e-05  1.052314039e-05  9.649759569e-06  9.86208106e-06  2.469017761e-06  8.054122625e-06  3.1818
5187  8290.900397  0.6173949943  1.950665256e-05  1.052086649e-05  9.6689997e-06  9.837652863e-06  2.468428964e-06  8.052437528e-06  3.111
5188  8291.10088  0.6173126322  1.953817377e-05  1.053873534e-05  9.732826615e-06  9.805347153e-06  2.486043323e-06  8.052692013e-06  3.0954
5189  8291.300482  0.6171483436  1.952696018e-05  1.053441736e-05  9.718387061e-06  9.808573122e-06  2.47492233e-06  8.05949503e-06  3.0566
5190  8291.500487  0.6171025287  1.949594005e-05  1.051816448e-05  9.653976264e-06  9.841963787e-06  2.474398202e-06  8.043766274e-06  3.019
5191  8291.69944  0.6170872138  1.953871673e-05  1.054140416e-05  9.73169078e-06  9.807025948e-06  2.480393094e-06  8.061011069e-06  2.989
5192  8291.899946  0.6168667202  1.952440233e-05  1.053600421e-05  9.678168046e-06  9.846234281e-06  2.477632468e-06  8.058371746e-06  2.9472
5193  8292.100728  0.6167918314  1.95161188e-05  1.053232288e-05  9.705604043e-06  9.810514761e-06  2.478391997e-06  8.053930881e-06  2.917
5194  8292.300819  0.6165616944  1.950145033e-05  1.052682903e-05  9.672831164e-06  9.828619162e-06  2.473785877e-06  8.053043154e-06  2.882
5195  8292.501166  0.6166447143  1.952488847e-05  1.053860593e-05  9.714219995e-06  9.810668475e-06  2.475549032e-06  8.063056894e-06  2.9208
5196  8292.701438  0.6164672456  1.951388131e-05  1.053453417e-05  9.698149587e-06  9.81573172e-06  2.471533413e-06  8.063000754e-06  2.9834
5197  8292.900019  0.6164160628  1.952449139e-05  1.05408015e-05  9.715927321e-06  9.808564071e-06  2.480384876e-06  8.060416621e-06  3.0936
5198  8293.100481  0.6162192449  1.952653873e-05  1.054398184e-05  9.696414364e-06  9.830124363e-06  2.476527949e-06  8.067453895e-06  3.1404
5199  8293.300326  0.6162068546  1.950754241e-05  1.053385469e-05  9.682362474e-06  9.825179934e-06  2.478783074e-06  8.055071613e-06  3.1738
5200  8293.500305  0.6160079853  1.949883493e-05  1.053124688e-05  9.696188266e-06  9.802646668e-06  2.476762146e-06  8.054484736e-06  3.0962
5201  8293.70001  0.6159250187  1.951280554e-05  1.053966676e-05  9.700425619e-06  9.81237992e-06  2.480981308e-06  8.05868545e-06  3.1052
5202  8293.90042  0.61571759  1.951485496e-05  1.054296042e-05  9.710427962e-06  9.804426996e-06  2.481970787e-06  8.060989631e-06  3.0432
5203  8294.100572  0.6157612336  1.949507406e-05  1.053181407e-05  9.686972248e-06  9.808101812e-06  2.477166042e-06  8.054648029e-06  3.0264
5204  8294.300465  0.6157131427  1.951724755e-05  1.054429992e-05  9.698986806e-06  9.818260746e-06  2.479941704e-06  8.064358214e-06  2.9642
5205  8294.499944  0.6155244182  1.951865696e-05  1.054705166e-05  9.669728182e-06  9.848928776e-06  2.480115566e-06  8.066936091e-06  2.9398
5206  8294.699835  0.6154717809  1.951003156e-05  1.05429458e-05  9.720573165e-06  9.789458395e-06  2.486642375e-06  8.056303421e-06  2.929
5207  8294.901233  0.6153843253  1.948437904e-05  1.05300044e-05  9.649626086e-06  9.834752951e-06  2.468486406e-06  8.061517997e-06  2.9114
5208  8295.100887  0.6153076371  1.951209067e-05  1.054578939e-05  9.703371852e-06  9.808718815e-06  2.480794645e-06  8.064994747e-06  2.954
5209  8295.30059  0.6151445126  1.951597734e-05  1.05496108e-05  9.73163321e-06  9.784344129e-06  2.486704614e-06  8.062906186e-06  3.0238
5210  8295.501101  0.6151282589  1.950281494e-05  1.054266705e-05  9.705222168e-06  9.797592773e-06  2.470121826e-06  8.072545227e-06  3.1252
5211  8295.700608  0.6149597539  1.950420077e-05  1.054519296e-05  9.680731032e-06  9.823469737e-06  2.491309151e-06  8.05388381e-06  3.1504
5212  8295.900503  0.6149411413  1.95028265e-05  1.054464621e-05  9.674856774e-06  9.827969725e-06  2.4733373e-06  8.071308906e-06  3.0942
5213  8296.099817  0.614867864  1.9511912e-05  1.055033156e-05  9.741068881e-06  9.770843114e-06  2.492229039e-06  8.058102517e-06  3.1178
5214  8296.299516  0.6147269355  1.948483681e-05  1.053717655e-05  9.661144125e-06  9.823692684e-06  2.472586874e-06  8.06458968e-06  3.0566
5215  8296.500391  0.6146407604  1.949287941e-05  1.054243435e-05  9.663856519e-06  9.829022888e-06  2.483212513e-06  8.059221841e-06  3.0476
5216  8296.70045  0.6146209115  1.949663415e-05  1.054467435e-05  9.699646527e-06  9.796987622e-06  2.48343613e-06  8.061238219e-06  3.0198
5217  8296.899884  0.614540965  1.950838105e-05  1.055187116e-05  9.697806735e-06  9.810574315e-06  2.48110776e-06  8.070763404e-06  2.9762
5218  8297.100034  0.6145046696  1.950540915e-05  1.055064663e-05  9.675038569e-06  9.830370581e-06  2.493080437e-06  8.057566191e-06  2.9452
5219  8297.299727  0.614518274  1.948016512e-05  1.053684856e-05  9.640334115e-06  9.839831004e-06  2.468905244e-06  8.067943318e-06  2.916
5220  8297.500544  0.6143684761  1.950680594e-05  1.05528393e-05  9.729031946e-06  9.777773996e-06  2.48972288e-06  8.063116416e-06  2.9258
5221  8297.70088  0.6142728711  1.950231399e-05  1.055141795e-05  9.716320678e-06  9.785993307e-06  2.484336059e-06  8.067081887e-06  2.9818
5222  8297.901317  0.6141755633  1.949588257e-05  1.054896478e-05  9.704761536e-06  9.791121038e-06  2.474188734e-06  8.074776045e-06  3.0564
5223  8298.100513  0.6141495583  1.949516799e-05  1.054885245e-05  9.707136246e-06  9.788031747e-06  2.486624948e-06  8.062227501e-06  3.1114
5224  8298.300663  0.6141735033  1.949406934e-05  1.054800539e-05  9.66703794e-06  9.827031397e-06  2.483476284e-06  8.064529106e-06  3.1722
5225  8298.500853  0.6139470918  1.950244873e-05  1.055492886e-05  9.6984034e-06  9.804045329e-06  2.485382952e-06  8.069545912e-06  3.1036
5226  8298.700647  0.6139269422  1.947216287e-05  1.053875019e-05  9.649037622e-06  9.823125245e-06  2.481786762e-06  8.056963426e-06  3.0954
5227  8298.90033  0.6138172375  1.950041432e-05  1.055519837e-05  9.715592201e-06  9.784822122e-06  2.486940875e-06  8.068257496e-06  3.0704
5228  8299.100378  0.6137004194  1.947704473e-05  1.054378049e-05  9.649006867e-06  9.828037861e-06  2.48344579e-06  8.060334702e-06  3.0256
5229  8299.300053  0.61368059  1.948071768e-05  1.054597794e-05  9.683455529e-06  9.79726215e-06  2.480391756e-06  8.065586186e-06  2.9942
5230  8299.500255  0.6136044434  1.950178357e-05  1.0558186e-05  9.701946757e-06  9.799836811e-06  2.493636709e-06  8.064549289e-06  2.9468
5231  8299.699988  0.6134241286  1.94998345e-05  1.055903456e-05  9.703502166e-06  9.796332335e-06  2.485218668e-06  8.073815892e-06  2.9238
5232  8299.900642  0.6133970936  1.948521757e-05  1.055140484e-05  9.686362682e-06  9.798854887e-06  2.484652048e-06  8.06675279e-06  2.9054
5233  8300.100811  0.6133866996  1.948545069e-05  1.055164075e-05  9.708002097e-06  9.777448595e-06  2.49097031e-06  8.06067044e-06  2.9128
5234  8300.30109  0.6132753931  1.94765539e-05  1.054799701e-05  9.673027064e-06  9.803526834e-06  2.474530943e-06  8.073466064e-06  2.9806
5235  8300.500593  0.6132518932  1.951244186e-05  1.056768133e-05  9.737149627e-06  9.77529223e-06  2.493942748e-06  8.073738585e-06  3.0544
5236  8300.700877  0.6131921498  1.946457913e-05  1.054238933e-05  9.657275964e-06  9.80730317e-06  2.474953359e-06  8.067435973e-06  3.1172
5237  8300.900017  0.6130473844  1.948941569e-05  1.055736952e-05  9.696139953e-06  9.793275738e-06  2.490760717e-06  8.066608802e-06  3.1174
5238  8301.100307  0.6129935634  1.948588825e-05  1.055602683e-05  9.648615037e-06  9.837273211e-06  2.482860843e-06  8.07316599e-06  3.1634
5239  8301.300979  0.6129327265  1.948273841e-05  1.05549626e-05  9.706133204e-06  9.77660521e-06  2.486474869e-06  8.068487726e-06  3.0558
5240  8301.499977  0.6128030445  1.947004207e-05  1.054945221e-05  9.674913233e-06  9.795128835e-06  2.487572014e-06  8.061880198e-06  3.0808
5241  8301.700827  0.6127852599  1.947434325e-05  1.055197038e-05  9.669350323e-06  9.804992927e-06  2.482886942e-06  8.06908344e-06  3.0384
5242  8301.900426  0.6127158971  1.946531487e-05  1.054781005e-05  9.686430613e-06  9.778884252e-06  2.49019165e-06  8.057618395e-06  2.9998
5243  8302.100222  0.6126577219  1.94758412e-05  1.0554128e-05  9.687703065e-06  9.788138136e-06  2.485683069e-06  8.06844493e-06  2.9686
5244  8302.300502  0.612598046  1.948320382e-05  1.055874795e-05  9.675887852e-06  9.807315971e-06  2.492380437e-06  8.066367513e-06  2.9116
5245  8302.501085  0.6125452032  1.947505342e-05  1.055488865e-05  9.654657046e-06  9.82039637e-06  2.487974763e-06  8.066913883e-06  2.882
5246  8302.700992  0.6124375005  1.949065872e-05  1.056448401e-05  9.748829132e-06  9.74182959e-06  2.484529591e-06  8.079954421e-06  2.8958
5247  8302.901587  0.6124044502  1.946335608e-05  1.055003389e-05  9.676234782e-06  9.7871213e-06  2.487399318e-06  8.062634572e-06  2.9776
5248  8303.100689  0.6123664329  1.949408004e-05  1.056708941e-05  9.708372181e-06  9.785707856e-06  2.489413935e-06  8.077675476e-06  3.0666
5249  8303.300381  0.6123148065  1.94570722e-05  1.054757322e-05  9.65301183e-06  9.804060371e-06  2.477690328e-06  8.06988289e-06  3.1176
5250  8303.500043  0.6121947601  1.949185272e-05  1.056769609e-05  9.737301775e-06  9.754550946e-06  2.500399701e-06  8.067296386e-06  3.1692
5251  8303.700638  0.612168515  1.946830872e-05  1.05552085e-05  9.652200928e-06  9.816107788e-06  2.489654297e-06  8.065554199e-06  3.1258
5252  8303.900776  0.6121622199  1.945480334e-05  1.054795264e-05  9.660435187e-06  9.794368157e-06  2.479638358e-06  8.068314279e-06  3.0858
5253  8304.10076  0.612069781  1.946464488e-05  1.055426407e-05  9.705749964e-06  9.758894919e-06  2.492201112e-06  8.062062963e-06  3.0344
5254  8304.299548  0.6119375546  1.947859642e-05  1.056322563e-05  9.689068517e-06  9.789527906e-06  2.490716305e-06  8.072509323e-06  3.0148
5255  8304.499805  0.6118189088  1.945294519e-05  1.055056669e-05  9.656607725e-06  9.796337466e-06  2.488676675e-06  8.061890019e-06  2.9874
5256  8304.699378  0.6118930326  1.944897622e-05  1.054763221e-05  9.656616445e-06  9.792359778e-06  2.483264741e-06  8.06436747e-06  2.933
5257  8304.899595  0.6117437681  1.949282302e-05  1.05729894e-05  9.73477866e-06  9.75804436e-06  2.498988018e-06  8.074001385e-06  2.8952
5258  8305.099612  0.6117025547  1.946767368e-05  1.055978349e-05  9.651729413e-06  9.815944265e-06  2.493549098e-06  8.066234392e-06  2.9086
5259  8305.300653  0.6116838078  1.943839029e-05  1.054409707e-05  9.631005694e-06  9.807384601e-06  2.469947763e-06  8.074149308e-06  2.9468
5260  8305.501456  0.6115975249  1.948494681e-05  1.057026303e-05  9.750111686e-06  9.734835125e-06  2.500479662e-06  8.069783368e-06  3.0064
5261  8305.700919  0.6114944585  1.945811281e-05  1.055679402e-05  9.680506927e-06  9.777605883e-06  2.485189842e-06  8.071604179e-06  3.0706
5262  8305.900975  0.6115427746  1.944791044e-05  1.055074905e-05  9.663576364e-06  9.784334079e-06  2.486704683e-06  8.064044367e-06  3.1294
5263  8306.100333  0.6114592369  1.944992714e-05  1.055272465e-05  9.647178344e-06  9.802748801e-06  2.489119357e-06  8.063605295e-06  3.1166
5264  8306.300055  0.6114278083  1.947012472e-05  1.056401503e-05  9.69285502e-06  9.777269703e-06  2.489421067e-06  8.074593961e-06  3.089
5265  8306.50023  0.6112388487  1.94635282e-05  1.05624316e-05  9.699448431e-06  9.764079767e-06  2.49766829e-06  8.064763308e-06  3.0544
5266  8306.700473  0.6113452041  1.942678314e-05  1.054136966e-05  9.619490096e-06  9.807293039e-06  2.476699352e-06  8.064670312e-06  3.0408
5267  8306.899925  0.6112201778  1.945835024e-05  1.055981879e-05  9.681401477e-06  9.776948762e-06  2.494772521e-06  8.065046272e-06  2.9788
5268  8307.099072  0.6111768366  1.946876911e-05  1.056593092e-05  9.703022292e-06  9.765746814e-06  2.493861735e-06  8.072069184e-06  2.975
5269  8307.300372  0.6110736481  1.941586027e-05  1.053830404e-05  9.596708392e-06  9.819151873e-06  2.471317363e-06  8.06698668e-06  2.944
5270  8307.501208  0.6110860876  1.946586344e-05  1.056531273e-05  9.689407349e-06  9.776456087e-06  2.502929688e-06  8.062383038e-06  2.8742
5271  8307.700639  0.6109847299  1.947890138e-05  1.057346086e-05  9.724030916e-06  9.754870463e-06  2.49135148e-06  8.082109382e-06  2.8868
5272  8307.900542  0.610958575  1.94325634e-05  1.054858375e-05  9.641939241e-06  9.790624155e-06  2.484329005e-06  8.064254748e-06  2.962
5273  8308.101322  0.6110095925  1.943692317e-05  1.05504121e-05  9.657580266e-06  9.779342902e-06  2.479063878e-06  8.071348222e-06  3.0518
5274  8308.300159  0.6109486592  1.946720458e-05  1.056749282e-05  9.735914329e-06  9.731290248e-06  2.493401379e-06  8.074091441e-06  3.081
5275  8308.500582  0.6109132738  1.944779853e-05  1.055733209e-05  9.676360481e-06  9.771438044e-06  2.493722864e-06  8.063609227e-06  3.1636
5276  8308.700625  0.6108906345  1.942219642e-05  1.054367256e-05  9.613620389e-06  9.80857603e-06  2.480972475e-06  8.062700087e-06  3.1018
5277  8308.899924  0.6108272904  1.945498067e-05  1.056213908e-05  9.667838927e-06  9.787141738e-06  2.499149446e-06  8.062989635e-06  3.1022
5278  8309.100243  0.6107418045  1.94530586e-05  1.056199845e-05  9.671511411e-06  9.781547188e-06  2.48685234e-06  8.075146111e-06  3.0836
5279  8309.300382  0.6107316528  1.943005917e-05  1.054961806e-05  9.648768107e-06  9.781291068e-06  2.489313434e-06  8.060304623e-06  3.0318
5280  8309.50076  0.610707036  1.943513115e-05  1.055263167e-05  9.651008708e-06  9.784122441e-06  2.491027845e-06  8.061603828e-06  2.9794
5281  8309.699932  0.6106976507  1.943231592e-05  1.055120212e-05  9.643352619e-06  9.788963305e-06  2.486374536e-06  8.064827587e-06  2.9456
5282  8309.900469  0.610711959  1.945729749e-05  1.056461525e-05  9.72385538e-06  9.733442109e-06  2.498445708e-06  8.066169541e-06  2.9032
5283  8310.100759  0.6105454648  1.942400523e-05  1.054829483e-05  9.601144037e-06  9.82286119e-06  2.482365218e-06  8.065929609e-06  2.9092
5284  8310.300508  0.6106963933  1.945083817e-05  1.056127246e-05  9.685373721e-06  9.765464451e-06  2.494410042e-06  8.066862421e-06  2.8768
5285  8310.500178  0.6105466856  1.944243242e-05  1.055828891e-05  9.705950676e-06  9.73648174e-06  2.48743982e-06  8.070849088e-06  2.9718
5286  8310.700165  0.6105849604  1.943099339e-05  1.055167303e-05  9.667391863e-06  9.763601525e-06  2.487818442e-06  8.063854586e-06  3.0536
5287  8310.90148  0.6105572819  1.940909703e-05  1.054007431e-05  9.593018215e-06  9.816078811e-06  2.481995976e-06  8.058078331e-06  3.117
5288  8311.100222  0.6105810162  1.943557324e-05  1.055420166e-05  9.666231962e-06  9.769341273e-06  2.487438703e-06  8.066762961e-06  3.1232
5289  8311.29999  0.6105360048  1.940511396e-05  1.053813553e-05  9.64234629e-06  9.762767669e-06  2.49083156e-06  8.047303969e-06  3.1004
5290  8311.500412  0.6105923183  1.940322703e-05  1.053651745e-05  9.637222414e-06  9.766004615e-06  2.483776717e-06  8.052740731e-06  3.0848
5291  8311.700646  0.6105437625  1.939921637e-05  1.053485106e-05  9.636057461e-06  9.763158914e-06  2.488416161e-06  8.0464349e-06  3.044
5292  8311.900007  0.6105522874  1.937292626e-05  1.052048438e-05  9.631331343e-06  9.741594917e-06  2.479749667e-06  8.040734718e-06  3.0432
5293  8312.100027  0.6105224974  1.935610843e-05  1.051166458e-05  9.585385949e-06  9.770722476e-06  2.480367067e-06  8.031297516e-06  3.0046
5294  8312.299738  0.6105070742  1.937846266e-05  1.052396674e-05  9.641549228e-06  9.736913433e-06  2.485663322e-06  8.03830342e-06  2.9566
5295  8312.499463  0.6105071274  1.937599248e-05  1.052262469e-05  9.655884943e-06  9.720107534e-06  2.48828448e-06  8.034340207e-06  2.9082
5296  8312.70061  0.6105507254  1.936246513e-05  1.051481988e-05  9.589411022e-06  9.773054106e-06  2.479336727e-06  8.035483154e-06  2.8966
5297  8312.900641  0.6105763214  1.940141128e-05  1.053569998e-05  9.630883172e-06  9.770528105e-06  2.481624491e-06  8.054075488e-06  2.895
5298  8313.100731  0.6105157524  1.942793708e-05  1.055074352e-05  9.687018117e-06  9.740918964e-06  2.494515722e-06  8.0562278e-06  3.0044
5299  8313.300866  0.6105305469  1.938442362e-05  1.052695689e-05  9.612859842e-06  9.771563776e-06  2.472170249e-06  8.054786645e-06  3.0476
5300  8313.501041  0.6105688147  1.940292089e-05  1.053659885e-05  9.637129612e-06  9.765791282e-06  2.490032697e-06  8.046566156e-06  3.1198
5301  8313.700331  0.6105602098  1.944302685e-05  1.055846892e-05  9.694935348e-06  9.748091498e-06  2.492388146e-06  8.066080774e-06  3.1126
5302  8313.900293  0.6104878071  1.941081177e-05  1.054173785e-05  9.640919189e-06  9.769892578e-06  2.484478943e-06  8.057258911e-06  3.125
5303  8314.099542  0.6105373871  1.942376687e-05  1.054825059e-05  9.645178108e-06  9.778588758e-06  2.490799745e-06  8.057450844e-06  3.07
5304  8314.300006  0.610624637  1.942839121e-05  1.054984137e-05  9.644357782e-06  9.784033424e-06  2.488548567e-06  8.061292799e-06  3.0414
5305  8314.499732  0.6105327006  1.942512386e-05  1.054903696e-05  9.691599696e-06  9.733524165e-06  2.494559359e-06  8.054477597e-06  3.0264
5306  8314.700741  0.6106144134  1.940322043e-05  1.053628106e-05  9.600393472e-06  9.802826954e-06  2.480105519e-06  8.05617554e-06  2.9734
5307  8314.900002  0.6106633692  1.942657522e-05  1.054844669e-05  9.645452371e-06  9.781122852e-06  2.494415399e-06  8.054031295e-06  2.9596
5308  8315.100329  0.6107279365  1.941177804e-05  1.053973142e-05  9.631989819e-06  9.779788219e-06  2.482707542e-06  8.057023877e-06  2.893
5309  8315.300281  0.6106921407  1.94328994e-05  1.055157707e-05  9.66296e-06  9.769939396e-06  2.494054951e-06  8.057522121e-06  2.9218
5310  8315.501057  0.6107727913  1.943449836e-05  1.055159424e-05  9.646888486e-06  9.787609874e-06  2.487678918e-06  8.063915324e-06  2.9362
5311  8315.700333  0.6108143228  1.944480564e-05  1.055675194e-05  9.692227801e-06  9.752577842e-06  2.489398969e-06  8.067352971e-06  2.992
5312  8315.900545  0.6108001635  1.940754784e-05  1.053667355e-05  9.636180853e-06  9.771366992e-06  2.484174242e-06  8.05249931e-06  3.0608
5313  8316.099957  0.6108775241  1.941811637e-05  1.054159584e-05  9.648546246e-06  9.769570119e-06  2.491519065e-06  8.050076774e-06  3.1136
5314  8316.299994  0.6108567569  1.943199689e-05  1.054935029e-05  9.656998718e-06  9.774998168e-06  2.48968075e-06  8.059669544e-06  3.0916
5315  8316.500286  0.610981747  1.94223609e-05  1.054280123e-05  9.664022961e-06  9.758337934e-06  2.488445133e-06  8.054356094e-06  3.0716
5316  8316.70032  0.6109492244  1.941894494e-05  1.054128981e-05  9.631518725e-06  9.787426213e-06  2.493409627e-06  8.047880182e-06  3.0568
5317  8316.899934  0.6111087359  1.943654187e-05  1.05491592e-05  9.649626362e-06  9.786915506e-06  2.488006242e-06  8.061152956e-06  3.0554
5318  8317.099624  0.6109983252  1.942045275e-05  1.054159069e-05  9.672236125e-06  9.748216629e-06  2.491284053e-06  8.050306638e-06  3.0018
5319  8317.300107  0.6111784134  1.939731023e-05  1.052713275e-05  9.60635203e-06  9.790958204e-06  2.482326204e-06  8.044806543e-06  2.9572
5320  8317.499967  0.6112876993  1.94161674e-05  1.053621522e-05  9.623351212e-06  9.792816188e-06  2.492769313e-06  8.043445902e-06  2.9092
5321  8317.699449  0.6113289449  1.944047728e-05  1.05489719e-05  9.698655068e-06  9.741822208e-06  2.487640118e-06  8.061331783e-06  2.9042
5322  8317.900213  0.6113924325  1.940903297e-05  1.053124068e-05  9.668343699e-06  9.740689269e-06  2.489789066e-06  8.041451609e-06  2.9276
5323  8318.100725  0.6115160947  1.94158644e-05  1.053364468e-05  9.627244609e-06  9.78861979e-06  2.486868836e-06  8.046775844e-06  2.9708
5324  8318.300577  0.611693043  1.944275913e-05  1.054636949e-05  9.674134791e-06  9.768624337e-06  2.485540655e-06  8.060828834e-06  3.023
5325  8318.500476  0.6116521357  1.943151761e-05  1.054070292e-05  9.705456034e-06  9.726061581e-06  2.492294126e-06  8.048408793e-06  3.0836
5326  8318.700426  0.6117615776  1.940005848e-05  1.052248613e-05  9.629844897e-06  9.770213588e-06  2.484159029e-06  8.038327097e-06  3.1364
5327  8318.900302  0.6118807051  1.941887634e-05  1.053143817e-05  9.635705566e-06  9.783170776e-06  2.486669006e-06  8.044769165e-06  3.1252
5328  8319.100122  0.6120534249  1.943231288e-05  1.053690512e-05  9.675220396e-06  9.757092484e-06  2.492432013e-06  8.044473105e-06  3.074
5329  8319.300276  0.6122302863  1.941168613e-05  1.052385912e-05  9.646157437e-06  9.765528695e-06  2.484141428e-06  8.03971769e-06  3.052
5330  8319.500361  0.6122768189  1.942190621e-05  1.052890988e-05  9.626971937e-06  9.794934271e-06  2.487211946e-06  8.041697938e-06  2.987
5331  8319.69996  0.6125013278  1.942054812e-05  1.052581024e-05  9.625260671e-06  9.79528745e-06  2.486590195e-06  8.039220047e-06  2.9998
5332  8319.900182  0.6125614638  1.9419203e-05  1.052444828e-05  9.675573492e-06  9.743629507e-06  2.485869142e-06  8.038579136e-06  2.9388
5333  8320.100655  0.612670672  1.93982517e-05  1.051194544e-05  9.620901458e-06  9.777350244e-06  2.488474994e-06  8.023470446e-06  2.8912
5334  8320.300541  0.6129198109  1.941806787e-05  1.052006257e-05  9.642719685e-06  9.775348181e-06  2.480846319e-06  8.039216251e-06  2.8846
5335  8320.501251  0.6129908745  1.944288479e-05  1.053275903e-05  9.728447596e-06  9.714437193e-06  2.492769228e-06  8.039989803e-06  2.8806
5336  8320.700895  0.6131626318  1.940632504e-05  1.051114806e-05  9.610743188e-06  9.795581856e-06  2.478046609e-06  8.033101455e-06  2.993
5337  8320.900682  0.6135050707  1.942265555e-05  1.05163914e-05  9.624274045e-06  9.798381502e-06  2.479012281e-06  8.03737912e-06  3.0196
5338  8321.100584  0.6136564236  1.943610627e-05  1.052208162e-05  9.697218665e-06  9.738887608e-06  2.492483691e-06  8.029597934e-06  3.0978
5339  8321.299726  0.6137900853  1.941528813e-05  1.050940655e-05  9.661643121e-06  9.753645005e-06  2.478788499e-06  8.030618052e-06  3.099
5340  8321.500453  0.6140204076  1.940511129e-05  1.050147887e-05  9.603322224e-06  9.801789067e-06  2.48367543e-06  8.017803444e-06  3.1046
5341  8321.700522  0.6144460457  1.94041749e-05  1.049650347e-05  9.61496668e-06  9.789208224e-06  2.472790592e-06  8.023712874e-06  3.09
5342  8321.899978  0.6145824499  1.942706898e-05  1.050745444e-05  9.665609827e-06  9.761459148e-06  2.490661457e-06  8.016792981e-06  3.0184
5343  8322.099933  0.6147020593  1.943148027e-05  1.050858336e-05  9.67350666e-06  9.75797361e-06  2.484798651e-06  8.023784707e-06  3.0338
5344  8322.30008  0.6149465532  1.939649023e-05  1.048709633e-05  9.601983433e-06  9.794506795e-06  2.480700763e-06  8.006395567e-06  2.9882
5345  8322.499914  0.6152837118  1.940665253e-05  1.048905371e-05  9.65183803e-06  9.754814502e-06  2.480934983e-06  8.008118726e-06  2.9082
5346  8322.69947  0.6155863466  1.942968221e-05  1.049832333e-05  9.71201509e-06  9.717667123e-06  2.485934498e-06  8.012388828e-06  2.918
5347  8322.900523  0.6157379502  1.938569906e-05  1.047297032e-05  9.575828221e-06  9.809870844e-06  2.475648565e-06  7.997321751e-06  2.8776
5348  8323.100399  0.6163098493  1.940081071e-05  1.047514182e-05  9.630791022e-06  9.770019687e-06  2.467039523e-06  8.0081023e-06  2.9396
5349  8323.301067  0.6165234419  1.944594166e-05  1.049726715e-05  9.751495181e-06  9.69444648e-06  2.492079518e-06  8.005187628e-06  2.9648
5350  8323.500577  0.6168242969  1.941222015e-05  1.047591147e-05  9.636496243e-06  9.775723909e-06  2.471127322e-06  8.004784145e-06  3.0424
5351  8323.70108  0.617316494  1.940058062e-05  1.046447828e-05  9.603211188e-06  9.797369434e-06  2.477918071e-06  7.986560206e-06  3.0998
5352  8323.899824  0.6176823679  1.939975079e-05  1.046020286e-05  9.650947435e-06  9.748803356e-06  2.468195285e-06  7.992007574e-06  3.0948
5353  8324.099824  0.6180543256  1.941677621e-05  1.04654894e-05  9.664872332e-06  9.751903875e-06  2.478236873e-06  7.987252522e-06  3.0766
5354  8324.299866  0.6185141177  1.941525214e-05  1.045985747e-05  9.649117063e-06  9.766135076e-06  2.478028027e-06  7.981829441e-06  3.07
5355  8324.500309  0.6191757639  1.937356027e-05  1.043049263e-05  9.597370325e-06  9.776189943e-06  2.454361126e-06  7.976131502e-06  3.0224
5356  8324.699346  0.6194659392  1.943953795e-05  1.046297768e-05  9.719430349e-06  9.720107601e-06  2.487603313e-06  7.975374371e-06  3.0046
5357  8324.899565  0.619993695  1.940031325e-05  1.04363564e-05  9.571287081e-06  9.829026169e-06  2.464438852e-06  7.97191755e-06  2.9674
5358  8325.099549  0.6206727091  1.938650612e-05  1.04218499e-05  9.602381476e-06  9.784124646e-06  2.464015627e-06  7.957834273e-06  2.9152
5359  8325.299502  0.621120909  1.943218046e-05  1.04417226e-05  9.704664018e-06  9.727516439e-06  2.474326028e-06  7.967396577e-06  2.8818
5360  8325.500707  0.6217120678  1.939876674e-05  1.041760773e-05  9.601655511e-06  9.797111225e-06  2.457666495e-06  7.959941239e-06  2.9316
5361  8325.701428  0.6224544527  1.939211278e-05  1.040630605e-05  9.612684637e-06  9.779428147e-06  2.460557126e-06  7.945748922e-06  2.9594
5362  8325.900459  0.6231427509  1.942596626e-05  1.041730002e-05  9.678300169e-06  9.747666091e-06  2.463138092e-06  7.954161925e-06  3.0082
5363  8326.100485  0.6237731168  1.942047778e-05  1.0407794e-05  9.657185085e-06  9.763292692e-06  2.460004701e-06  7.947789295e-06  3.0708
5364  8326.300268  0.6246913679  1.941364104e-05  1.039458084e-05  9.645362977e-06  9.76827806e-06  2.462416557e-06  7.932164284e-06  3.1016
5365  8326.500589  0.6254770653  1.937684241e-05  1.036672956e-05  9.570468051e-06  9.806374362e-06  2.444963856e-06  7.921765707e-06  3.0892
5366  8326.700303  0.6262676943  1.941591194e-05  1.037942248e-05  9.68961871e-06  9.726293235e-06  2.460952062e-06  7.918470423e-06  3.0682
5367  8326.900629  0.6273494494  1.94071918e-05  1.036354396e-05  9.621941399e-06  9.7852504e-06  2.452009922e-06  7.911534036e-06  3.0582
5368  8327.099649  0.6283804788  1.939091507e-05  1.034418144e-05  9.624414221e-06  9.766500849e-06  2.439418525e-06  7.904762919e-06  2.9928
5369  8327.300305  0.629441331  1.941001892e-05  1.034339385e-05  9.631282261e-06  9.778736659e-06  2.457298151e-06  7.886095704e-06  2.9742
5370  8327.499931  0.6306359141  1.941913211e-05  1.033589571e-05  9.637692576e-06  9.781439534e-06  2.443155266e-06  7.892740447e-06  2.9558
5371  8327.700488  0.6318937918  1.940018242e-05  1.031282924e-05  9.630015487e-06  9.770166936e-06  2.438132023e-06  7.874697217e-06  2.8838
5372  8327.900422  0.6332384831  1.940103557e-05  1.02994239e-05  9.659822673e-06  9.741212897e-06  2.446369544e-06  7.853054354e-06  2.9184
5373  8328.100405  0.6348556108  1.938815683e-05  1.027595599e-05  9.606442476e-06  9.781714356e-06  2.422395532e-06  7.853560456e-06  2.9048
5374  8328.301064  0.6364936017  1.942258864e-05  1.027735725e-05  9.668265236e-06  9.7543234e-06  2.437747847e-06  7.839609399e-06  2.9856
5375  8328.500855  0.6384181504  1.939611639e-05  1.024361628e-05  9.633716026e-06  9.762400359e-06  2.414204828e-06  7.829411449e-06  3.0462
5376  8328.700709  0.6402135212  1.941825468e-05  1.023691255e-05  9.675265214e-06  9.74298947e-06  2.432255457e-06  7.804657094e-06  3.064
5377  8328.899915  0.6424663109  1.941164405e-05  1.021039975e-05  9.634168588e-06  9.777475466e-06  2.419667031e-06  7.790732718e-06  3.1416
5378  8329.1001  0.6449017188  1.938277937e-05  1.017041781e-05  9.605757499e-06  9.777021874e-06  2.402840903e-06  7.767576907e-06  3.0716
5379  8329.300015  0.6476076375  1.941245262e-05  1.015846259e-05  9.658258047e-06  9.754194576e-06  2.412757439e-06  7.745705148e-06  3.0716
5380  8329.499884  0.6507646348  1.938434212e-05  1.011177916e-05  9.579968452e-06  9.804373666e-06  2.394520546e-06  7.717258616e-06  3.0432
5381  8329.700086  0.6543839027  1.93844281e-05  1.007529276e-05  9.598177622e-06  9.786250476e-06  2.383590978e-06  7.691701784e-06  2.9938
5382  8329.899553  0.6582490282  1.942328576e-05  1.005654448e-05  9.706891442e-06  9.716394319e-06  2.389012246e-06  7.667532239e-06  2.9856
5383  8330.100601  0.6629872219  1.939868667e-05  9.996331186e-06  9.622968342e-06  9.775718324e-06  2.371842902e-06  7.624488284e-06  2.9306
5384  8330.301529  0.6684921307  1.940507262e-05  9.944726159e-06  9.627675515e-06  9.777397103e-06  2.362512965e-06  7.582213194e-06  2.8886
5385  8330.501244  0.6753123534  1.937990877e-05  9.864323344e-06  9.600084836e-06  9.779823932e-06  2.334531214e-06  7.52979213e-06  2.9092
5386  8330.700817  0.6829418249  1.940566421e-05  9.802359951e-06  9.685760524e-06  9.719903684e-06  2.323073108e-06  7.479286843e-06  2.9434
5387  8330.901457  0.6927158708  1.941588536e-05  9.712130712e-06  9.678955709e-06  9.736929649e-06  2.317569008e-06  7.394561705e-06  3.0268
5388  8331.100403  0.7054146717  1.936330811e-05  9.563609982e-06  9.572256419e-06  9.791051691e-06  2.255193474e-06  7.308416508e-06  3.0238
5389  8331.300853  0.7201273635  1.940946344e-05  9.446396914e-06  9.647923737e-06  9.761539704e-06  2.25321646e-06  7.193180454e-06  3.0476
5390  8331.499651  0.7387217432  1.942154623e-05  9.27814224e-06  9.655220737e-06  9.766325495e-06  2.206928432e-06  7.071213807e-06  3.085
5391  8331.700619  0.7614953985  1.937678723e-05  9.048331865e-06  9.592706209e-06  9.784081017e-06  2.148530589e-06  6.899801276e-06  3.0544
5392  8331.900067  0.7873681295  1.938293868e-05  8.820028492e-06  9.622769574e-06  9.76016911e-06  2.107435675e-06  6.712592817e-06  3.0632
5393  8332.09935  0.8176439426  1.939277712e-05  8.56134018e-06  9.629144526e-06  9.763632598e-06  2.036582833e-06  6.524757347e-06  3.0082
5394  8332.30016  0.8499892348  1.940703114e-05  8.294944192e-06  9.678489952e-06  9.728541192e-06  1.989533969e-06  6.305410223e-06  3.0054
5395  8332.50053  0.8863326774  1.937436413e-05  7.985425584e-06  9.601754111e-06  9.77261002e-06  1.904506199e-06  6.080919385e-06  2.9582
5396  8332.70044  0.922913523  1.940241609e-05  7.709737003e-06  9.637111364e-06  9.765304722e-06  1.85047371e-06  5.859263293e-06  2.9318
5397  8332.900235  0.9596910198  1.941045712e-05  7.43442268e-06  9.656244262e-06  9.75421286e-06  1.785241347e-06  5.649181333e-06  2.928
5398  8333.100573  0.9973362604  1.936241333e-05  7.142032996e-06  9.582952692e-06  9.779460639e-06  1.70831893e-06  5.433714067e-06  2.9138
5399  8333.300439  1.032022889  1.939437647e-05  6.909935217e-06  9.674369322e-06  9.720007149e-06  1.662716414e-06  5.247218802e-06  2.9588
5400  8333.500542  1.067084229  1.94029041e-05  6.674795198e-06  9.681810471e-06  9.721093629e-06  1.605322096e-06  5.069473102e-06  3.0178
5401  8333.700596  1.100919346  1.936781632e-05  6.441061722e-06  9.582797867e-06  9.785018449e-06  1.547459096e-06  4.893602626e-06  3.071
5402  8333.900326  1.132215186  1.938959757e-05  6.249625415e-06  9.620804205e-06  9.76879337e-06  1.502280755e-06  4.747344661e-06  3.0746
5403  8334.10016  1.161328707  1.940015589e-05  6.073605374e-06  9.651249512e-06  9.748906379e-06  1.46780298e-06  4.605802394e-06  3.0896
5404  8334.300354  1.188921646  1.939034742e-05  5.905320598e-06  9.655393962e-06  9.734953463e-06  1.422972274e-06  4.482348324e-06  3.061
5405  8334.500175  1.213990247  1.937709343e-05  5.755186049e-06  9.624633537e-06  9.752459888e-06  1.390527341e-06  4.364658708e-06  3.0296
5406  8334.700195  1.237447911  1.937025712e-05  5.619770575e-06  9.60032335e-06  9.769933773e-06  1.35523902e-06  4.264531555e-06  3.0146
5407  8334.900398  1.257648284  1.938883378e-05  5.512669774e-06  9.636803381e-06  9.752030397e-06  1.329817812e-06  4.182851962e-06  2.9668
5408  8335.100313  1.275678592  1.937733803e-05  5.410955253e-06  9.635437064e-06  9.741900968e-06  1.309183987e-06  4.101771267e-06  2.9288
5409  8335.300139  1.29190077  1.937796154e-05  5.32405722e-06  9.612911047e-06  9.765050497e-06  1.284018827e-06  4.040038393e-06  2.9058
5410  8335.500739  1.305718687  1.940690072e-05  5.258837649e-06  9.66417178e-06  9.742728938e-06  1.276905368e-06  3.981932281e-06  2.9078
5411  8335.700457  1.318591512  1.936720964e-05  5.180957575e-06  9.595641574e-06  9.771568066e-06  1.246723227e-06  3.934234349e-06  2.9622
5412  8335.900651  1.329233498  1.938476691e-05  5.130761294e-06  9.640337157e-06  9.744429748e-06  1.238884126e-06  3.891877168e-06  2.9786
5413  8336.100818  1.338925761  1.937275121e-05  5.07812318e-06  9.610925223e-06  9.761825988e-06  1.230997726e-06  3.847125455e-06  3.0416
5414  8336.300695  1.347823512  1.936859308e-05  5.032059426e-06  9.617977206e-06  9.750615877e-06  1.212920002e-06  3.819139424e-06  3.0112
5415  8336.500227  1.355705874  1.939927022e-05  5.000458326e-06  9.698681746e-06  9.70058847e-06  1.213128672e-06  3.787329653e-06  3.057
5416  8336.699828  1.363600528  1.93564545e-05  4.950187237e-06  9.582144873e-06  9.774309629e-06  1.194274518e-06  3.755912719e-06  3.0822
5417  8336.90071  1.371249846  1.936261567e-05  4.914029777e-06  9.579957601e-06  9.782658067e-06  1.189983089e-06  3.724046688e-06  3.0088
5418  8337.100558  1.378617534  1.937564653e-05  4.881240604e-06  9.658661143e-06  9.716985388e-06  1.182960663e-06  3.698279941e-06  3.0054
5419  8337.300153  1.387215782  1.936627906e-05  4.837110696e-06  9.620413044e-06  9.74586602e-06  1.167576125e-06  3.669534571e-06  2.9782
5420  8337.501041  1.396234875  1.936619387e-05  4.793659404e-06  9.602586779e-06  9.76360709e-06  1.163738962e-06  3.629920442e-06  2.9486
5421  8337.699735  1.406621824  1.935726061e-05  4.741937232e-06  9.618655296e-06  9.738605316e-06  1.145399433e-06  3.596537799e-06  2.9202
5422  8337.899779  1.417902186  1.936679213e-05  4.691055768e-06  9.626157316e-06  9.740634814e-06  1.138058623e-06  3.552997145e-06  2.9232
5423  8338.10048  1.431061613  1.938962253e-05  4.635186285e-06  9.652456733e-06  9.737165796e-06  1.122670622e-06  3.512515663e-06  2.9284
5424  8338.300237  1.44513965  1.93659902e-05  4.564818689e-06  9.627432096e-06  9.738558107e-06  1.104563762e-06  3.460254928e-06  2.9528
5425  8338.500654  1.45998587  1.934460268e-05  4.492581941e-06  9.621734236e-06  9.722868442e-06  1.09044099e-06  3.402140951e-06  2.9838
5426  8338.700045  1.475788401  1.935086932e-05  4.423578322e-06  9.624370957e-06  9.726498358e-06  1.071835159e-06  3.351743163e-06  3.0478
5427  8338.900227  1.491581908  1.937429924e-05  4.35953543e-06  9.654994409e-06  9.719304836e-06  1.059232047e-06  3.300303383e-06  3.0566
5428  8339.100314  1.507871262  1.932627402e-05  4.278464809e-06  9.567039727e-06  9.759234289e-06  1.03362625e-06  3.244838559e-06  3.0562
5429  8339.299684  1.522662314  1.936657039e-05  4.224437389e-06  9.643772225e-06  9.722798167e-06  1.029949064e-06  3.194488326e-06  3.059
5430  8339.500062  1.537939546  1.936857449e-05  4.160820685e-06  9.602847225e-06  9.765727269e-06  1.006154324e-06  3.154666361e-06  3.04
5431  8339.700282  1.551833095  1.932456857e-05  4.094088788e-06  9.583932359e-06  9.740636207e-06  9.954993772e-07  3.098589411e-06  3.0204
5432  8339.89994  1.565362938  1.934035486e-05  4.042368977e-06  9.624398496e-06  9.715956359e-06  9.806516631e-07  3.061717314e-06  2.9734
5433  8340.100398  1.578398465  1.936323299e-05  3.994736404e-06  9.627917019e-06  9.735315967e-06  9.703356058e-07  3.024400798e-06  2.9476
5434  8340.301398  1.591318852  1.932621622e-05  3.935916151e-06  9.537718031e-06  9.788498186e-06  9.558147854e-07  2.980101365e-06  2.9244
5435  8340.500647  1.603776767  1.934125838e-05  3.890212514e-06  9.611236126e-06  9.730022253e-06  9.416408834e-07  2.94857163e-06  2.9066
5436  8340.700513  1.615934657  1.93753753e-05  3.849981289e-06  9.668102329e-06  9.707272976e-06  9.390306954e-07  2.910950593e-06  2.9716
5437  8340.900549  1.629061798  1.934664366e-05  3.79413765e-06  9.584737826e-06  9.76190583e-06  9.2002952e-07  2.87410813e-06  2.9748
5438  8341.100671  1.642232707  1.932229693e-05  3.739780815e-06  9.577498014e-06  9.744798918e-06  9.084316884e-07  2.831349126e-06  2.9982
5439  8341.2998  1.656084506  1.935061461e-05  3.693740668e-06  9.637733485e-06  9.712881126e-06  8.977482019e-07  2.795992466e-06  3.0206
5440  8341.500166  1.670961768  1.935476567e-05  3.639975347e-06  9.591806562e-06  9.762959104e-06  8.845620406e-07  2.755413306e-06  3.0394
5441  8341.700409  1.686559738  1.933128869e-05  3.579292734e-06  9.584644773e-06  9.746643916e-06  8.694359363e-07  2.709856798e-06  3.058
5442  8341.900368  1.703224007  1.933194838e-05  3.520260798e-06  9.589680872e-06  9.742267508e-06  8.560207643e-07  2.664240034e-06  3.0394
5443  8342.10031  1.720985095  1.935912858e-05  3.463151368e-06  9.636757303e-06  9.722371276e-06  8.447265625e-07  2.618424805e-06  3.0084
5444  8342.299969  1.740263771  1.9344267e-05  3.394418027e-06  9.602313002e-06  9.741954002e-06  8.248893033e-07  2.569528724e-06  2.9778
5445  8342.500583  1.76066024  1.93191254e-05  3.321562547e-06  9.580015737e-06  9.739109664e-06  8.106650796e-07  2.510897467e-06  2.992
5446  8342.699905  1.782402111  1.93222788e-05  3.250655477e-06  9.594018956e-06  9.728259845e-06  7.890355628e-07  2.461619914e-06  2.9296
5447  8342.90006  1.804542188  1.935371971e-05  3.184650168e-06  9.649500286e-06  9.704219422e-06  7.787749958e-07  2.405875172e-06  2.9338
5448  8343.100254  1.829050113  1.930995546e-05  3.100522597e-06  9.592150185e-06  9.717805276e-06  7.546806012e-07  2.345841996e-06  2.9468
5449  8343.300403  1.854628237  1.933295983e-05  3.025823135e-06  9.61275052e-06  9.720209307e-06  7.372847367e-07  2.288538398e-06  2.9366
5450  8343.500098  1.880706231  1.936016879e-05  2.952084613e-06  9.644290243e-06  9.715878546e-06  7.212374883e-07  2.230847125e-06  2.996
5451  8343.701026  1.908590529  1.930766074e-05  2.863118506e-06  9.560834493e-06  9.746826248e-06  6.96752624e-07  2.166365882e-06  3.0232
5452  8343.901643  1.936182805  1.929946521e-05  2.784016255e-06  9.574818887e-06  9.724646324e-06  6.805150686e-07  2.103501186e-06  3.0282
5453  8344.100399  1.9647885  1.93218907e-05  2.708649541e-06  9.619727356e-06  9.702163343e-06  6.59993658e-07  2.048655883e-06  3.0192
5454  8344.300456  1.99383517  1.933134418e-05  2.632391265e-06  9.635916509e-06  9.695427669e-06  6.456395827e-07  1.986751682e-06  3.0422
5455  8344.50001  2.024955783  1.92909335e-05  2.546397042e-06  9.53896788e-06  9.751965619e-06  6.215631214e-07  1.924833921e-06  3.0332
5456  8344.700103  2.055917591  1.929564691e-05  2.469367217e-06  9.530558769e-06  9.76508814e-06  6.023535625e-07  1.867013654e-06  2.9942
5457  8344.899859  2.085339744  1.934150823e-05  2.403470484e-06  9.660111109e-06  9.68139712e-06  5.894058228e-07  1.814064662e-06  3.0004
5458  8345.100619  2.117604172  1.927578108e-05  2.319253275e-06  9.561432554e-06  9.714348521e-06  5.660480673e-07  1.753205208e-06  2.9654
5459  8345.301246  2.148893672  1.925738647e-05  2.245663512e-06  9.546546742e-06  9.71083973e-06  5.499364079e-07  1.695727104e-06  2.9454
5460  8345.500147  2.180922346  1.926607488e-05  2.175858772e-06  9.569378222e-06  9.696696653e-06  5.324209181e-07  1.643437854e-06  2.9486
5461  8345.700447  2.212755873  1.922770437e-05  2.103486701e-06  9.534052799e-06  9.693651572e-06  5.130789843e-07  1.590407716e-06  2.9456
5462  8345.900086  2.244005646  1.918314769e-05  2.034045208e-06  9.509575746e-06  9.673571946e-06  4.977835523e-07  1.536261656e-06  2.9836
5463  8346.10032  2.275573397  1.914264806e-05  1.96667703e-06  9.486341476e-06  9.656306585e-06  4.809473038e-07  1.485729726e-06  3.0022
5464  8346.300315  2.306332336  1.911733621e-05  1.904583296e-06  9.524516996e-06  9.592819214e-06  4.670372775e-07  1.437546019e-06  2.989
5465  8346.500089  2.33784127  1.903877511e-05  1.837923543e-06  9.413892228e-06  9.624882881e-06  4.492473602e-07  1.388676182e-06  3.0212
5466  8346.700414  2.367419088  1.902911722e-05  1.783452697e-06  9.446050766e-06  9.58306645e-06  4.361632452e-07  1.347289452e-06  3.0538
5467  8346.900846  2.395889053  1.902528788e-05  1.73304501e-06  9.456911782e-06  9.568376099e-06  4.259533282e-07  1.307091681e-06  3.0202
5468  8347.100327  2.423782815  1.900274103e-05  1.683374515e-06  9.4213161e-06  9.581424934e-06  4.116790393e-07  1.271695476e-06  3.0256
5469  8347.300282  2.449044136  1.903278241e-05  1.643977724e-06  9.475205426e-06  9.557576981e-06  4.043869899e-07  1.239590734e-06  2.947
5470  8347.499976  2.472684352  1.903496168e-05  1.605753353e-06  9.457840295e-06  9.577121387e-06  3.94859567e-07  1.210893786e-06  3.0146
5471  8347.700123  2.49402756  1.904481587e-05  1.572658299e-06  9.481814114e-06  9.563001753e-06  3.86003776e-07  1.186654523e-06  2.945
5472  8347.900642  2.513294616  1.906103099e-05  1.543961279e-06  9.466508348e-06  9.59452264e-06  3.79221178e-07  1.164740101e-06  2.9668
5473  8348.099632  2.529507285  1.909940157e-05  1.522189438e-06  9.510600465e-06  9.588801109e-06  3.74677031e-07  1.147512407e-06  2.9356
5474  8348.300234  2.543631325  1.913628514e-05  1.503739421e-06  9.532733221e-06  9.603551916e-06  3.693904748e-07  1.134348947e-06  2.9616
5475  8348.500601  2.555306405  1.918726253e-05  1.490244564e-06  9.576253796e-06  9.61100873e-06  3.656094573e-07  1.124635107e-06  3.0114
5476  8348.700808  2.564916898  1.923244355e-05  1.479466756e-06  9.559569367e-06  9.672874182e-06  3.641899147e-07  1.115276841e-06  2.9866
5477  8348.900602  2.572676796  1.927607001e-05  1.471360724e-06  9.581831377e-06  9.694238628e-06  3.603576082e-07  1.111003115e-06  3.0348
5478  8349.099936  2.57810895  1.928690937e-05  1.464212632e-06  9.615581519e-06  9.671327856e-06  3.599061439e-07  1.104306488e-06  2.9848
5479  8349.300092  2.582595294  1.928565979e-05  1.457563943e-06  9.544707508e-06  9.740952282e-06  3.570356291e-07  1.100528314e-06  3.0772
5480  8349.500045  2.585305021  1.933866219e-05  1.457614643e-06  9.628200531e-06  9.710461661e-06  3.581566139e-07  1.099458029e-06  2.9808
5481  8349.699363  2.586759787  1.929364787e-05  1.45210776e-06  9.551510952e-06  9.742136914e-06  3.557407895e-07  1.09636697e-06  3.0326
5482  8349.900871  2.586910857  1.932117967e-05  1.453960233e-06  9.595993016e-06  9.725186653e-06  3.563244179e-07  1.097635815e-06  2.988
5483  8350.101315  2.58590083  1.933129372e-05  1.456191387e-06  9.584577798e-06  9.746715918e-06  3.590957565e-07  1.097095631e-06  2.9698
5484  8350.300427  2.584334458  1.930979166e-05  1.456851862e-06  9.571820951e-06  9.737970704e-06  3.546793207e-07  1.102172542e-06  2.9534
5485  8350.500801  2.581468211  1.931603479e-05  1.461505922e-06  9.610052937e-06  9.705981851e-06  3.599155822e-07  1.10159034e-06  2.9354
5486  8350.700366  2.578182808  1.929991201e-05  1.465091545e-06  9.565107842e-06  9.734804169e-06  3.59048603e-07  1.106042942e-06  2.9738
5487  8350.901134  2.573929762  1.931837182e-05  1.472743207e-06  9.598741999e-06  9.71962982e-06  3.610428941e-07  1.111700313e-06  2.9548
5488  8351.100759  2.569479915  1.931452998e-05  1.479017102e-06  9.587630843e-06  9.726899136e-06  3.636591025e-07  1.115357999e-06  2.9968
5489  8351.30052  2.564711446  1.930822887e-05  1.485601773e-06  9.556588536e-06  9.751640333e-06  3.625425661e-07  1.123059207e-06  2.985
5490  8351.501103  2.559198742  1.933733327e-05  1.496065784e-06  9.651308502e-06  9.686024773e-06  3.692042749e-07  1.126861509e-06  3.0186
5491  8351.700897  2.553972699  1.928738548e-05  1.50002021e-06  9.568687604e-06  9.718697876e-06  3.664436277e-07  1.133576582e-06  3.0048
5492  8351.900959  2.548296681  1.928967487e-05  1.508737625e-06  9.561496524e-06  9.728178347e-06  3.698729191e-07  1.138864706e-06  2.9848
5493  8352.100326  2.543123333  1.932454546e-05  1.519304615e-06  9.633045546e-06  9.69149991e-06  3.741732453e-07  1.14513137e-06  3.0044
5494  8352.299908  2.537674252  1.927892997e-05  1.52400012e-06  9.56242579e-06  9.716504179e-06  3.725893944e-07  1.151410725e-06  2.966
5495  8352.500427  2.533184202  1.926673093e-05  1.529889669e-06  9.584603486e-06  9.682127442e-06  3.760488106e-07  1.153840858e-06  2.9702
5496  8352.699959  2.528870344  1.92619759e-05  1.536124441e-06  9.58429375e-06  9.677682147e-06  3.77278808e-07  1.158845633e-06  2.9812
5497  8352.900188  2.524941387  1.923737575e-05  1.540202118e-06  9.560946312e-06  9.676429436e-06  3.778872962e-07  1.162314822e-06  2.932
5498  8353.100855  2.521950079  1.919445198e-05  1.541369334e-06  9.56708315e-06  9.627368831e-06  3.786589679e-07  1.162710366e-06  2.9772
5499  8353.300954  2.519649889  1.918768003e-05  1.544373798e-06  9.551994208e-06  9.635685826e-06  3.792093732e-07  1.165164425e-06  2.9548
5500  8353.500544  2.51847915  1.917517775e-05  1.545175455e-06  9.506210069e-06  9.668967683e-06  3.784492622e-07  1.166726193e-06  2.9494
5501  8353.699897  2.518704993  1.917032378e-05  1.544435473e-06  9.522076573e-06  9.648247209e-06  3.793460636e-07  1.165089409e-06  3.0042
5502  8353.900271  2.519806008  1.919645463e-05  1.544838848e-06  9.548214778e-06  9.648239853e-06  3.783633085e-07  1.166475539e-06  2.9816
5503  8354.100514  2.522153191  1.924018668e-05  1.544728175e-06  9.566941253e-06  9.673245428e-06  3.794841671e-07  1.165244008e-06  2.9844
5504  8354.300365  2.5258598  1.92497697e-05  1.539779612e-06  9.55354304e-06  9.696226659e-06  3.77653255e-07  1.162126357e-06  3.0108
5505  8354.500223  2.531200477  1.926178669e-05  1.532534179e-06  9.562295885e-06  9.699490801e-06  3.753460831e-07  1.157188096e-06  2.9836
5506  8354.70089  2.53717592  1.92753992e-05  1.52448052e-06  9.563198247e-06  9.712200953e-06  3.751215028e-07  1.149359017e-06  3.0272
5507  8354.90071  2.545086377  1.926199402e-05  1.511416901e-06  9.517979221e-06  9.744014804e-06  3.694588247e-07  1.141958076e-06  2.9704
5508  8355.101297  2.55331123  1.928034232e-05  1.500464631e-06  9.617133229e-06  9.663209092e-06  3.686881025e-07  1.131776529e-06  2.9572
5509  8355.299982  2.562970454  1.92908127e-05  1.486848089e-06  9.618185031e-06  9.672627673e-06  3.66217594e-07  1.120630495e-06  2.9832
5510  8355.499911  2.57365041  1.9257724e-05  1.468529878e-06  9.509172022e-06  9.748551982e-06  3.594259782e-07  1.1091039e-06  2.9696
5511  8355.70063  2.584237762  1.924179103e-05  1.45186185e-06  9.541867489e-06  9.699923538e-06  3.566149964e-07  1.095246854e-06  2.9908
5512  8355.899856  2.595402731  1.91739968e-05  1.430683492e-06  9.49747445e-06  9.67652235e-06  3.506009243e-07  1.080082568e-06  2.9474
5513  8356.100441  2.606384833  1.915503865e-05  1.413658412e-06  9.552685901e-06  9.602352746e-06  3.47458361e-07  1.066200051e-06  2.9732
5514  8356.300394  2.617384137  1.909938762e-05  1.39413219e-06  9.484514762e-06  9.614872853e-06  3.426663979e-07  1.051465792e-06  3.0108
5515  8356.500716  2.628705939  1.900762577e-05  1.3718145e-06  9.372434901e-06  9.635190869e-06  3.35620614e-07  1.036193886e-06  3.011
5516  8356.700129  2.638299401  1.901468338e-05  1.359221473e-06  9.459083519e-06  9.555599862e-06  3.349037235e-07  1.024317749e-06  2.9652
5517  8356.89984  2.64742138  1.900046383e-05  1.34587184e-06  9.448719969e-06  9.551743863e-06  3.30619875e-07  1.015251965e-06  3.0308
5518  8357.100632  2.655060727  1.897914861e-05  1.334131086e-06  9.43843674e-06  9.540711867e-06  3.282369794e-07  1.005894107e-06  2.9598
5519  8357.300618  2.662087302  1.902011781e-05  1.327649319e-06  9.44940201e-06  9.570715805e-06  3.268217479e-07  1.000827571e-06  2.9712
5520  8357.50021  2.666912914  1.910554727e-05  1.327192504e-06  9.506706147e-06  9.598841125e-06  3.259807127e-07  1.001211791e-06  2.9464
5521  8357.700624  2.670538918  1.916268024e-05  1.326343267e-06  9.53631674e-06  9.626363504e-06  3.260225238e-07  1.000320743e-06  2.9688
5522  8357.900252  2.67271001  1.920690038e-05  1.326520833e-06  9.523228972e-06  9.683671408e-06  3.260165724e-07  1.000504261e-06  2.9648
5523  8358.100122  2.673478716  1.92785457e-05  1.330445888e-06  9.613820739e-06  9.664724964e-06  3.278036602e-07  1.002642227e-06  2.9494
5524  8358.30065  2.672963471  1.926598637e-05  1.330264383e-06  9.581324302e-06  9.684662071e-06  3.267425872e-07  1.003521795e-06  2.9676
5525  8358.500608  2.671393182  1.924860023e-05  1.33115257e-06  9.53742119e-06  9.711179042e-06  3.266808959e-07  1.004471674e-06  2.9634
5526  8358.700413  2.668692366  1.92697053e-05  1.336216113e-06  9.581244351e-06  9.688460946e-06  3.280260092e-07  1.008190104e-06  2.9906
5527  8358.90061  2.665079903  1.928509701e-05  1.342123041e-06  9.592223919e-06  9.692873093e-06  3.303923219e-07  1.011730719e-06  3.016
5528  8359.10089  2.660973409  1.926089439e-05  1.34595451e-06  9.559015226e-06  9.701879165e-06  3.304166393e-07  1.015537871e-06  2.9738
5529  8359.300916  2.655835205  1.929379466e-05  1.355199016e-06  9.611419372e-06  9.682375292e-06  3.325026011e-07  1.022696415e-06  2.9922
5530  8359.500674  2.6507551  1.929642633e-05  1.362286877e-06  9.582450058e-06  9.713976273e-06  3.357042856e-07  1.026582592e-06  3.0198
5531  8359.701011  2.645079556  1.926028872e-05  1.367474818e-06  9.520862247e-06  9.739426478e-06  3.349254915e-07  1.032549327e-06  2.9832
5532  8359.900215  2.639670405  1.928646248e-05  1.376760146e-06  9.594179041e-06  9.692283438e-06  3.388389139e-07  1.037921232e-06  2.9742
5533  8360.100114  2.633977349  1.928166155e-05  1.384275802e-06  9.572837008e-06  9.708824543e-06  3.40199326e-07  1.044076476e-06  2.9688
5534  8360.300588  2.628379922  1.926853115e-05  1.391097958e-06  9.539615825e-06  9.728915328e-06  3.410872767e-07  1.050010681e-06  2.9494
5535  8360.500179  2.623064301  1.927723284e-05  1.399143764e-06  9.564244246e-06  9.712988589e-06  3.447232286e-07  1.054420535e-06  2.9768
5536  8360.700117  2.618092005  1.928535565e-05  1.406710539e-06  9.557354793e-06  9.728000854e-06  3.444037139e-07  1.062306825e-06  2.9538
5537  8360.900399  2.613095269  1.930595359e-05  1.415267071e-06  9.592101871e-06  9.713851723e-06  3.48421283e-07  1.066845788e-06  2.969
5538  8361.100847  2.60860619  1.927265506e-05  1.419182591e-06  9.54601537e-06  9.726639689e-06  3.484980265e-07  1.070684564e-06  2.9862
5539  8361.300647  2.604501162  1.926111438e-05  1.424167031e-06  9.541590226e-06  9.719524157e-06  3.490909777e-07  1.075076053e-06  2.947
5540  8361.500176  2.600308244  1.929679415e-05  1.43280023e-06  9.608963038e-06  9.687831113e-06  3.535099567e-07  1.079290273e-06  3.015
5541  8361.699847  2.596321054  1.928701962e-05  1.437795815e-06  9.592968596e-06  9.694051021e-06  3.519510862e-07  1.085844729e-06  2.9776
5542  8361.900243  2.592514165  1.927469433e-05  1.442357454e-06  9.55991297e-06  9.714781358e-06  3.545454525e-07  1.087812001e-06  2.9798
5543  8362.099829  2.588782949  1.930260809e-05  1.449845896e-06  9.585143484e-06  9.717464606e-06  3.571141857e-07  1.092731711e-06  3.006
5544  8362.29992  2.584725139  1.928791001e-05  1.454632566e-06  9.571039657e-06  9.716870357e-06  3.563485713e-07  1.098283995e-06  2.9862
5545  8362.501034  2.580973238  1.92827231e-05  1.459707803e-06  9.593635837e-06  9.689087268e-06  3.593873662e-07  1.100320437e-06  3.0186
5546  8362.700107  2.576545086  1.926618239e-05  1.46492825e-06  9.539199957e-06  9.726982437e-06  3.59657544e-07  1.105270706e-06  2.9766
5547  8362.90098  2.572131923  1.929983973e-05  1.473978001e-06  9.624610275e-06  9.675229454e-06  3.626067834e-07  1.111371218e-06  2.9842
5548  8363.100739  2.567122415  1.927227309e-05  1.479264524e-06  9.549409241e-06  9.722863846e-06  3.636966994e-07  1.115567824e-06  2.9762
5549  8363.300569  2.562050952  1.928929363e-05  1.488098687e-06  9.573620507e-06  9.715673121e-06  3.649269143e-07  1.123171772e-06  2.9572
5550  8363.500807  2.556422455  1.931083718e-05  1.498169448e-06  9.634079804e-06  9.676757374e-06  3.702571585e-07  1.127912289e-06  2.9586
5551  8363.70038  2.550652814  1.927149208e-05  1.503768206e-06  9.55147504e-06  9.720017041e-06  3.689735311e-07  1.134794675e-06  2.989
5552  8363.900499  2.544891468  1.928882308e-05  1.513817105e-06  9.604937171e-06  9.683885913e-06  3.714224207e-07  1.142394684e-06  2.9548
5553  8364.100101  2.538668068  1.92982392e-05  1.524011177e-06  9.600570858e-06  9.697668344e-06  3.757586895e-07  1.148252487e-06  2.981
5554  8364.299334  2.53235484  1.927512828e-05  1.531826378e-06  9.547896673e-06  9.727231608e-06  3.757767389e-07  1.156049639e-06  2.981
5555  8364.500542  2.526599624  1.928364217e-05  1.541348305e-06  9.588963485e-06  9.694678683e-06  3.793536274e-07  1.161994678e-06  2.9754
5556  8364.699946  2.520645105  1.929239219e-05  1.551257243e-06  9.577530593e-06  9.714861598e-06  3.810852736e-07  1.170171969e-06  3.008
5557  8364.900052  2.514676236  1.930828481e-05  1.561829722e-06  9.609127045e-06  9.699157766e-06  3.837985606e-07  1.178031161e-06  2.9588
5558  8365.100211  2.50916366  1.927641998e-05  1.567871436e-06  9.578188392e-06  9.698231593e-06  3.853121152e-07  1.182559321e-06  3.0128
5559  8365.300163  2.503892342  1.92587904e-05  1.574716504e-06  9.534112183e-06  9.72467822e-06  3.860703675e-07  1.188646136e-06  2.9624
5560  8365.500676  2.49934011  1.928167471e-05  1.583781018e-06  9.576971579e-06  9.704703133e-06  3.894166498e-07  1.194364369e-06  2.9822
5561  8365.699905  2.49511929  1.926085849e-05  1.58876294e-06  9.599593988e-06  9.6612645e-06  3.904506138e-07  1.198312327e-06  2.9742
5562  8365.900175  2.491015027  1.919813463e-05  1.590101884e-06  9.512696371e-06  9.685438256e-06  3.907901745e-07  1.19931171e-06  2.9558
5563  8366.10005  2.487686764  1.918310838e-05  1.594154268e-06  9.508465514e-06  9.674642862e-06  3.921257907e-07  1.202028477e-06  2.968
5564  8366.299895  2.484482072  1.919406614e-05  1.60018477e-06  9.546313358e-06  9.647752784e-06  3.928503258e-07  1.207334444e-06  2.9652
5565  8366.500626  2.481687309  1.914429071e-05  1.600501834e-06  9.495385167e-06  9.648905539e-06  3.937222901e-07  1.206779544e-06  2.97
5566  8366.700453  2.479383525  1.914380051e-05  1.60415222e-06  9.513999786e-06  9.629800726e-06  3.947087674e-07  1.209443453e-06  2.9904
5567  8366.900393  2.477221032  1.91570693e-05  1.608739204e-06  9.523902277e-06  9.633167023e-06  3.957961625e-07  1.212943042e-06  2.9728
5568  8367.100735  2.47534538  1.918278866e-05  1.613923341e-06  9.571446617e-06  9.611342046e-06  3.965166166e-07  1.217406725e-06  2.968
5569  8367.300267  2.47343708  1.920290705e-05  1.618702004e-06  9.523250017e-06  9.679657033e-06  3.984248223e-07  1.220277182e-06  3.0178
5570  8367.500178  2.471757886  1.925350695e-05  1.625694872e-06  9.560904211e-06  9.692602741e-06  3.997554909e-07  1.225939381e-06  2.942
5571  8367.699821  2.470153067  1.925687298e-05  1.628590584e-06  9.571574333e-06  9.685298647e-06  4.007767995e-07  1.227813784e-06  3.0034
5572  8367.900586  2.468857623  1.924468074e-05  1.629669241e-06  9.574066965e-06  9.670613779e-06  4.002295528e-07  1.229439688e-06  2.9458
5573  8368.099999  2.467552304  1.926874822e-05  1.633838602e-06  9.590417512e-06  9.678330713e-06  4.023206802e-07  1.231517921e-06  2.941
5574  8368.300197  2.466479226  1.927081581e-05  1.635768281e-06  9.564391705e-06  9.706424104e-06  4.023502254e-07  1.233418056e-06  2.9738
5575  8368.500677  2.465235508  1.924979323e-05  1.636017298e-06  9.572975029e-06  9.676818201e-06  4.012105263e-07  1.234806772e-06  2.951
5576  8368.700717  2.463836069  1.928183259e-05  1.641035209e-06  9.576247189e-06  9.705585402e-06  4.046113427e-07  1.236423866e-06  2.959
5577  8368.900438  2.463256093  1.927565304e-05  1.641461012e-06  9.554382917e-06  9.721270123e-06  4.022792868e-07  1.239181725e-06  2.9626
5578  8369.100235  2.462248468  1.928360849e-05  1.64379397e-06  9.651515935e-06  9.632092553e-06  4.062938046e-07  1.237500165e-06  2.9624
5579  8369.300375  2.461569581  1.925003001e-05  1.642046022e-06  9.547937809e-06  9.702092201e-06  4.029333968e-07  1.239112626e-06  3.0038
5580  8369.500451  2.46108808  1.926139406e-05  1.64380669e-06  9.542333535e-06  9.71906052e-06  4.035330706e-07  1.240273619e-06  2.957
5581  8369.700658  2.46066518  1.928779167e-05  1.646755782e-06  9.615119832e-06  9.672671836e-06  4.062957892e-07  1.240459993e-06  2.9808
5582  8369.899815  2.460509832  1.926681328e-05  1.645220248e-06  9.574132919e-06  9.692680359e-06  4.03973643e-07  1.241246605e-06  3.0028
5583  8370.101265  2.460524299  1.925745924e-05  1.644397704e-06  9.547801939e-06  9.7096573e-06  4.060202206e-07  1.238377483e-06  2.9772
5584  8370.30018  2.461108235  1.929074038e-05  1.646277985e-06  9.594074992e-06  9.696665386e-06  4.039928897e-07  1.242285095e-06  2.9786
5585  8370.500134  2.461461005  1.927365565e-05  1.644239828e-06  9.574141993e-06  9.699513659e-06  4.047970185e-07  1.239442809e-06  2.964
5586  8370.700441  2.462603741  1.924257343e-05  1.639713365e-06  9.533540894e-06  9.709032539e-06  4.023900973e-07  1.237323268e-06  2.939
5587  8370.900278  2.463842977  1.927591121e-05  1.640519918e-06  9.585524816e-06  9.69038639e-06  4.042016431e-07  1.236318275e-06  2.9576
5588  8371.10077  2.465424655  1.926172059e-05  1.636721379e-06  9.584033105e-06  9.677687485e-06  4.024738772e-07  1.234247502e-06  2.9472
5589  8371.300904  2.467250947  1.926856163e-05  1.634315218e-06  9.575830489e-06  9.692731139e-06  4.023657544e-07  1.231949463e-06  2.9342
5590  8371.500327  2.46957121  1.928285176e-05  1.631736819e-06  9.563570215e-06  9.719281549e-06  4.018976224e-07  1.229839197e-06  2.9822
5591  8371.700301  2.471967284  1.927439329e-05  1.627117685e-06  9.587728655e-06  9.686664633e-06  3.998589516e-07  1.227258734e-06  2.9616
5592  8371.900363  2.474737766  1.926143441e-05  1.62152508e-06  9.597091547e-06  9.664342867e-06  4.004973213e-07  1.221027758e-06  2.9816
5593  8372.099858  2.477838617  1.925143973e-05  1.615665963e-06  9.548834041e-06  9.702605693e-06  3.964605347e-07  1.219205428e-06  3.0044
5594  8372.301098  2.481086042  1.928775499e-05  1.613465574e-06  9.60749522e-06  9.680259769e-06  3.979667856e-07  1.215498788e-06  2.9748
5595  8372.500277  2.484700137  1.924502941e-05  1.60408368e-06  9.552187943e-06  9.692841462e-06  3.943176649e-07  1.209766015e-06  3.0182
5596  8372.700698  2.488843249  1.927096803e-05  1.59960459e-06  9.599283509e-06  9.671684524e-06  3.939929251e-07  1.205611665e-06  2.951
5597  8372.900405  2.493119363  1.92711859e-05  1.592797109e-06  9.547859089e-06  9.723326815e-06  3.930053968e-07  1.199791712e-06  2.9728
5598  8373.099917  2.497247501  1.927055956e-05  1.58618382e-06  9.590818444e-06  9.679741113e-06  3.896630865e-07  1.196520734e-06  2.939
5599  8373.299858  2.501867951  1.924204026e-05  1.576535206e-06  9.5410571e-06  9.700983163e-06  3.883815612e-07  1.188153645e-06  2.981
5600  8373.499853  2.506826767  1.926311435e-05  1.570454907e-06  9.589492202e-06  9.673622144e-06  3.868597189e-07  1.183595188e-06  2.9468
5601  8373.699656  2.51200386  1.925328054e-05  1.561547948e-06  9.567949074e-06  9.685331461e-06  3.846332654e-07  1.176914682e-06  2.9414
5602  8373.900427  2.517277617  1.925229463e-05  1.553254859e-06  9.574269364e-06  9.67802527e-06  3.819908541e-07  1.171264005e-06  2.967
5603  8374.101618  2.522788149  1.925533519e-05  1.544963099e-06  9.5505934e-06  9.704741791e-06  3.804673267e-07  1.164495773e-06  2.9764
5604  8374.301107  2.528574945  1.926919649e-05  1.537154284e-06  9.565866985e-06  9.703329504e-06  3.78902934e-07  1.15825135e-06  2.9482
5605  8374.500919  2.53445059  1.925350676e-05  1.526904714e-06  9.572568676e-06  9.680938081e-06  3.755319199e-07  1.151372794e-06  2.983
5606  8374.701251  2.540403033  1.925236673e-05  1.517753023e-06  9.570677272e-06  9.681689458e-06  3.74416133e-07  1.14333689e-06  2.9712
5607  8374.900744  2.546692577  1.925829522e-05  1.508701447e-06  9.556634269e-06  9.701660954e-06  3.711287449e-07  1.137572702e-06  2.967
5608  8375.10036  2.552943332  1.923940768e-05  1.4978299e-06  9.518935464e-06  9.720472214e-06  3.690264923e-07  1.128803407e-06  2.9722
5609  8375.299986  2.55900109  1.925247728e-05  1.489795187e-06  9.551737221e-06  9.700740061e-06  3.671464314e-07  1.122648756e-06  2.993
5610  8375.500838  2.56528753  1.9253318e-05  1.480523705e-06  9.55395513e-06  9.699362869e-06  3.640835499e-07  1.116440155e-06  2.9548
5611  8375.701084  2.571840752  1.927682789e-05  1.472649257e-06  9.604703913e-06  9.672123976e-06  3.640388996e-07  1.108610358e-06  2.937
5612  8375.900708  2.578431235  1.922556995e-05  1.459085582e-06  9.52931169e-06  9.696258258e-06  3.582497166e-07  1.100835865e-06  2.9226
5613  8376.099777  2.584735631  1.92631773e-05  1.452752062e-06  9.602870168e-06  9.660307137e-06  3.588212503e-07  1.093930811e-06  2.9624
5614  8376.300914  2.591829808  1.924704351e-05  1.441274306e-06  9.537171436e-06  9.709872077e-06  3.54728827e-07  1.086545479e-06  2.9762
5615  8376.500428  2.598629116  1.923189782e-05  1.43038141e-06  9.534203721e-06  9.697694095e-06  3.516152938e-07  1.078766117e-06  2.9312
5616  8376.70015  2.605362841  1.926030952e-05  1.422880924e-06  9.583385866e-06  9.676923656e-06  3.516852896e-07  1.071195635e-06  2.9728
5617  8376.899853  2.612493928  1.925142211e-05  1.412118425e-06  9.56055366e-06  9.690868454e-06  3.476274734e-07  1.064490952e-06  2.9786
5618  8377.100752  2.619340718  1.925739726e-05  1.402918265e-06  9.5876589e-06  9.669738363e-06  3.465723555e-07  1.056345909e-06  3.0068
5619  8377.300231  2.626580283  1.9236738e-05  1.391304235e-06  9.546787461e-06  9.689950541e-06  3.42108162e-07  1.049196073e-06  2.966
5620  8377.500742  2.633692754  1.922588697e-05  1.380664489e-06  9.525698949e-06  9.700188026e-06  3.403912765e-07  1.040273213e-06  3.0074
5621  8377.701018  2.64097117  1.925337976e-05  1.372611935e-06  9.577653388e-06  9.67572637e-06  3.392577612e-07  1.033354174e-06  2.9746
5622  8377.900808  2.648381832  1.922220093e-05  1.36027118e-06  9.538014513e-06  9.684186421e-06  3.347376019e-07  1.025533579e-06  2.9308
5623  8378.100372  2.655391922  1.927231661e-05  1.354290596e-06  9.640970892e-06  9.63134572e-06  3.351345159e-07  1.01915608e-06  2.9562
5624  8378.300321  2.662720167  1.923406841e-05  1.341734173e-06  9.508872794e-06  9.72519562e-06  3.30048505e-07  1.011685668e-06  2.978
5625  8378.50019  2.669655006  1.922332712e-05  1.331717536e-06  9.530630688e-06  9.692696437e-06  3.278153055e-07  1.00390223e-06  2.9804
5626  8378.700564  2.676849546  1.923289872e-05  1.322829155e-06  9.539315987e-06  9.693582732e-06  3.267947228e-07  9.960344318e-07  2.9536
5627  8378.900073  2.683558486  1.925566756e-05  1.315539635e-06  9.589775137e-06  9.665892428e-06  3.246697803e-07  9.908698549e-07  2.9802
5628  8379.101298  2.690527917  1.922388413e-05  1.304246598e-06  9.550688928e-06  9.673195206e-06  3.215203165e-07  9.827262814e-07  2.9752
5629  8379.300686  2.696833009  1.921847683e-05  1.29568452e-06  9.521995775e-06  9.696481052e-06  3.185946829e-07  9.770898371e-07  2.979
5630  8379.500467  2.703369615  1.926186032e-05  1.290148563e-06  9.571108247e-06  9.690752078e-06  3.189519847e-07  9.711965783e-07  2.9668
5631  8379.701352  2.709682448  1.923977887e-05  1.280560028e-06  9.534614897e-06  9.705163975e-06  3.161787425e-07  9.643812854e-07  2.9688
5632  8379.900917  2.715201631  1.921132384e-05  1.271628367e-06  9.543911831e-06  9.66741201e-06  3.127279153e-07  9.589004517e-07  2.9602
5633  8380.100806  2.72072471  1.925062119e-05  1.26721125e-06  9.619793021e-06  9.630828167e-06  3.133229395e-07  9.538883101e-07  2.984
5634  8380.300851  2.726263193  1.922390029e-05  1.258462979e-06  9.517498937e-06  9.706401349e-06  3.10503536e-07  9.479594429e-07  3.0058
5635  8380.500195  2.731016024  1.921210232e-05  1.251727235e-06  9.508453525e-06  9.703648799e-06  3.087891869e-07  9.429380485e-07  2.9468
5636  8380.700245  2.735724659  1.924003137e-05  1.247658278e-06  9.557971439e-06  9.682059932e-06  3.074794847e-07  9.401787938e-07  2.9596
5637  8380.900301  2.739558489  1.92516811e-05  1.243636685e-06  9.593302022e-06  9.658379079e-06  3.079166186e-07  9.357200661e-07  2.9548
5638  8381.101144  2.74324781  1.920990003e-05  1.236367893e-06  9.508731192e-06  9.701168839e-06  3.048415932e-07  9.315262999e-07  2.9638
5639  8381.300108  2.746430655  1.921751831e-05  1.232927743e-06  9.547327979e-06  9.670190326e-06  3.036957434e-07  9.292319993e-07  2.9498
5640  8381.50022  2.749018597  1.924009728e-05  1.231185965e-06  9.583184027e-06  9.656913252e-06  3.051676855e-07  9.260182794e-07  2.9454
5641  8381.700297  2.751372095  1.922579088e-05  1.227378455e-06  9.527979758e-06  9.69781112e-06  3.021661996e-07  9.252122557e-07  2.9362
5642  8381.900345  2.753038288  1.920894106e-05  1.224261203e-06  9.544551009e-06  9.664390047e-06  3.019541078e-07  9.223070953e-07  2.9498
5643  8382.099952  2.754136894  1.925758015e-05  1.226013518e-06  9.626626166e-06  9.630953985e-06  3.038396097e-07  9.221739079e-07  2.9718
5644  8382.300045  2.755171756  1.922325044e-05  1.222562116e-06  9.512081853e-06  9.711168591e-06  3.006386034e-07  9.219235122e-07  2.9714
5645  8382.500499  2.755280492  1.921687727e-05  1.222023908e-06  9.545293856e-06  9.671583416e-06  3.023466864e-07  9.196772215e-07  2.9756
5646  8382.700241  2.754986311  1.921062502e-05  1.221985753e-06  9.541769172e-06  9.668855844e-06  3.016637467e-07  9.203220058e-07  2.9632
5647  8382.900346  2.754285816  1.923319089e-05  1.224278466e-06  9.583203591e-06  9.649987302e-06  3.02494631e-07  9.217838352e-07  2.952
5648  8383.347271  2.750751142  1.921772557e-05  1.227625625e-06  9.548104706e-06  9.66962086e-06  3.031951741e-07  9.244304511e-07  10.3082
5649  8384.043493  2.741753695  1.921085553e-05  1.238278138e-06  9.538995197e-06  9.67186033e-06  3.055459209e-07  9.32732217e-07  10.3694
5650  8384.744641  2.727953911  1.922142744e-05  1.256175463e-06  9.562412042e-06  9.659015399e-06  3.104577065e-07  9.457177566e-07  10.399
5651  8385.449703  2.70981446  1.920193596e-05  1.277872577e-06  9.534461751e-06  9.667474212e-06  3.153708667e-07  9.625017101e-07  10.5616
5652  8386.160348  2.687733486  1.920991307e-05  1.306945801e-06  9.549241663e-06  9.660671405e-06  3.227923418e-07  9.84153459e-07  10.5764
5653  8386.876275  2.662735687  1.919809474e-05  1.33920393e-06  9.54582121e-06  9.652273534e-06  3.306019957e-07  1.008601934e-06  10.6208
5654  8387.595852  2.636224159  1.919288475e-05  1.374809897e-06  9.539882569e-06  9.653002177e-06  3.39503469e-07  1.035306428e-06  10.6884
5655  8388.321731  2.609684903  1.918742174e-05  1.411382956e-06  9.533757749e-06  9.653663988e-06  3.485515182e-07  1.062831438e-06  10.8098
5656  8389.050396  2.5845305  1.919215057e-05  1.447692444e-06  9.545761405e-06  9.646389168e-06  3.576120667e-07  1.090080378e-06  10.8186
5657  8389.784776  2.560993822  1.917956232e-05  1.481198309e-06  9.519469307e-06  9.660093015e-06  3.655061351e-07  1.115692174e-06  10.9272
5658  8390.524203  2.53947062  1.918343481e-05  1.513729565e-06  9.522015373e-06  9.661419433e-06  3.73637322e-07  1.140092243e-06  10.9712
5659  8391.267295  2.519647678  1.917684668e-05  1.543505258e-06  9.514841177e-06  9.662005503e-06  3.810857206e-07  1.162419537e-06  11.0566
5660  8392.018436  2.501543606  1.917395532e-05  1.571466497e-06  9.531592979e-06  9.642362337e-06  3.880818341e-07  1.183384663e-06  11.1028
5661  8392.77102  2.485653747  1.917448346e-05  1.5966803e-06  9.536524112e-06  9.637959345e-06  3.944217377e-07  1.202258562e-06  11.2142
5662  8393.528993  2.472053404  1.916370856e-05  1.617634517e-06  9.523028323e-06  9.64068024e-06  3.991957416e-07  1.218438775e-06  11.2948
5663  8394.293373  2.461526811  1.916279386e-05  1.634674609e-06  9.511576227e-06  9.651217633e-06  4.038938725e-07  1.230780737e-06  11.3724
5664  8395.060876  2.454144857  1.916347104e-05  1.646844545e-06  9.518061014e-06  9.645410025e-06  4.06652331e-07  1.240192214e-06  11.4046
5665  8395.832429  2.450043655  1.916033111e-05  1.653341511e-06  9.499910974e-06  9.660420137e-06  4.082714669e-07  1.245070044e-06  11.4738
5666  8396.610149  2.44872695  1.915883351e-05  1.655390512e-06  9.520728183e-06  9.638105332e-06  4.093323379e-07  1.246058174e-06  11.593
5667  8397.392178  2.449021924  1.915951218e-05  1.654960908e-06  9.526116507e-06  9.633395676e-06  4.088052497e-07  1.246155658e-06  11.6228
5668  8398.179769  2.44973703  1.916337448e-05  1.654111237e-06  9.529046951e-06  9.634327531e-06  4.090656387e-07  1.245045599e-06  11.677
5669  8398.97248  2.44969493  1.915384662e-05  1.653358433e-06  9.522755995e-06  9.631090628e-06  4.08742776e-07  1.244615657e-06  11.7104
5670  8399.767634  2.4483411  1.915164281e-05  1.655407825e-06  9.508372688e-06  9.643270122e-06  4.089617062e-07  1.246446119e-06  11.792
5671  8400.569005  2.44548196  1.915084402e-05  1.660078397e-06  9.510249979e-06  9.640594039e-06  4.107012825e-07  1.249377115e-06  11.8736
5672  8401.375805  2.441649563  1.915404049e-05  1.666730832e-06  9.514446845e-06  9.639593649e-06  4.118194802e-07  1.254911351e-06  12.029
5673  8402.186725  2.437696784  1.91550722e-05  1.67342222e-06  9.520950286e-06  9.634121909e-06  4.142888017e-07  1.259133419e-06  12.0358
5674  8403.002835  2.434235484  1.914939421e-05  1.678726713e-06  9.528965015e-06  9.620429194e-06  4.15530078e-07  1.263196635e-06  12.0404
5675  8403.82263  2.432422266  1.914649079e-05  1.681518382e-06  9.511650391e-06  9.634840395e-06  4.159152149e-07  1.265603167e-06  12.1162
5676  8404.646711  2.432591502  1.914508083e-05  1.681110026e-06  9.511719467e-06  9.633361367e-06  4.158813371e-07  1.265228689e-06  12.2306
5677  8405.47819  2.434745167  1.9143512e-05  1.677355914e-06  9.502795314e-06  9.64071669e-06  4.146881632e-07  1.262667751e-06  12.2598
5678  8406.313297  2.439445073  1.914507184e-05  1.669627027e-06  9.503741422e-06  9.641330421e-06  4.134291127e-07  1.256197915e-06  12.4094
5679  8407.152171  2.446149254  1.913642023e-05  1.657721524e-06  9.511634808e-06  9.624785425e-06  4.103649987e-07  1.247356525e-06  12.4234
5680  8407.996669  2.45398064  1.913778614e-05  1.64490737e-06  9.505024884e-06  9.632761257e-06  4.069791762e-07  1.237928193e-06  12.4382
5681  8408.844641  2.461736391  1.913707378e-05  1.632138468e-06  9.507585027e-06  9.629488751e-06  4.041251104e-07  1.228013358e-06  12.5624
5682  8409.700246  2.468412739  1.91388422e-05  1.621427856e-06  9.504145499e-06  9.634696698e-06  4.017993522e-07  1.219628504e-06  12.6656
5683  8410.559222  2.474009473  1.913499178e-05  1.61205412e-06  9.496214937e-06  9.638776847e-06  3.989420922e-07  1.213112028e-06  12.692
5684  8411.422482  2.478788816  1.912679735e-05  1.603680882e-06  9.499836376e-06  9.626960977e-06  3.970624835e-07  1.206618398e-06  12.846
5685  8412.290369  2.483813685  1.912989169e-05  1.595900951e-06  9.504615002e-06  9.625276685e-06  3.955987886e-07  1.200302163e-06  12.8376
5686  8413.163634  2.489985414  1.91272042e-05  1.585858992e-06  9.500358921e-06  9.62684528e-06  3.929280884e-07  1.192930904e-06  12.9244
5687  8414.040616  2.498050129  1.911918472e-05  1.572461362e-06  9.493649737e-06  9.625534987e-06  3.895094107e-07  1.182951951e-06  12.9654
5688  8414.923455  2.507982993  1.912780205e-05  1.557621361e-06  9.500398984e-06  9.627403069e-06  3.861687307e-07  1.17145263e-06  13.0244
5689  8415.811626  2.519518396  1.912905898e-05  1.539857986e-06  9.503178763e-06  9.625880214e-06  3.819269532e-07  1.157931033e-06  13.1418
5690  8416.704426  2.531770298  1.911365746e-05  1.519882199e-06  9.490787162e-06  9.622870293e-06  3.766478709e-07  1.143234328e-06  13.1442
5691  8417.600413  2.543788078  1.911884587e-05  1.502133551e-06  9.505165836e-06  9.613680031e-06  3.725241321e-07  1.129609419e-06  13.2712
5692  8418.503161  2.555079031  1.91162805e-05  1.485069129e-06  9.489385608e-06  9.626894895e-06  3.684394278e-07  1.116629702e-06  13.3808
5693  8419.409954  2.566034108  1.910892099e-05  1.468323371e-06  9.507184853e-06  9.60173614e-06  3.647341907e-07  1.10358918e-06  13.3038
5694  8420.320896  2.576812168  1.910587676e-05  1.452351262e-06  9.49018455e-06  9.615692207e-06  3.605706939e-07  1.091780568e-06  13.4368
5695  8421.236166  2.587976635  1.910329348e-05  1.436032523e-06  9.487237594e-06  9.616055887e-06  3.564598494e-07  1.079572674e-06  13.4776
5696  8422.157522  2.599655446  1.908886019e-05  1.418286543e-06  9.489279197e-06  9.599580993e-06  3.52244551e-07  1.066041992e-06  13.5786
5697  8423.083035  2.612734029  1.903460384e-05  1.395879313e-06  9.457159147e-06  9.577444696e-06  3.468333669e-07  1.049045946e-06  13.6298
5698  8424.0139  2.62728582  1.897075506e-05  1.371099217e-06  9.423317416e-06  9.547437643e-06  3.404604677e-07  1.030638749e-06  13.7432
5699  8424.948915  2.642994651  1.905475453e-05  1.355705525e-06  9.457551185e-06  9.597203343e-06  3.366351266e-07  1.019070398e-06  13.7596
5700  8425.887901  2.65940656  1.907300787e-05  1.334914941e-06  9.470798083e-06  9.602209789e-06  3.316906137e-07  1.003224327e-06  13.8446
5701  8426.834734  2.675945784  1.906855077e-05  1.312711227e-06  9.470479709e-06  9.598071063e-06  3.261757171e-07  9.865355098e-07  13.9316
5702  8427.783571  2.69177152  1.905960573e-05  1.291494006e-06  9.463891558e-06  9.595714168e-06  3.21047669e-07  9.704463367e-07  14.0286
5703  8428.73861  2.705828804  1.906831296e-05  1.27404789e-06  9.478310627e-06  9.590002332e-06  3.168817758e-07  9.571661137e-07  14.0668
5704  8429.697988  2.71778873  1.905819523e-05  1.25823315e-06  9.457363406e-06  9.600831828e-06  3.127889425e-07  9.45444208e-07  14.17
5705  8430.661008  2.726023169  1.905748756e-05  1.247868509e-06  9.463119102e-06  9.594368454e-06  3.103961641e-07  9.374723451e-07  14.1268
5706  8431.629611  2.729933486  1.904543177e-05  1.242212153e-06  9.459333463e-06  9.586098304e-06  3.089114397e-07  9.333007132e-07  14.2462
5707  8432.601424  2.729296467  1.904823146e-05  1.24318644e-06  9.467859112e-06  9.580372352e-06  3.093452945e-07  9.338411459e-07  14.3588
5708  8433.581066  2.723979967  1.90494937e-05  1.249896261e-06  9.467660497e-06  9.581833204e-06  3.11108545e-07  9.387877159e-07  14.3652
5709  8434.564524  2.714131398  1.90388205e-05  1.261559533e-06  9.466377795e-06  9.572442702e-06  3.140515208e-07  9.475080123e-07  14.4928
5710  8435.551581  2.700227349  1.904135352e-05  1.279393024e-06  9.456358307e-06  9.584995208e-06  3.184846726e-07  9.609083517e-07  14.5188
5711  8436.544377  2.683567908  1.90335783e-05  1.300354332e-06  9.456022859e-06  9.577555443e-06  3.236467683e-07  9.767075634e-07  14.551
5712  8437.542203  2.664915922  1.903903012e-05  1.325215604e-06  9.461369918e-06  9.5776602e-06  3.299161368e-07  9.952994676e-07  14.608
5713  8438.543259  2.645508694  1.90230727e-05  1.350053067e-06  9.451194009e-06  9.571878691e-06  3.360471683e-07  1.014005899e-06  14.7164
5714  8439.550879  2.625229396  1.902560684e-05  1.377894217e-06  9.459895468e-06  9.565711376e-06  3.431573127e-07  1.034736904e-06  14.7822
5715  8440.563202  2.604473233  1.901395843e-05  1.405931582e-06  9.446262141e-06  9.567696286e-06  3.497286325e-07  1.056202949e-06  14.8504
5716  8441.578485  2.583271003  1.901470655e-05  1.436115223e-06  9.442210686e-06  9.57249586e-06  3.576334427e-07  1.07848178e-06  14.8844
5717  8442.600202  2.561826147  1.901079054e-05  1.466942928e-06  9.447675073e-06  9.563115472e-06  3.653213929e-07  1.101621535e-06  14.9896
5718  8443.62568  2.541256088  1.901141094e-05  1.497479388e-06  9.435571988e-06  9.57583895e-06  3.726828031e-07  1.124796585e-06  15.106
5719  8444.656975  2.522959216  1.901113896e-05  1.525108954e-06  9.442689585e-06  9.568449376e-06  3.795416934e-07  1.145567261e-06  15.095
5720  8445.693008  2.507820357  1.901431437e-05  1.548631637e-06  9.43978369e-06  9.57453068e-06  3.854768972e-07  1.16315474e-06  15.2518
5721  8446.732704  2.495254988  1.900374949e-05  1.567342191e-06  9.433926699e-06  9.569822789e-06  3.900502581e-07  1.177291933e-06  15.2594
5722  8447.779742  2.483637881  1.901343752e-05  1.586464708e-06  9.453471434e-06  9.559966086e-06  3.952505797e-07  1.191214128e-06  15.2668
5723  8448.82822  2.471068571  1.900277517e-05  1.605630412e-06  9.437024632e-06  9.565750542e-06  3.999240591e-07  1.205706353e-06  15.451
5724  8449.883133  2.456215201  1.901142056e-05  1.630398853e-06  9.445475171e-06  9.565945389e-06  4.060873014e-07  1.224311552e-06  15.4216
5725  8450.942705  2.43842893  1.899168711e-05  1.657934306e-06  9.438625368e-06  9.553061741e-06  4.130993884e-07  1.244834917e-06  15.5326
5726  8452.006881  2.418469351  1.891465106e-05  1.684497768e-06  9.391315336e-06  9.523335722e-06  4.193927068e-07  1.265105062e-06  15.5676
5727  8453.07741  2.397619371  1.896982845e-05  1.725005726e-06  9.440374405e-06  9.529454045e-06  4.298824517e-07  1.295123274e-06  15.65
5728  8454.149816  2.376783429  1.898946604e-05  1.763148229e-06  9.427714561e-06  9.561751476e-06  4.392170937e-07  1.323931135e-06  15.6604
5729  8455.22975  2.357398652  1.899361824e-05  1.798052956e-06  9.439630729e-06  9.553987508e-06  4.479757955e-07  1.35007716e-06  15.7566
5730  8456.312635  2.340483516  1.898869846e-05  1.828252274e-06  9.436275604e-06  9.552422856e-06  4.556015933e-07  1.37265068e-06  15.8674
5731  8457.400261  2.327516567  1.898445149e-05  1.851699256e-06  9.428262486e-06  9.556189e-06  4.613387116e-07  1.390360544e-06  15.8972
5732  8458.494073  2.318975745  1.898219542e-05  1.86736008e-06  9.418366706e-06  9.563828713e-06  4.650946281e-07  1.402265452e-06  15.9112
5733  8459.591268  2.314920433  1.898001059e-05  1.874732378e-06  9.431869948e-06  9.54814064e-06  4.672523518e-07  1.407480026e-06  16.0814
5734  8460.692961  2.314965849  1.897586419e-05  1.8742377e-06  9.423897052e-06  9.551967134e-06  4.673976241e-07  1.406840076e-06  16.106
5735  8461.802034  2.318873578  1.896345276e-05  1.865706887e-06  9.414959953e-06  9.548492808e-06  4.649494169e-07  1.400757471e-06  16.23
5736  8462.913151  2.326120709  1.896681904e-05  1.852563541e-06  9.409737433e-06  9.55708161e-06  4.61997165e-07  1.390566376e-06  16.2666
5737  8464.031601  2.336414743  1.89597057e-05  1.832903335e-06  9.417955551e-06  9.541750144e-06  4.575383367e-07  1.375364998e-06  16.2962
5738  8465.152531  2.349019495  1.895624128e-05  1.809614315e-06  9.419875146e-06  9.536366129e-06  4.51652968e-07  1.357961347e-06  16.3486
5739  8466.27911  2.363382669  1.89533577e-05  1.783536932e-06  9.420650525e-06  9.53270717e-06  4.451323846e-07  1.338404548e-06  16.4458
5740  8467.410268  2.378822649  1.894349942e-05  1.755297197e-06  9.407224165e-06  9.536275259e-06  4.386195733e-07  1.316677624e-06  16.5528
5741  8468.54628  2.394709483  1.893644998e-05  1.72698852e-06  9.404889506e-06  9.531560473e-06  4.31429387e-07  1.295559133e-06  16.4906
5742  8469.687085  2.410473417  1.893287946e-05  1.699657308e-06  9.407399113e-06  9.525480342e-06  4.249401121e-07  1.274717196e-06  16.6276
5743  8470.833587  2.424993605  1.89239665e-05  1.674367668e-06  9.402237053e-06  9.521729451e-06  4.18710204e-07  1.255657464e-06  16.7264
5744  8471.984158  2.437829527  1.891678534e-05  1.652385686e-06  9.39115022e-06  9.525635118e-06  4.132097012e-07  1.239175985e-06  16.671
5745  8473.138451  2.447617098  1.891392735e-05  1.636044518e-06  9.384949728e-06  9.528977619e-06  4.090696111e-07  1.226974907e-06  16.825
5746  8474.297318  2.453667291  1.890223752e-05  1.625170952e-06  9.382405014e-06  9.519832508e-06  4.065652548e-07  1.218605697e-06  16.8644
5747  8475.461392  2.455988023  1.889808628e-05  1.621047652e-06  9.383763329e-06  9.514322948e-06  4.054009883e-07  1.215646663e-06  16.938
5748  8476.631559  2.454742014  1.889396874e-05  1.622715114e-06  9.385001712e-06  9.508967028e-06  4.062540919e-07  1.216461022e-06  16.9962
5749  8477.806213  2.450589559  1.88495458e-05  1.62563622e-06  9.348489633e-06  9.501056171e-06  4.070777115e-07  1.218558509e-06  17.1526
5750  8478.984157  2.445210048  1.86510796e-05  1.617196321e-06  9.248606438e-06  9.402473158e-06  4.047052689e-07  1.212491052e-06  17.1562
5751  8480.16885  2.439613178  1.872595387e-05  1.632801565e-06  9.309312555e-06  9.41664132e-06  4.095128429e-07  1.223288722e-06  17.1968
5752  8481.356163  2.435910071  1.878354482e-05  1.643899461e-06  9.329353464e-06  9.454191356e-06  4.117609953e-07  1.232138466e-06  17.3502
5753  8482.55115  2.436094123  1.863687374e-05  1.63076292e-06  9.255155792e-06  9.381717952e-06  4.08547055e-07  1.222215865e-06  17.2764
5754  8483.749311  2.441837183  1.882468409e-05  1.637763857e-06  9.347650351e-06  9.477033736e-06  4.104957077e-07  1.227268149e-06  17.4192
5755  8484.952159  2.454522484  1.886085268e-05  1.62022658e-06  9.372818303e-06  9.488034378e-06  4.061829979e-07  1.214043582e-06  17.4872
5756  8486.159917  2.474488624  1.886643403e-05  1.588667702e-06  9.369742357e-06  9.496691673e-06  3.986180696e-07  1.190049633e-06  17.527
5757  8487.371292  2.500772121  1.886314466e-05  1.547186128e-06  9.364734037e-06  9.498410623e-06  3.879942077e-07  1.15919192e-06  17.536
5758  8488.59047  2.530892783  1.886483966e-05  1.50141361e-06  9.364460617e-06  9.500379047e-06  3.767646705e-07  1.12464894e-06  17.6666
5759  8489.811441  2.561951053  1.886437809e-05  1.455463393e-06  9.373763182e-06  9.490614911e-06  3.654152207e-07  1.090048173e-06  17.729
5760  8491.039563  2.591043324  1.885629318e-05  1.413124754e-06  9.366584853e-06  9.489708323e-06  3.550565323e-07  1.058068222e-06  17.7242
5761  8492.269067  2.615754166  1.88548742e-05  1.378529419e-06  9.357668516e-06  9.497205683e-06  3.463893395e-07  1.032140079e-06  17.8808
5762  8493.507706  2.635208117  1.885079905e-05  1.351678544e-06  9.357577519e-06  9.493221529e-06  3.393893843e-07  1.012289159e-06  17.8508
5763  8494.747849  2.649207008  1.884813256e-05  1.332699831e-06  9.352764408e-06  9.495368152e-06  3.348828944e-07  9.978169361e-07  18.082
5764  8495.993443  2.658314438  1.884587645e-05  1.320459387e-06  9.359786657e-06  9.48608979e-06  3.318462356e-07  9.886131509e-07  18.0082
5765  8497.244932  2.66401328  1.885100369e-05  1.313312903e-06  9.36480663e-06  9.486197064e-06  3.302881889e-07  9.830247145e-07  18.2126
5766  8498.5  2.666851942  1.884777719e-05  1.309365992e-06  9.353460814e-06  9.494316377e-06  3.293309795e-07  9.800350123e-07  18.1086
5767  8499.76044  2.667729775  1.884251069e-05  1.307851545e-06  9.356532457e-06  9.485978234e-06  3.289289151e-07  9.789226298e-07  18.2606
5768  8501.026422  2.666213777  1.884268212e-05  1.309847666e-06  9.365182135e-06  9.477499987e-06  3.295947881e-07  9.80252878e-07  18.2848
5769  8502.295826  2.661584169  1.883885542e-05  1.315658559e-06  9.363097417e-06  9.475758004e-06  3.310907244e-07  9.845678345e-07  18.3534
5770  8503.569673  2.653066612  1.883561448e-05  1.326684341e-06  9.349951397e-06  9.485663084e-06  3.337882681e-07  9.928960728e-07  18.4212
5771  8504.848373  2.640080306  1.883354952e-05  1.343878078e-06  9.358176172e-06  9.475373344e-06  3.385179402e-07  1.005360137e-06  18.4616
5772  8506.134062  2.622470528  1.882772639e-05  1.367330178e-06  9.368336899e-06  9.459389489e-06  3.444312516e-07  1.022898926e-06  18.5178
5773  8507.422379  2.600430072  1.881531443e-05  1.396879839e-06  9.345908983e-06  9.469405447e-06  3.51748033e-07  1.045131806e-06  18.5922
5774  8508.716541  2.574356797  1.880525113e-05  1.433013185e-06  9.329192592e-06  9.476058539e-06  3.605585895e-07  1.072454595e-06  18.6818
5775  8510.015098  2.545015028  1.880151903e-05  1.475390408e-06  9.335057119e-06  9.466461908e-06  3.714958954e-07  1.103894513e-06  18.6914
5776  8511.319362  2.512262137  1.878641308e-05  1.523288924e-06  9.333202394e-06  9.453210689e-06  3.835587053e-07  1.139730219e-06  18.879
5777  8512.626769  2.476824365  1.877130868e-05  1.576969875e-06  9.322854809e-06  9.448453868e-06  3.972078217e-07  1.179762054e-06  18.8506
5778  8513.940739  2.438767226  1.876664394e-05  1.637734376e-06  9.306428334e-06  9.460215602e-06  4.122438814e-07  1.225490495e-06  19.0178
5779  8515.256354  2.399420973  1.87608546e-05  1.70293209e-06  9.317444298e-06  9.443410305e-06  4.287029142e-07  1.274229176e-06  18.98
5780  8516.579854  2.360069567  1.875488309e-05  1.77071706e-06  9.332074327e-06  9.422808766e-06  4.462417715e-07  1.324475289e-06  19.019
5781  8517.906979  2.322084919  1.874251762e-05  1.83805821e-06  9.298559643e-06  9.443957974e-06  4.6271992e-07  1.37533829e-06  19.0854
5782  8519.23859  2.287262272  1.874667066e-05  1.903613458e-06  9.312399055e-06  9.434271602e-06  4.795788976e-07  1.42403456e-06  19.2632
5783  8520.574005  2.257321961  1.873955263e-05  1.960725274e-06  9.310314757e-06  9.429237869e-06  4.939655868e-07  1.466759687e-06  19.169
5784  8521.919363  2.233600878  1.873240694e-05  2.007026228e-06  9.314083997e-06  9.418322947e-06  5.059030864e-07  1.501123141e-06  19.3078
5785  8523.263734  2.217861617  1.872381488e-05  2.037930066e-06  9.297077688e-06  9.426737189e-06  5.132736762e-07  1.52465639e-06  19.3562
5786  8524.613793  2.210371973  1.871770486e-05  2.052580716e-06  9.282947534e-06  9.434757321e-06  5.172883793e-07  1.535292336e-06  19.3718
5787  8525.969619  2.210954747  1.872040543e-05  2.051680844e-06  9.298951453e-06  9.42145398e-06  5.169529184e-07  1.534727926e-06  19.4692
5788  8527.332411  2.218784464  1.871530477e-05  2.035124836e-06  9.294493908e-06  9.42081086e-06  5.1349902e-07  1.521625816e-06  19.5784
5789  8528.697598  2.232813589  1.871323183e-05  2.006550882e-06  9.286939675e-06  9.426292153e-06  5.060525219e-07  1.50049836e-06  19.596
5790  8530.067579  2.251511212  1.871139936e-05  1.969188872e-06  9.280774275e-06  9.430625082e-06  4.966031009e-07  1.472585771e-06  19.7636
5791  8531.441436  2.272839334  1.871239852e-05  1.927737418e-06  9.295893921e-06  9.416504601e-06  4.868131701e-07  1.440924248e-06  19.78
5792  8532.822695  2.295388983  1.87110355e-05  1.884616779e-06  9.299369359e-06  9.411666137e-06  4.761414654e-07  1.408475314e-06  19.7748
5793  8534.206613  2.317478865  1.870732744e-05  1.843076938e-06  9.285404075e-06  9.421923369e-06  4.656433939e-07  1.377433544e-06  19.8614
5794  8535.597556  2.338094743  1.864131933e-05  1.799098746e-06  9.257711656e-06  9.383607677e-06  4.548129595e-07  1.344285787e-06  19.9238
5795  8536.990402  2.356859265  1.86704723e-05  1.768415573e-06  9.282979476e-06  9.387492823e-06  4.473233468e-07  1.321092226e-06  19.9776
5796  8538.388418  2.373064209  1.869400405e-05  1.742182477e-06  9.293202617e-06  9.400801433e-06  4.407927401e-07  1.301389737e-06  20.0532
5797  8539.793824  2.386648203  1.869008224e-05  1.718316133e-06  9.27483328e-06  9.415248956e-06  4.347103147e-07  1.283605818e-06  20.0518
5798  8541.20272  2.39683745  1.868643776e-05  1.700565014e-06  9.286484014e-06  9.399953746e-06  4.305748584e-07  1.269990156e-06  20.2088
5799  8542.613793  2.403439055  1.868160057e-05  1.688938216e-06  9.282996988e-06  9.398603581e-06  4.276604459e-07  1.261277771e-06  20.181
5800  8544.033535  2.406453041  1.86755275e-05  1.683308053e-06  9.26379112e-06  9.411736382e-06  4.260080314e-07  1.257300021e-06  20.2528
5801  8545.456711  2.406335412  1.867903474e-05  1.683822229e-06  9.274221315e-06  9.404813427e-06  4.26556125e-07  1.257266104e-06  20.3774
5802  8546.884319  2.403822254  1.867024343e-05  1.687264776e-06  9.276777359e-06  9.393466074e-06  4.27448642e-07  1.259816134e-06  20.509
5803  8548.315718  2.399841152  1.866689304e-05  1.69369135e-06  9.274816571e-06  9.392076473e-06  4.291424834e-07  1.264548866e-06  20.4888
5804  8549.75242  2.39520854  1.865985941e-05  1.700914626e-06  9.261292356e-06  9.398567055e-06  4.310729084e-07  1.269841717e-06  20.5106
5805  8551.195556  2.389932416  1.86532477e-05  1.709306708e-06  9.264232395e-06  9.389015309e-06  4.330539889e-07  1.276252719e-06  20.6028
5806  8552.641734  2.384577551  1.864493354e-05  1.7177184e-06  9.263490046e-06  9.381443491e-06  4.355540194e-07  1.28216438e-06  20.6868
5807  8554.095286  2.378875581  1.863917163e-05  1.727006886e-06  9.255226883e-06  9.383944747e-06  4.37949836e-07  1.28905705e-06  20.7206
5808  8555.550274  2.372249686  1.863551042e-05  1.738146363e-06  9.255209876e-06  9.380300547e-06  4.410381753e-07  1.297108188e-06  20.779
5809  8557.011373  2.364501227  1.86247937e-05  1.750659301e-06  9.254514409e-06  9.370279289e-06  4.442567289e-07  1.306402572e-06  20.8104
5810  8558.478143  2.355492629  1.861944224e-05  1.76599397e-06  9.244994934e-06  9.374447303e-06  4.478415575e-07  1.318152413e-06  20.8786
5811  8559.94693  2.346319381  1.86143724e-05  1.781783111e-06  9.235118784e-06  9.379253615e-06  4.520651879e-07  1.329717923e-06  20.9526
5812  8561.424352  2.338427505  1.859234235e-05  1.793774912e-06  9.228611265e-06  9.363731082e-06  4.553505119e-07  1.338424401e-06  20.964
5813  8562.903509  2.333395676  1.855287283e-05  1.79899643e-06  9.209095684e-06  9.34377715e-06  4.567007729e-07  1.342295657e-06  21.1354
5814  8564.38721  2.332901134  1.857633544e-05  1.802162528e-06  9.213619623e-06  9.362715813e-06  4.573677949e-07  1.344794733e-06  21.2382
5815  8565.877824  2.337982545  1.858131072e-05  1.793508451e-06  9.222717249e-06  9.358593467e-06  4.554692572e-07  1.338039194e-06  21.1644
5816  8567.371826  2.348653923  1.857974039e-05  1.774321041e-06  9.225293101e-06  9.354447289e-06  4.508660097e-07  1.323455031e-06  21.3024
5817  8568.873218  2.364244465  1.857500967e-05  1.746428153e-06  9.224215185e-06  9.350794484e-06  4.440236282e-07  1.302404525e-06  21.313
5818  8570.375356  2.382513286  1.856975306e-05  1.714327357e-06  9.218683025e-06  9.351070035e-06  4.359001024e-07  1.278427254e-06  21.4126
5819  8571.885883  2.401167503  1.85615144e-05  1.681897829e-06  9.218881915e-06  9.342632489e-06  4.277948076e-07  1.254103022e-06  21.4602
5820  8573.398432  2.418265077  1.855316029e-05  1.652641741e-06  9.214388788e-06  9.338771499e-06  4.20426764e-07  1.232214977e-06  21.437
5821  8574.916795  2.432678901  1.849114644e-05  1.623546811e-06  9.180829875e-06  9.310316564e-06  4.132408404e-07  1.21030597e-06  21.5736
5822  8576.439384  2.444583845  1.80945587e-05  1.569924335e-06  8.978153524e-06  9.116405174e-06  3.996361214e-07  1.170288213e-06  21.5704
5823  8577.969429  2.453851653  1.845500578e-05  1.58642649e-06  9.168392319e-06  9.286613456e-06  4.040982521e-07  1.182328238e-06  21.6864
5824  8579.501112  2.460801667  1.855943737e-05  1.584353988e-06  9.202147824e-06  9.357289544e-06  4.032938727e-07  1.181060116e-06  21.7534
5825  8581.039937  2.46540237  1.856125557e-05  1.577236088e-06  9.215694149e-06  9.345561424e-06  4.018001556e-07  1.175435933e-06  21.9038
5826  8582.580954  2.467331053  1.855321014e-05  1.573514692e-06  9.204868866e-06  9.348341279e-06  4.008885516e-07  1.17262614e-06  21.855
5827  8584.127555  2.466018299  1.855759443e-05  1.57595401e-06  9.213352051e-06  9.344242382e-06  4.017472055e-07  1.174206804e-06  21.9186
5828  8585.681873  2.461523547  1.854760761e-05  1.582201551e-06  9.207073161e-06  9.340534444e-06  4.033262521e-07  1.178875299e-06  22.0132
5829  8587.236857  2.453238018  1.85461928e-05  1.595243694e-06  9.21371987e-06  9.33247293e-06  4.067726456e-07  1.188471048e-06  22.005
5830  8588.798008  2.441255846  1.853336849e-05  1.613356778e-06  9.199944822e-06  9.333423665e-06  4.114695246e-07  1.201887253e-06  22.2054
5831  8590.365862  2.425399258  1.853497541e-05  1.639285133e-06  9.205289921e-06  9.329685489e-06  4.183625808e-07  1.220922552e-06  22.091
5832  8591.938301  2.406416587  1.852366904e-05  1.669681241e-06  9.200119617e-06  9.323549421e-06  4.260707472e-07  1.243610494e-06  22.1706
5833  8593.509579  2.385263262  1.85123459e-05  1.704334298e-06  9.189172696e-06  9.323173206e-06  4.348342416e-07  1.269500056e-06  22.2764
5834  8595.09506  2.362481334  1.85091832e-05  1.743310103e-06  9.185364501e-06  9.323818695e-06  4.446899017e-07  1.298620201e-06  22.315
5835  8596.676015  2.339521241  1.849433172e-05  1.782368416e-06  9.174189783e-06  9.320141942e-06  4.547242347e-07  1.327644181e-06  22.3728
5836  8598.266945  2.317064506  1.849135e-05  1.822553517e-06  9.176279208e-06  9.315070793e-06  4.651619784e-07  1.357391538e-06  22.5654
5837  8599.863977  2.295999884  1.84864271e-05  1.86085658e-06  9.179560738e-06  9.306866359e-06  4.751443704e-07  1.38571221e-06  22.5392
5838  8601.462602  2.277129603  1.847416068e-05  1.895046606e-06  9.165286553e-06  9.308874126e-06  4.835076258e-07  1.41153898e-06  22.5496
5839  8603.06793  2.261094099  1.846828086e-05  1.925066694e-06  9.167372752e-06  9.30090811e-06  4.91526343e-07  1.433540351e-06  22.6646
5840  8604.677456  2.24800099  1.846818336e-05  1.950427235e-06  9.176303299e-06  9.291880064e-06  4.98146717e-07  1.452280518e-06  22.724
5841  8606.291185  2.237959882  1.845867434e-05  1.969095955e-06  9.170303848e-06  9.288370489e-06  5.030242501e-07  1.466071705e-06  22.7504
5842  8607.90953  2.231084511  1.845328096e-05  1.982101554e-06  9.161582908e-06  9.291698047e-06  5.063686677e-07  1.475732887e-06  22.7454
5843  8609.533594  2.227228595  1.844900585e-05  1.989298155e-06  9.162709424e-06  9.286296425e-06  5.082970902e-07  1.481001065e-06  22.83
5844  8611.16056  2.225865736  1.844434703e-05  1.991508104e-06  9.155400122e-06  9.288946905e-06  5.089283094e-07  1.482579795e-06  22.916
5845  8612.79471  2.225966893  1.844056434e-05  1.990898268e-06  9.154379332e-06  9.286185004e-06  5.087428779e-07  1.48215539e-06  22.9926
5846  8614.433503  2.226435448  1.843510481e-05  1.989376493e-06  9.143973028e-06  9.291131782e-06  5.08563877e-07  1.480812616e-06  23.0482
5847  8616.074795  2.226528902  1.843704583e-05  1.989400027e-06  9.160614673e-06  9.276431156e-06  5.088905455e-07  1.480509481e-06  23.146
5848  8617.723615  2.226205032  1.843443811e-05  1.989762968e-06  9.153565664e-06  9.280872448e-06  5.088200356e-07  1.480942932e-06  23.1962
5849  8619.375712  2.22551727  1.843145601e-05  1.990809821e-06  9.152135557e-06  9.279320457e-06  5.092153093e-07  1.481594511e-06  23.2134
5850  8621.032493  2.22476437  1.842728373e-05  1.991858271e-06  9.151567159e-06  9.275716571e-06  5.099639287e-07  1.481894342e-06  23.3094
5851  8622.696708  2.223938204  1.84254117e-05  1.993302038e-06  9.158559147e-06  9.266852556e-06  5.102578968e-07  1.483044141e-06  23.3272
5852  8624.360678  2.222926392  1.841918243e-05  1.994645326e-06  9.14776927e-06  9.271413155e-06  5.107026692e-07  1.483942657e-06  23.3948
5853  8626.033106  2.221822065  1.841177287e-05  1.996046003e-06  9.143250609e-06  9.268522263e-06  5.111714585e-07  1.484874544e-06  23.3634
5854  8627.70918  2.221014489  1.841248675e-05  1.997736067e-06  9.150236041e-06  9.262250708e-06  5.119030448e-07  1.485833022e-06  23.5106
5855  8629.38767  2.220697009  1.840029309e-05  1.997046991e-06  9.131014828e-06  9.269278263e-06  5.116362849e-07  1.485410706e-06  23.5708
5856  8631.078274  2.221445788  1.839440131e-05  1.994913225e-06  9.127842149e-06  9.266559163e-06  5.110910208e-07  1.483822205e-06  23.5888
5857  8632.766842  2.22343842  1.838520434e-05  1.989946611e-06  9.13027849e-06  9.254925853e-06  5.101334612e-07  1.479813149e-06  23.7338
5858  8634.461963  2.226476606  1.837764626e-05  1.98309438e-06  9.12274535e-06  9.254900909e-06  5.085136957e-07  1.474580684e-06  23.7438
5859  8636.161878  2.230524614  1.836680894e-05  1.973918315e-06  9.106036092e-06  9.260772849e-06  5.05950248e-07  1.467968067e-06  23.8534
5860  8637.867171  2.234942048  1.836571255e-05  1.96510058e-06  9.127584946e-06  9.238127606e-06  5.044655554e-07  1.460635025e-06  23.833
5861  8639.578033  2.239497154  1.835540201e-05  1.955071499e-06  9.117301076e-06  9.238100938e-06  5.018222071e-07  1.453249292e-06  23.9562
5862  8641.292318  2.24385347  1.834986753e-05  1.945986187e-06  9.10717036e-06  9.242697173e-06  4.997206991e-07  1.446265488e-06  23.9124
5863  8643.010441  2.247793298  1.834065469e-05  1.937361248e-06  9.114213467e-06  9.226441224e-06  4.978237232e-07  1.439537525e-06  24.0014
5864  8644.733104  2.251088112  1.833328776e-05  1.930212883e-06  9.10233284e-06  9.230954919e-06  4.958353273e-07  1.434377556e-06  24.022
5865  8646.463167  2.253675636  1.832511727e-05  1.924366863e-06  9.096695731e-06  9.228421538e-06  4.946104246e-07  1.429756439e-06  24.2072
5866  8648.197605  2.255582794  1.831672998e-05  1.919821196e-06  9.095011912e-06  9.221718067e-06  4.936877855e-07  1.426133411e-06  24.0852
5867  8649.936053  2.257127806  1.830621546e-05  1.915756989e-06  9.086914251e-06  9.219301211e-06  4.925948503e-07  1.423162139e-06  24.289
5868  8651.677751  2.258188013  1.830217419e-05  1.913304493e-06  9.077561274e-06  9.22461292e-06  4.920470264e-07  1.421257467e-06  24.364
5869  8653.427713  2.25946325  1.829712387e-05  1.910338846e-06  9.084772863e-06  9.212351011e-06  4.913083838e-07  1.419030462e-06  24.4172
5870  8655.177593  2.260834938  1.829456951e-05  1.907453926e-06  9.091676683e-06  9.202892832e-06  4.910722547e-07  1.416381672e-06  24.376
5871  8656.935417  2.262578828  1.829168435e-05  1.903830142e-06  9.078361581e-06  9.213322765e-06  4.900001004e-07  1.413830041e-06  24.4768
5872  8658.698131  2.264762557  1.828683115e-05  1.899173201e-06  9.090566081e-06  9.196265069e-06  4.891403071e-07  1.410032894e-06  24.5392
5873  8660.465293  2.267261205  1.827914948e-05  1.893637972e-06  9.081565208e-06  9.19758427e-06  4.877560457e-07  1.405881927e-06  24.5642
5874  8662.234226  2.270230646  1.827236208e-05  1.887322208e-06  9.06882908e-06  9.203533001e-06  4.863220441e-07  1.401000164e-06  24.611
5875  8664.016073  2.2738926  1.826690823e-05  1.8798623e-06  9.080781254e-06  9.18612698e-06  4.846914386e-07  1.395170862e-06  24.7294
5876  8665.795302  2.277533254  1.826144454e-05  1.872470585e-06  9.073968648e-06  9.187475892e-06  4.82754132e-07  1.389716453e-06  24.7042
5877  8667.584134  2.280698678  1.825452108e-05  1.865845127e-06  9.056030898e-06  9.198490179e-06  4.809300429e-07  1.384915084e-06  24.7872
5878  8669.37206  2.282195323  1.825187709e-05  1.862784863e-06  9.064889255e-06  9.186987836e-06  4.804555433e-07  1.382329319e-06  24.9692
5879  8671.167594  2.281702696  1.824465912e-05  1.86296572e-06  9.05834786e-06  9.186311264e-06  4.806088684e-07  1.382356851e-06  24.9456
5880  8672.968725  2.278929693  1.824672604e-05  1.868350536e-06  9.061911338e-06  9.184814698e-06  4.822287727e-07  1.386121763e-06  24.9772
5881  8674.774674  2.274171583  1.82336731e-05  1.875918624e-06  9.062409277e-06  9.171263822e-06  4.840235994e-07  1.391895024e-06  25.0134
5882  8676.585841  2.267473596  1.823350646e-05  1.888508416e-06  9.069631168e-06  9.163875295e-06  4.878226209e-07  1.400685795e-06  25.1284
5883  8678.400344  2.259448822  1.821952252e-05  1.902264204e-06  9.046775616e-06  9.172746906e-06  4.911337436e-07  1.41113046e-06  25.1374
5884  8680.219045  2.250361199  1.821238407e-05  1.918877937e-06  9.057098188e-06  9.155285885e-06  4.959028041e-07  1.422975133e-06  25.1334
5885  8682.045118  2.240237792  1.819542701e-05  1.936597385e-06  9.032310312e-06  9.163116697e-06  5.000053051e-07  1.436592079e-06  25.2768
5886  8683.872811  2.22961861  1.818770348e-05  1.956441229e-06  9.027186558e-06  9.160516925e-06  5.052398306e-07  1.451201398e-06  25.208
5887  8685.706794  2.218721696  1.817935985e-05  1.976969626e-06  9.038724571e-06  9.140635278e-06  5.110686386e-07  1.465900988e-06  25.4246
5888  8687.544431  2.208434934  1.816192555e-05  1.995495651e-06  9.008561631e-06  9.153363921e-06  5.156696254e-07  1.479826026e-06  25.5226
5889  8689.38948  2.198960022  1.815554306e-05  2.013784716e-06  9.013484219e-06  9.142058841e-06  5.203358598e-07  1.493448856e-06  25.465
5890  8691.237491  2.191232845  1.81455999e-05  2.028294428e-06  9.015801064e-06  9.12979884e-06  5.244173397e-07  1.503877088e-06  25.517
5891  8693.093942  2.185552714  1.813573043e-05  2.038738707e-06  9.004067956e-06  9.131662477e-06  5.27279423e-07  1.511459284e-06  25.6448
5892  8694.947938  2.182073043  1.812407545e-05  2.044530435e-06  9.001116114e-06  9.122959335e-06  5.2904731e-07  1.515483125e-06  25.5746
5893  8696.810827  2.18032045  1.810751435e-05  2.046245314e-06  8.994281838e-06  9.113232515e-06  5.293301285e-07  1.516915185e-06  25.6566
5894  8698.678936  2.179756868  1.810065725e-05  2.04662354e-06  8.983188476e-06  9.117468775e-06  5.298812293e-07  1.516742311e-06  25.8192
5895  8700.553087  2.179656173  1.808542902e-05  2.045107621e-06  8.976510723e-06  9.108918294e-06  5.292834831e-07  1.515824138e-06  25.6866
5896  8702.427714  2.179017567  1.806780458e-05  2.044419804e-06  8.972710461e-06  9.095094118e-06  5.295348048e-07  1.514884999e-06  25.873
5897  8704.311223  2.177064806  1.80357355e-05  2.044780173e-06  8.942737763e-06  9.092997733e-06  5.292962943e-07  1.515483878e-06  25.9504
5898  8706.194525  2.173225947  1.798009074e-05  2.04631196e-06  8.925712017e-06  9.054378723e-06  5.302489628e-07  1.516062997e-06  26.0426
5899  8708.087694  2.167489608  1.767590122e-05  2.023265095e-06  8.780279891e-06  8.895621325e-06  5.238789644e-07  1.499386131e-06  25.9954
5900  8709.987279  2.159989826  1.57162557e-05  1.812497532e-06  7.803652194e-06  7.912603509e-06  4.693439601e-07  1.343153572e-06  26.1372
5901  8711.886434  2.149743973  1.774803403e-05  2.067894165e-06  8.811025866e-06  8.937008164e-06  5.362330699e-07  1.531661095e-06  26.0758
5902  8713.788729  2.139867506  1.808468288e-05  2.128032458e-06  8.979493136e-06  9.105189745e-06  5.520342942e-07  1.575998164e-06  26.151
5903  8715.702011  2.131128735  1.808660088e-05  2.146938012e-06  8.972454562e-06  9.114146319e-06  5.569566189e-07  1.589981393e-06  26.237
5904  8717.616801  2.124541437  1.807786239e-05  2.160083072e-06  8.978209116e-06  9.099653278e-06  5.606509725e-07  1.5994321e-06  26.273
5905  8719.535976  2.120540689  1.805871702e-05  2.166445522e-06  8.961054513e-06  9.097662504e-06  5.621558218e-07  1.6042897e-06  26.2648
5906  8721.461386  2.118503529  1.804594652e-05  2.169328258e-06  8.955385753e-06  9.090560766e-06  5.634000176e-07  1.60592824e-06  26.4464
5907  8723.390067  2.117444932  1.803250707e-05  2.170008631e-06  8.952355129e-06  9.080151945e-06  5.634688252e-07  1.606539806e-06  26.5282
5908  8725.325844  2.116601263  1.801635093e-05  2.169894323e-06  8.937349938e-06  9.079000997e-06  5.637776474e-07  1.606116676e-06  26.5216
5909  8727.264649  2.115415287  1.801256608e-05  2.172012904e-06  8.948628679e-06  9.063937403e-06  5.645296646e-07  1.607483239e-06  26.5582
5910  8729.208013  2.114095532  1.798883228e-05  2.172015642e-06  8.929453472e-06  9.059378805e-06  5.646042341e-07  1.607411408e-06  26.5958
5911  8731.156761  2.113054947  1.797827079e-05  2.173000439e-06  8.92640426e-06  9.051866535e-06  5.653214142e-07  1.607679025e-06  26.6726
5912  8733.110485  2.112686524  1.795441571e-05  2.170916787e-06  8.914581988e-06  9.039833718e-06  5.648148118e-07  1.606101975e-06  26.6732
5913  8735.070011  2.112518954  1.793447778e-05  2.168869446e-06  8.906464635e-06  9.028013142e-06  5.64600705e-07  1.604268741e-06  26.7748
5914  8737.032665  2.112597449  1.791109403e-05  2.165871565e-06  8.885918384e-06  9.02517565e-06  5.636158677e-07  1.602255697e-06  26.756
5915  8738.999365  2.112841211  1.788971062e-05  2.162758545e-06  8.876900233e-06  9.012810389e-06  5.629671046e-07  1.59979144e-06  26.8812
5916  8740.970748  2.113343857  1.786561177e-05  2.158759774e-06  8.858755274e-06  9.006856499e-06  5.621954388e-07  1.596564335e-06  27.0046
5917  8742.951033  2.114091981  1.783611056e-05  2.153583296e-06  8.848869668e-06  8.987240894e-06  5.609674687e-07  1.592615828e-06  27.02
5918  8744.932035  2.114995507  1.779936276e-05  2.14720533e-06  8.833473522e-06  8.965889242e-06  5.596374204e-07  1.58756791e-06  27.0302
5919  8746.920976  2.115894124  1.775464503e-05  2.139887056e-06  8.816123497e-06  8.938521537e-06  5.583167494e-07  1.581570307e-06  27.117
5920  8748.911011  2.116807288  1.767737393e-05  2.128629243e-06  8.778539069e-06  8.898834861e-06  5.554756059e-07  1.573153637e-06  27.125
5921  8750.908372  2.117709119  1.755719922e-05  2.112252597e-06  8.719686482e-06  8.837512741e-06  5.516096616e-07  1.560642935e-06  27.129
5922  8752.908928  2.118635821  1.730225754e-05  2.079653235e-06  8.603360348e-06  8.698897189e-06  5.440588962e-07  1.535594339e-06  27.2352
5923  8754.914837  2.119720424  1.641379312e-05  1.97072521e-06  8.207950256e-06  8.205842867e-06  5.188482681e-07  1.451876942e-06  27.2636
5924  8756.927452  2.120955441  1.522313909e-05  1.825513173e-06  7.568198719e-06  7.654940371e-06  4.805310846e-07  1.344982089e-06  27.334
5925  8758.940508  2.121201975  1.547040453e-05  1.854707199e-06  7.561414835e-06  7.908989699e-06  4.795759734e-07  1.375131225e-06  27.4798
5926  8760.960751  2.121451837  1.652995217e-05  1.981238554e-06  8.124959914e-06  8.40499226e-06  5.123955088e-07  1.468843046e-06  27.4486
5927  8762.987493  2.121575885  1.786230019e-05  2.140664881e-06  8.869449621e-06  8.992850573e-06  5.59849143e-07  1.580815738e-06  27.5216
5928  8765.01726  2.121900799  1.764547901e-05  2.113993482e-06  8.776033991e-06  8.869445015e-06  5.539159638e-07  1.560077518e-06  27.5686
5929  8767.04991  2.122220781  1.728623135e-05  2.070291726e-06  8.59464134e-06  8.691590005e-06  5.423612525e-07  1.527930474e-06  27.6016
5930  8769.091706  2.122700937  1.589357885e-05  1.902586441e-06  7.905153991e-06  7.988424862e-06  4.975135562e-07  1.405072885e-06  27.6258
5931  8771.137159  2.122856222  1.56868187e-05  1.877544046e-06  7.773417162e-06  7.913401533e-06  4.8993178e-07  1.387612266e-06  27.6848
5932  8773.184369  2.121817311  1.748314454e-05  2.094720091e-06  8.665334132e-06  8.817810408e-06  5.483495899e-07  1.546370501e-06  27.7394
5933  8775.240527  2.120891656  1.784248242e-05  2.139753447e-06  8.852536333e-06  8.98994609e-06  5.614599347e-07  1.578293512e-06  27.8132
5934  8777.297699  2.119384179  1.798845581e-05  2.160513726e-06  8.926536342e-06  9.06191947e-06  5.663256432e-07  1.594188083e-06  27.9544
5935  8779.361555  2.117054925  1.796553866e-05  2.162793081e-06  8.917213961e-06  9.048324703e-06  5.667885542e-07  1.596004526e-06  27.8892
5936  8781.429254  2.11376641  1.812306453e-05  2.188943484e-06  9.00159949e-06  9.121465035e-06  5.738191421e-07  1.615124342e-06  27.9808
5937  8783.504314  2.10961137  1.80924409e-05  2.194343363e-06  8.981112568e-06  9.111328329e-06  5.752401174e-07  1.619103246e-06  28.077
5938  8785.578377  2.104492175  1.807140496e-05  2.203040996e-06  8.978217982e-06  9.093186973e-06  5.779093786e-07  1.625131618e-06  27.9882
5939  8787.664165  2.098281113  1.804853899e-05  2.213961901e-06  8.966208912e-06  9.082330075e-06  5.808823137e-07  1.633079587e-06  28.1114
5940  8789.750144  2.091432499  1.803244196e-05  2.227188367e-06  8.949068852e-06  9.083373104e-06  5.843096789e-07  1.642878688e-06  28.144
5941  8791.84136  2.084399141  1.800955453e-05  2.240061417e-06  8.939302947e-06  9.070251587e-06  5.876425309e-07  1.652418886e-06  28.1794
5942  8793.939888  2.077520437  1.799523512e-05  2.253729884e-06  8.931896088e-06  9.063339031e-06  5.914517932e-07  1.662278091e-06  28.304
5943  8796.041022  2.071176125  1.791478773e-05  2.257934319e-06  8.888866077e-06  9.025921656e-06  5.927721413e-07  1.665162178e-06  28.4342
5944  8798.150278  2.065743315  1.77799828e-05  2.2531516e-06  8.825940198e-06  8.954042597e-06  5.915663689e-07  1.661585232e-06  28.3046
5945  8800.258373  2.061188165  1.796757139e-05  2.287318976e-06  8.91950179e-06  9.048069603e-06  6.007971513e-07  1.686521825e-06  28.5012
5946  8802.376414  2.05758499  1.795585573e-05  2.294078635e-06  8.917362903e-06  9.03849283e-06  6.027459125e-07  1.691332722e-06  28.4212
5947  8804.493655  2.054882926  1.794417076e-05  2.298788826e-06  8.912506572e-06  9.031664184e-06  6.043314879e-07  1.694457338e-06  28.4774
5948  8806.620318  2.052829428  1.793148404e-05  2.301885628e-06  8.911226243e-06  9.020257798e-06  6.052270256e-07  1.696658602e-06  28.56
5949  8808.749383  2.05133291  1.791614179e-05  2.303360566e-06  8.891834046e-06  9.024307744e-06  6.056826265e-07  1.697677939e-06  28.6004
5950  8810.888227  2.050042702  1.790182371e-05  2.30449114e-06  8.890573011e-06  9.011250696e-06  6.061770655e-07  1.698314074e-06  28.6878
5951  8813.029871  2.048840907  1.788466146e-05  2.30505039e-06  8.868913407e-06  9.015748053e-06  6.06192072e-07  1.698858318e-06  28.796
5952  8815.1718  2.047397703  1.787730255e-05  2.30742963e-06  8.873074805e-06  9.004227746e-06  6.070210133e-07  1.700408617e-06  28.7526
5953  8817.322243  2.04569423  1.786287823e-05  2.3094987e-06  8.872298216e-06  8.990580016e-06  6.079620174e-07  1.701536683e-06  28.8494
5954  8819.473173  2.043514981  1.785570598e-05  2.313607832e-06  8.860123246e-06  8.99558273e-06  6.091841845e-07  1.704423648e-06  28.868
5955  8821.63559  2.040815326  1.784622099e-05  2.318629899e-06  8.870982547e-06  8.975238441e-06  6.108146176e-07  1.707815281e-06  28.945
5956  8823.799622  2.037518218  1.783524793e-05  2.324856932e-06  8.858607188e-06  8.976640741e-06  6.127348083e-07  1.712122123e-06  28.9196
5957  8825.968991  2.033439287  1.781999579e-05  2.332362958e-06  8.847889784e-06  8.972106011e-06  6.145469279e-07  1.71781603e-06  29.033
5958  8828.14127  2.028811911  1.779595191e-05  2.340019119e-06  8.843772313e-06  8.9521796e-06  6.169392472e-07  1.723079872e-06  28.9846
5959  8830.320055  2.023834855  1.745396877e-05  2.30650226e-06  8.654005478e-06  8.799963288e-06  6.076539948e-07  1.698848265e-06  29.1732
5960  8832.502883  2.01870874  1.777509526e-05  2.361010241e-06  8.826870025e-06  8.948225237e-06  6.2265286e-07  1.738357381e-06  29.187
5961  8834.690422  2.014225849  1.780519538e-05  2.375634218e-06  8.836672475e-06  8.9685229e-06  6.266704153e-07  1.748963803e-06  29.2812
5962  8836.883331  2.010324351  1.779675338e-05  2.383790089e-06  8.835904648e-06  8.96084873e-06  6.289932337e-07  1.754796855e-06  29.2592
5963  8839.080199  2.00704955  1.779286659e-05  2.391086999e-06  8.85088105e-06  8.941985545e-06  6.314447017e-07  1.759642297e-06  29.283
5964  8841.281385  2.004072911  1.778170491e-05  2.396710575e-06  8.822160651e-06  8.959544257e-06  6.326475065e-07  1.764063069e-06  29.3628
5965  8843.489911  2.001191103  1.777825216e-05  2.403160673e-06  8.843995958e-06  8.934256201e-06  6.350256607e-07  1.768135012e-06  29.3796
5966  8845.69908  1.998224892  1.776681085e-05  2.408748374e-06  8.819872424e-06  8.946938426e-06  6.363334974e-07  1.772414877e-06  29.4062
5967  8847.91718  1.995085695  1.775480308e-05  2.414688712e-06  8.811634311e-06  8.943168771e-06  6.380082664e-07  1.776680445e-06  29.5048
5968  8850.136707  1.991860891  1.774170629e-05  2.420701234e-06  8.810978721e-06  8.930727568e-06  6.396215788e-07  1.781079655e-06  29.6224
5969  8852.365194  1.988725211  1.773651496e-05  2.427593157e-06  8.797715006e-06  8.938799959e-06  6.418070926e-07  1.785786065e-06  29.6262
5970  8854.59313  1.985991788  1.772352854e-05  2.432455559e-06  8.812329968e-06  8.911198576e-06  6.435303902e-07  1.788925168e-06  29.674
5971  8856.831219  1.983579071  1.770843786e-05  2.436255355e-06  8.788683214e-06  8.919754645e-06  6.442976664e-07  1.791957689e-06  29.6968
5972  8859.070666  1.981460283  1.75650889e-05  2.421659537e-06  8.730208571e-06  8.834880327e-06  6.411089866e-07  1.78055055e-06  29.7664
5973  8861.317401  1.979753826  1.76995782e-05  2.444368928e-06  8.797241773e-06  8.902336426e-06  6.468058579e-07  1.79756307e-06  29.7332
5974  8863.565816  1.978517147  1.768783119e-05  2.44576939e-06  8.781487281e-06  8.906343909e-06  6.470906726e-07  1.798678717e-06  29.823
5975  8865.818298  1.977700838  1.768107898e-05  2.446832291e-06  8.792462473e-06  8.888616506e-06  6.479843792e-07  1.798847912e-06  29.8284
5976  8868.078766  1.977287401  1.767136962e-05  2.446499907e-06  8.771705945e-06  8.899663679e-06  6.475668834e-07  1.798933023e-06  30.0134
5977  8870.343511  1.97711263  1.766388069e-05  2.44589054e-06  8.775972406e-06  8.887908285e-06  6.476494123e-07  1.798241128e-06  30.0144
5978  8872.613124  1.977102589  1.766019951e-05  2.445405368e-06  8.774605348e-06  8.885594165e-06  6.477080448e-07  1.797697323e-06  30.1172
5979  8874.88729  1.977194154  1.765446062e-05  2.444386872e-06  8.767565903e-06  8.886894715e-06  6.47640981e-07  1.796745891e-06  30.025
5980  8877.164886  1.97738359  1.764456525e-05  2.442554037e-06  8.77102229e-06  8.873542959e-06  6.473163965e-07  1.79523764e-06  30.1584
5981  8879.449049  1.977886736  1.763916193e-05  2.440577773e-06  8.758445469e-06  8.880716461e-06  6.470395877e-07  1.793538185e-06  30.1108
5982  8881.736863  1.978565792  1.762715393e-05  2.437260733e-06  8.762768053e-06  8.864385879e-06  6.46348103e-07  1.79091263e-06  30.2082
5983  8884.029272  1.979360983  1.761817258e-05  2.434082573e-06  8.744747992e-06  8.873424587e-06  6.455031787e-07  1.788579394e-06  30.2718
5984  8886.328571  1.980255759  1.761133629e-05  2.43096195e-06  8.740850053e-06  8.870486234e-06  6.446481715e-07  1.786313779e-06  30.2988
5985  8888.628264  1.980973767  1.760549136e-05  2.428410907e-06  8.745244842e-06  8.860246519e-06  6.444373469e-07  1.78397356e-06  30.4166
5986  8890.937045  1.981208361  1.759422473e-05  2.426287586e-06  8.735124283e-06  8.859100442e-06  6.43892379e-07  1.782395207e-06  30.473
5987  8893.249499  1.981054505  1.758686322e-05  2.425645587e-06  8.738178635e-06  8.84868459e-06  6.441123349e-07  1.781533252e-06  30.451
5988  8895.566743  1.980043968  1.757777324e-05  2.42684304e-06  8.723789326e-06  8.853983918e-06  6.443741455e-07  1.782468894e-06  30.4906
5989  8897.887488  1.978274244  1.75719412e-05  2.430335068e-06  8.732835888e-06  8.839105313e-06  6.459789654e-07  1.784356103e-06  30.5064
5990  8900.214164  1.975545412  1.755596709e-05  2.434760722e-06  8.71149703e-06  8.844470058e-06  6.466088729e-07  1.788151849e-06  30.595
5991  8902.544297  1.971807475  1.754969033e-05  2.443004976e-06  8.707109329e-06  8.842581001e-06  6.493955717e-07  1.793609405e-06  30.6074
5992  8904.880636  1.967182854  1.75371849e-05  2.452580226e-06  8.710914537e-06  8.82627036e-06  6.51938608e-07  1.800641618e-06  30.651
5993  8907.220433  1.961909845  1.752630345e-05  2.464017042e-06  8.684737976e-06  8.841565477e-06  6.547736473e-07  1.809243394e-06  30.8686
5994  8909.568035  1.956292708  1.751626427e-05  2.476477351e-06  8.69762482e-06  8.818639446e-06  6.586627858e-07  1.817814565e-06  30.7862
5995  8911.916761  1.950878927  1.751479564e-05  2.489712052e-06  8.690479576e-06  8.824316068e-06  6.62489975e-07  1.827222077e-06  30.838
5996  8914.273956  1.94574873  1.750831382e-05  2.50159146e-06  8.696400737e-06  8.81191308e-06  6.659127208e-07  1.835678739e-06  30.8908
5997  8916.632523  1.941138421  1.749941722e-05  2.511874175e-06  8.685395086e-06  8.814022138e-06  6.688678124e-07  1.843006362e-06  30.838
5998  8918.99885  1.93688917  1.749573523e-05  2.522039703e-06  8.681561378e-06  8.814173852e-06  6.718038928e-07  1.85023581e-06  31.0042
5999  8921.36821  1.933238023  1.748602829e-05  2.529860483e-06  8.679099279e-06  8.806929015e-06  6.73925663e-07  1.85593482e-06  30.9768
6000  8923.742183  1.929816817  1.747784883e-05  2.537343027e-06  8.660953798e-06  8.816895031e-06  6.760291555e-07  1.861313871e-06  31.0174
6001  8926.120217  1.926570842  1.746441275e-05  2.543635639e-06  8.667545423e-06  8.796867331e-06  6.781407522e-07  1.865494887e-06  31.1736
6002  8928.502002  1.923706209  1.745862592e-05  2.550087416e-06  8.652126799e-06  8.806499123e-06  6.79816594e-07  1.870270822e-06  31.1756
6003  8930.892949  1.920844802  1.745269632e-05  2.556526119e-06  8.661556839e-06  8.791139486e-06  6.823619454e-07  1.874164174e-06  31.2352
6004  8933.28655  1.918202314  1.744503099e-05  2.562164827e-06  8.656213697e-06  8.788817291e-06  6.839373661e-07  1.878227461e-06  31.218
6005  8935.683999  1.915681005  1.744109774e-05  2.568053851e-06  8.653526587e-06  8.78757115e-06  6.856077476e-07  1.882446103e-06  31.2122
6006  8938.086951  1.913324307  1.743169744e-05  2.572725734e-06  8.654641474e-06  8.777055967e-06  6.874569233e-07  1.885268811e-06  31.3582
6007  8940.495361  1.911050947  1.741929923e-05  2.576747116e-06  8.634087728e-06  8.785211501e-06  6.884432212e-07  1.888303895e-06  31.3174
6008  8942.910024  1.90866947  1.740994345e-05  2.58150364e-06  8.638468493e-06  8.771474958e-06  6.898292257e-07  1.891674414e-06  31.4768
6009  8945.325324  1.906263505  1.73985805e-05  2.586033198e-06  8.621206124e-06  8.777374377e-06  6.910178296e-07  1.895015368e-06  31.4778
6010  8947.746026  1.903772395  1.738983125e-05  2.591179635e-06  8.630587151e-06  8.759244102e-06  6.929325121e-07  1.898247123e-06  31.5626
6011  8950.174917  1.900990946  1.738871987e-05  2.598230838e-06  8.629301745e-06  8.759418123e-06  6.951233958e-07  1.903107442e-06  31.5382
6012  8952.604279  1.898326888  1.738103364e-05  2.604010359e-06  8.629362777e-06  8.751670859e-06  6.969777585e-07  1.907032601e-06  31.5914
6013  8955.042101  1.89560354  1.73732769e-05  2.609946377e-06  8.625401476e-06  8.747875428e-06  6.989493653e-07  1.910997012e-06  31.5754
6014  8957.481667  1.892920362  1.736674524e-05  2.615974857e-06  8.618476841e-06  8.748268397e-06  7.004465977e-07  1.915528259e-06  31.7108
6015  8959.928928  1.890225741  1.735639095e-05  2.621469535e-06  8.614398653e-06  8.741992293e-06  7.020661338e-07  1.919403402e-06  31.6586
6016  8962.379107  1.887394158  1.735027623e-05  2.627976792e-06  8.605476376e-06  8.744799853e-06  7.041011169e-07  1.923875675e-06  31.8492
6017  8964.835807  1.884484549  1.734095286e-05  2.634218023e-06  8.608451173e-06  8.732501689e-06  7.057796147e-07  1.928438409e-06  31.8386
6018  8967.292736  1.881290354  1.734005459e-05  2.642508791e-06  8.604793608e-06  8.735260978e-06  7.083844989e-07  1.934124292e-06  31.9004
6019  8969.760863  1.878021721  1.733228444e-05  2.649972319e-06  8.61089713e-06  8.721387308e-06  7.108946991e-07  1.939077619e-06  31.9122
6020  8972.227807  1.874703279  1.732319309e-05  2.657386086e-06  8.606461671e-06  8.716731415e-06  7.129762165e-07  1.94440987e-06  31.9024
6021  8974.704313  1.87167556  1.731163208e-05  2.663665256e-06  8.596119935e-06  8.71551214e-06  7.146024517e-07  1.949062804e-06  31.959
6022  8977.183096  1.868976821  1.729914615e-05  2.668937156e-06  8.592763927e-06  8.706382224e-06  7.165635222e-07  1.952373634e-06  32.0554
6023  8979.669678  1.86632875  1.728419273e-05  2.673700904e-06  8.576024302e-06  8.708168426e-06  7.174717664e-07  1.956229138e-06  32.0562
6024  8982.158531  1.86386862  1.726559208e-05  2.677402221e-06  8.574113459e-06  8.691478623e-06  7.186654465e-07  1.958736774e-06  32.2064
6025  8984.653413  1.86131988  1.722731944e-05  2.678284784e-06  8.543969298e-06  8.683350141e-06  7.183957556e-07  1.959889028e-06  32.1666
6026  8987.148607  1.85903571  1.720659122e-05  2.681179505e-06  8.546329978e-06  8.660261245e-06  7.198693153e-07  1.96131019e-06  32.26
6027  8989.654391  1.856989671  1.708716748e-05  2.66802386e-06  8.487294022e-06  8.599873462e-06  7.166047374e-07  1.951419123e-06  32.2278
6028  8992.160688  1.85502136  1.69358906e-05  2.649613326e-06  8.411580694e-06  8.524309908e-06  7.114199492e-07  1.938193377e-06  32.2428
6029  8994.673081  1.853174346  1.716600098e-05  2.690578952e-06  8.522355302e-06  8.643645674e-06  7.226262791e-07  1.967952673e-06  32.3122
6030  8997.190379  1.851286505  1.715172794e-05  2.693421769e-06  8.515197033e-06  8.636530905e-06  7.234428856e-07  1.969978884e-06  32.3934
6031  8999.713761  1.849387304  1.714537474e-05  2.697542408e-06  8.511664817e-06  8.633709925e-06  7.249285741e-07  1.972613834e-06  32.3914
6032  9002.240121  1.847521569  1.71342194e-05  2.700821617e-06  8.499920295e-06  8.634299106e-06  7.256776967e-07  1.975143921e-06  32.5212
6033  9004.770848  1.845653695  1.712729264e-05  2.704777238e-06  8.509113287e-06  8.618179354e-06  7.273332059e-07  1.977444032e-06  32.5552
6034  9007.307407  1.844214061  1.712566585e-05  2.708416656e-06  8.500578525e-06  8.625087325e-06  7.286232233e-07  1.979793433e-06  32.536
6035  9009.849226  1.842787736  1.711608237e-05  2.710764708e-06  8.508760194e-06  8.607322171e-06  7.296086118e-07  1.981156096e-06  32.624
6036  9012.397153  1.84145718  1.711263127e-05  2.713826636e-06  8.49503244e-06  8.617598827e-06  7.306373884e-07  1.983189248e-06  32.5744
6037  9014.949153  1.840253501  1.709983071e-05  2.715062742e-06  8.493777059e-06  8.606053652e-06  7.311841917e-07  1.983878551e-06  32.7126
6038  9017.504595  1.838877655  1.708512056e-05  2.716461968e-06  8.4752493e-06  8.609871258e-06  7.316771183e-07  1.98478485e-06  32.6556
6039  9020.064188  1.837338344  1.707807218e-05  2.719524279e-06  8.476248714e-06  8.601823463e-06  7.327606599e-07  1.986763619e-06  32.787
6040  9022.629228  1.835585964  1.706881771e-05  2.722817825e-06  8.466751108e-06  8.602066597e-06  7.338375264e-07  1.988980299e-06  32.8698
6041  9025.199792  1.833580482  1.705486985e-05  2.726054437e-06  8.466665489e-06  8.588204365e-06  7.350787612e-07  1.990975675e-06  32.8914
6042  9027.775818  1.831405021  1.7046988e-05  2.730728736e-06  8.464736846e-06  8.582251156e-06  7.36800738e-07  1.993927998e-06  32.8866
6043  9030.35486  1.829122941  1.703636893e-05  2.735262657e-06  8.456230077e-06  8.580138854e-06  7.381104133e-07  1.997152243e-06  32.8948
6044  9032.940978  1.826749182  1.70250716e-05  2.739945078e-06  8.455559291e-06  8.569512312e-06  7.398141364e-07  2.000130941e-06  32.942
6045  9035.527591  1.824270099  1.701843099e-05  2.745674689e-06  8.440393794e-06  8.578037193e-06  7.4132519e-07  2.004349499e-06  32.998
6046  9038.125429  1.821769958  1.698899178e-05  2.747786376e-06  8.429504519e-06  8.559487256e-06  7.422190054e-07  2.00556737e-06  33.0594
6047  9040.723419  1.81925278  1.691214582e-05  2.742251427e-06  8.386821111e-06  8.525324709e-06  7.408550253e-07  2.001396401e-06  33.158
6048  9043.32652  1.816645004  1.699776257e-05  2.763330674e-06  8.434677239e-06  8.563085331e-06  7.468721656e-07  2.016458508e-06  33.1742
6049  9045.934733  1.814013204  1.698764297e-05  2.768963303e-06  8.428432102e-06  8.559210868e-06  7.484314301e-07  2.020531873e-06  33.1892
6050  9048.547448  1.811185509  1.697973468e-05  2.775511475e-06  8.430813027e-06  8.548921649e-06  7.508027993e-07  2.024708676e-06  33.2062
6051  9051.165431  1.80812643  1.697377009e-05  2.783037026e-06  8.427758875e-06  8.546011214e-06  7.533450152e-07  2.029692011e-06  33.18
6052  9053.789824  1.805092628  1.696273604e-05  2.789678376e-06  8.415821718e-06  8.546914319e-06  7.547884956e-07  2.034889881e-06  33.3748
6053  9056.417317  1.801982227  1.695057364e-05  2.796362454e-06  8.409776549e-06  8.540797094e-06  7.569428843e-07  2.03941957e-06  33.2682
6054  9059.048681  1.799020108  1.694115773e-05  2.803099928e-06  8.400328807e-06  8.540828925e-06  7.587220718e-07  2.044377856e-06  33.4128
6055  9061.686726  1.796061657  1.693351319e-05  2.810136419e-06  8.404582465e-06  8.528930721e-06  7.611319186e-07  2.049004501e-06  33.5026
6056  9064.327532  1.793124544  1.692357561e-05  2.816748238e-06  8.398201311e-06  8.525374302e-06  7.629406557e-07  2.053807582e-06  33.469
6057  9066.974407  1.79025963  1.69147894e-05  2.823362983e-06  8.401307251e-06  8.513482151e-06  7.654661485e-07  2.057896835e-06  33.547
6058  9069.627064  1.787519839  1.690650277e-05  2.829722041e-06  8.393794213e-06  8.512708559e-06  7.673500086e-07  2.062372032e-06  33.4422
6059  9072.282087  1.784857662  1.689562535e-05  2.835439839e-06  8.392775417e-06  8.502849932e-06  7.69067942e-07  2.066371897e-06  33.593
6060  9074.941359  1.782257559  1.688066458e-05  2.840304601e-06  8.374917186e-06  8.505747392e-06  7.703408174e-07  2.069963784e-06  33.598
6061  9077.61162  1.779685446  1.68728074e-05  2.846294153e-06  8.371173454e-06  8.50163395e-06  7.721565555e-07  2.074137597e-06  33.694
6062  9080.279911  1.776996515  1.686025702e-05  2.851835102e-06  8.364785924e-06  8.495471099e-06  7.738517934e-07  2.077983308e-06  33.7454
6063  9082.954107  1.774175745  1.68610214e-05  2.860020484e-06  8.367389002e-06  8.493632398e-06  7.766182272e-07  2.083402256e-06  33.7954
6064  9085.63601  1.771207674  1.685286812e-05  2.867134741e-06  8.366581362e-06  8.486286754e-06  7.78751235e-07  2.088383506e-06  33.7878
6065  9088.32029  1.768432286  1.68427835e-05  2.873382765e-06  8.361014622e-06  8.481768875e-06  7.806383311e-07  2.092744434e-06  33.8816
6066  9091.014467  1.765628152  1.682195365e-05  2.877887871e-06  8.353598793e-06  8.468354862e-06  7.823664754e-07  2.095521396e-06  33.768
6067  9093.702494  1.763016579  1.679369999e-05  2.880567251e-06  8.330360983e-06  8.463339009e-06  7.829065768e-07  2.097660674e-06  33.8608
6068  9096.40397  1.760481872  1.681089117e-05  2.890834134e-06  8.338463725e-06  8.472427449e-06  7.858099855e-07  2.105024148e-06  33.9314
6069  9099.108151  1.757883721  1.680867468e-05  2.897972581e-06  8.337033758e-06  8.471640924e-06  7.881233293e-07  2.109849252e-06  34.0498
6070  9101.817731  1.755190069  1.679932928e-05  2.904173652e-06  8.336229835e-06  8.463099445e-06  7.899866251e-07  2.114187026e-06  34.075
6071  9104.529261  1.752433636  1.679120338e-05  2.910781218e-06  8.333141357e-06  8.458062019e-06  7.919448559e-07  2.118836362e-06  34.0476
6072  9107.246889  1.749627032  1.678562573e-05  2.91799249e-06  8.337025242e-06  8.448600489e-06  7.945955157e-07  2.123396975e-06  34.0602
6073  9109.971811  1.746821342  1.677721543e-05  2.924724825e-06  8.333594069e-06  8.443621363e-06  7.965549496e-07  2.128169875e-06  34.1572
6074  9112.700501  1.744081481  1.676531457e-05  2.930668819e-06  8.316234457e-06  8.449080117e-06  7.981806097e-07  2.132488209e-06  34.1808
6075  9115.433606  1.74133052  1.675026631e-05  2.936104308e-06  8.31762704e-06  8.43263927e-06  8.000519808e-07  2.136052327e-06  34.1734
6076  9118.172684  1.738600611  1.673857087e-05  2.942074892e-06  8.297588819e-06  8.440982054e-06  8.013941992e-07  2.140680693e-06  34.2932
6077  9120.911876  1.73583019  1.670206267e-05  2.943802269e-06  8.288990625e-06  8.413072041e-06  8.026078724e-07  2.141194396e-06  34.3416
6078  9123.656032  1.733177309  1.672696578e-05  2.956023124e-06  8.299559602e-06  8.427406178e-06  8.061249513e-07  2.149898173e-06  34.301
6079  9126.410811  1.730525925  1.671918795e-05  2.962492911e-06  8.302954525e-06  8.41623342e-06  8.08386705e-07  2.154106205e-06  34.4372
6080  9129.169183  1.728036061  1.670482262e-05  2.96732655e-06  8.286129625e-06  8.418692993e-06  8.096318641e-07  2.157694686e-06  34.3466
6081  9131.928667  1.725625494  1.67000402e-05  2.973636555e-06  8.290800206e-06  8.409239996e-06  8.120251574e-07  2.161611397e-06  34.458
6082  9134.693364  1.723338126  1.666577672e-05  2.974331156e-06  8.263363865e-06  8.402412854e-06  8.119060593e-07  2.162425097e-06  34.3742
6083  9137.466029  1.721246781  1.657776764e-05  2.964818206e-06  8.217713297e-06  8.36005434e-06  8.097122805e-07  2.155105926e-06  34.6246
6084  9140.242255  1.719252716  1.665031029e-05  2.983735792e-06  8.254883306e-06  8.395426984e-06  8.153240565e-07  2.168411735e-06  34.6434
6085  9143.024599  1.717358994  1.665569423e-05  2.990358141e-06  8.263476398e-06  8.39221783e-06  8.1747122e-07  2.172886921e-06  34.6158
6086  9145.809861  1.715505061  1.664703938e-05  2.994350434e-06  8.258122825e-06  8.38891656e-06  8.190095232e-07  2.175340911e-06  34.6432
6087  9148.597219  1.713723722  1.663956543e-05  2.998342382e-06  8.256049184e-06  8.383516245e-06  8.206694443e-07  2.177672937e-06  34.6032
6088  9151.393694  1.711757512  1.662849745e-05  3.00224525e-06  8.251888091e-06  8.376609357e-06  8.219630253e-07  2.180282225e-06  34.7252
6089  9154.193508  1.709818404  1.661765549e-05  3.006111281e-06  8.240978687e-06  8.376676803e-06  8.230715871e-07  2.183039694e-06  34.716
6090  9156.999889  1.707819259  1.660968006e-05  3.010681311e-06  8.236321794e-06  8.373358262e-06  8.248948086e-07  2.185786503e-06  34.8272
6091  9159.807777  1.705807979  1.660186386e-05  3.015323106e-06  8.232129386e-06  8.369734473e-06  8.262254065e-07  2.1890977e-06  34.881
6092  9162.619324  1.70366444  1.659672611e-05  3.020858354e-06  8.236134234e-06  8.360591881e-06  8.28437389e-07  2.192420965e-06  34.8346
6093  9165.437785  1.701459359  1.658642243e-05  3.025647372e-06  8.22235174e-06  8.364070689e-06  8.298929551e-07  2.195754417e-06  34.9612
6094  9168.262245  1.699012621  1.658259345e-05  3.032359221e-06  8.233455044e-06  8.349138405e-06  8.323071982e-07  2.200052023e-06  34.8664
6095  9171.092705  1.696531562  1.656920315e-05  3.037437336e-06  8.212128405e-06  8.357074745e-06  8.338708324e-07  2.203566504e-06  34.9916
6096  9173.923398  1.693933362  1.655685531e-05  3.043069994e-06  8.209297308e-06  8.347557999e-06  8.357302157e-07  2.207339778e-06  34.9356
6097  9176.765424  1.691283512  1.654665529e-05  3.049264677e-06  8.201773923e-06  8.344881365e-06  8.37400118e-07  2.211864559e-06  35.1398
6098  9179.605038  1.688621015  1.65354407e-05  3.055321988e-06  8.196762934e-06  8.338677766e-06  8.395347449e-07  2.215787243e-06  35.117
6099  9182.453432  1.686037841  1.650567969e-05  3.057711329e-06  8.18473347e-06  8.320946224e-06  8.409360572e-07  2.216775272e-06  35.143
6100  9185.304935  1.683552028  1.650189529e-05  3.06461887e-06  8.189848638e-06  8.31204665e-06  8.429937666e-07  2.221625103e-06  35.1646
6101  9188.162894  1.681171863  1.651120579e-05  3.07365506e-06  8.191124879e-06  8.320080915e-06  8.458616358e-07  2.227793424e-06  35.1434
6102  9191.023389  1.678861897  1.650103675e-05  3.078865901e-06  8.188571158e-06  8.312465595e-06  8.47712531e-07  2.23115337e-06  35.2254
6103  9193.89058  1.676603619  1.648936534e-05  3.083644045e-06  8.177980387e-06  8.311384949e-06  8.488403747e-07  2.234803671e-06  35.2196
6104  9196.760307  1.674264512  1.647866707e-05  3.088860111e-06  8.175387651e-06  8.303279415e-06  8.507802726e-07  2.238079839e-06  35.3086
6105  9199.637359  1.671942877  1.646911986e-05  3.094245904e-06  8.168067453e-06  8.301052406e-06  8.524658993e-07  2.241780005e-06  35.4486
6106  9202.518867  1.669602451  1.646341302e-05  3.100421518e-06  8.172405264e-06  8.291007759e-06  8.543982479e-07  2.24602327e-06  35.4006
6107  9205.407803  1.667154963  1.645516101e-05  3.106461212e-06  8.169482418e-06  8.285678593e-06  8.56716652e-07  2.24974456e-06  35.4164
6108  9208.294225  1.664690967  1.644218351e-05  3.111668978e-06  8.161330482e-06  8.280853028e-06  8.583249745e-07  2.253344003e-06  35.3858
6109  9211.191196  1.662153241  1.642850045e-05  3.116979482e-06  8.152934921e-06  8.275565526e-06  8.599905845e-07  2.256988898e-06  35.469
6110  9214.088853  1.659513058  1.628361195e-05  3.09765738e-06  8.084976233e-06  8.198635713e-06  8.561252909e-07  2.241532089e-06  35.4704
6111  9216.995625  1.656818307  1.628060167e-05  3.105441859e-06  8.068100781e-06  8.212500888e-06  8.569570367e-07  2.248484822e-06  35.6202
6112  9219.90365  1.654082117  1.641039105e-05  3.138775069e-06  8.13982229e-06  8.270568762e-06  8.664761698e-07  2.272298899e-06  35.6122
6113  9222.818622  1.651348323  1.64030674e-05  3.145962959e-06  8.142045569e-06  8.261021827e-06  8.690971308e-07  2.276865828e-06  35.6712
6114  9225.740589  1.648533973  1.639107733e-05  3.152523201e-06  8.139177235e-06  8.251900096e-06  8.709049599e-07  2.281618241e-06  35.6804
6115  9228.662228  1.645781111  1.637941415e-05  3.158964237e-06  8.129442779e-06  8.249971367e-06  8.730370711e-07  2.285927166e-06  35.6306
6116  9231.591621  1.642960784  1.637089844e-05  3.166239129e-06  8.126057016e-06  8.244841428e-06  8.757825738e-07  2.290456555e-06  35.7498
6117  9234.525981  1.640215606  1.635431053e-05  3.171725932e-06  8.11240174e-06  8.241908789e-06  8.770120481e-07  2.294713884e-06  35.6936
6118  9237.465509  1.637533706  1.631083672e-05  3.171789724e-06  8.090209164e-06  8.22062756e-06  8.771191698e-07  2.294670554e-06  35.907
6119  9240.407169  1.634884359  1.633774587e-05  3.185450646e-06  8.104976996e-06  8.232768876e-06  8.815115493e-07  2.303939097e-06  35.8388
6120  9243.35574  1.632181565  1.632939389e-05  3.192439075e-06  8.104472613e-06  8.224921281e-06  8.833916389e-07  2.309047436e-06  35.8902
6121  9246.307567  1.629551469  1.63253182e-05  3.200047643e-06  8.106398211e-06  8.218919992e-06  8.862485015e-07  2.313799141e-06  35.9232
6122  9249.265618  1.62690709  1.631533834e-05  3.206559572e-06  8.09913665e-06  8.216201693e-06  8.882065946e-07  2.318352977e-06  35.9092
6123  9252.22847  1.624215748  1.630660391e-05  3.213479885e-06  8.09053695e-06  8.216066961e-06  8.901048453e-07  2.323375039e-06  35.958
6124  9255.196408  1.621675751  1.629331667e-05  3.219027361e-06  8.083747883e-06  8.209568784e-06  8.919334995e-07  2.327093862e-06  35.9708
6125  9258.166514  1.619048621  1.627805798e-05  3.224472734e-06  8.071602721e-06  8.206455258e-06  8.936868612e-07  2.330785873e-06  36.0696
6126  9261.14104  1.616486188  1.627086699e-05  3.231317729e-06  8.074055058e-06  8.196811932e-06  8.95849064e-07  2.335468665e-06  36.1388
6127  9264.125659  1.613873097  1.626021895e-05  3.237652313e-06  8.069358852e-06  8.190860102e-06  8.979705811e-07  2.339681732e-06  36.1268
6128  9267.110572  1.611245543  1.616398649e-05  3.226958874e-06  8.022516261e-06  8.141470226e-06  8.955018664e-07  2.331457007e-06  36.1474
6129  9270.099815  1.608691253  1.618878102e-05  3.240174607e-06  8.035022494e-06  8.153758522e-06  8.995591656e-07  2.340615442e-06  36.1482
6130  9273.099144  1.606140146  1.623003643e-05  3.256729531e-06  8.055629817e-06  8.174406615e-06  9.043626189e-07  2.352366912e-06  36.2074
6131  9276.10092  1.603663169  1.622166261e-05  3.263121908e-06  8.045807053e-06  8.175855554e-06  9.062231348e-07  2.356898773e-06  36.1936
6132  9279.100433  1.601263468  1.621019167e-05  3.268648811e-06  8.04184803e-06  8.168343643e-06  9.07887839e-07  2.360760972e-06  36.3378
6133  9282.111389  1.5988258  1.620285722e-05  3.275143871e-06  8.035816208e-06  8.167041007e-06  9.098776459e-07  2.365266225e-06  36.353
6134  9285.12757  1.596340419  1.619842141e-05  3.282395118e-06  8.041932737e-06  8.156488673e-06  9.125722127e-07  2.369822905e-06  36.3536
6135  9288.146416  1.593884566  1.6190115e-05  3.288778781e-06  8.037776703e-06  8.152338301e-06  9.148479736e-07  2.373930808e-06  36.4166
6136  9291.172057  1.591547612  1.617729254e-05  3.29386271e-06  8.03213168e-06  8.145160861e-06  9.165440296e-07  2.37731868e-06  36.3482
6137  9294.200931  1.589220144  1.616311952e-05  3.298645501e-06  8.018103228e-06  8.145016295e-06  9.176097788e-07  2.381035723e-06  36.425
6138  9297.237623  1.586964521  1.615224442e-05  3.303869948e-06  8.015749255e-06  8.136495163e-06  9.194884827e-07  2.384381465e-06  36.4958
6139  9300.271289  1.584752655  1.614067846e-05  3.308814749e-06  8.003022251e-06  8.137656211e-06  9.210684813e-07  2.387746267e-06  36.5304
6140  9303.318651  1.582512738  1.613041425e-05  3.314125656e-06  8.002782219e-06  8.127632027e-06  9.228798397e-07  2.391245816e-06  36.6618
6141  9306.369396  1.580294561  1.61225318e-05  3.319862026e-06  7.999687158e-06  8.122844641e-06  9.24994383e-07  2.394867643e-06  36.5552
6142  9309.418281  1.578047867  1.610424717e-05  3.323555587e-06  7.997134475e-06  8.107112698e-06  9.267401663e-07  2.396815421e-06  36.591
6143  9312.478843  1.575817927  1.608468655e-05  3.326929301e-06  7.980420837e-06  8.104265713e-06  9.275260831e-07  2.399403218e-06  36.6002
6144  9315.537846  1.573498746  1.608734261e-05  3.335204655e-06  7.983403285e-06  8.103939326e-06  9.302139908e-07  2.404990664e-06  36.5912
6145  9318.606304  1.571195854  1.607637978e-05  3.340616084e-06  7.966944149e-06  8.109435631e-06  9.317739332e-07  2.408842151e-06  36.8134
6146  9321.679454  1.568768528  1.606521088e-05  3.346408198e-06  7.968117761e-06  8.097093117e-06  9.338263506e-07  2.412581848e-06  36.7772
6147  9324.754128  1.56648211  1.60567703e-05  3.35230603e-06  7.963134946e-06  8.093635356e-06  9.356619373e-07  2.416644092e-06  36.7704
6148  9327.837484  1.564067241  1.605288126e-05  3.359597281e-06  7.969677901e-06  8.083203354e-06  9.385130641e-07  2.421084217e-06  36.8422
6149  9330.924066  1.561651751  1.604575494e-05  3.366227139e-06  7.962461417e-06  8.083293521e-06  9.406301051e-07  2.425597034e-06  36.7866
6150  9334.014972  1.55926284  1.603557887e-05  3.372138434e-06  7.956759842e-06  8.078819026e-06  9.425104108e-07  2.429628023e-06  36.8512
6151  9337.111086  1.556873525  1.602478975e-05  3.377930883e-06  7.948000066e-06  8.07678968e-06  9.442489448e-07  2.433681938e-06  36.8516
6152  9340.212129  1.554445055  1.600618478e-05  3.382212706e-06  7.935473818e-06  8.070710965e-06  9.454374651e-07  2.43677524e-06  37.033
6153  9343.319113  1.55197491  1.600050009e-05  3.389373403e-06  7.933559882e-06  8.066940205e-06  9.479264955e-07  2.441446907e-06  37.004
6154  9346.427875  1.549542357  1.599331763e-05  3.396103109e-06  7.939351884e-06  8.053965748e-06  9.50463783e-07  2.445639326e-06  36.991
6155  9349.544693  1.547006178  1.598432966e-05  3.402813769e-06  7.936498196e-06  8.047831464e-06  9.52826905e-07  2.449986864e-06  37.0604
6156  9352.663391  1.544543895  1.597022644e-05  3.408193023e-06  7.925460103e-06  8.044766334e-06  9.544808487e-07  2.453712174e-06  36.9518
6157  9355.784592  1.542098961  1.595646375e-05  3.413591753e-06  7.916323413e-06  8.040140336e-06  9.562816522e-07  2.457310101e-06  37.0746
6158  9358.916935  1.539580235  1.594187763e-05  3.419072188e-06  7.904226606e-06  8.03765102e-06  9.579066999e-07  2.461165488e-06  37.1552
6159  9362.051822  1.537037834  1.592993952e-05  3.425209004e-06  7.899711517e-06  8.030228e-06  9.597489706e-07  2.465460034e-06  37.2006
6160  9365.189951  1.534510214  1.592725456e-05  3.433298809e-06  7.901699646e-06  8.025554914e-06  9.627637429e-07  2.470535066e-06  37.2466
6161  9368.337437  1.532025783  1.592174563e-05  3.440648742e-06  7.903786653e-06  8.01795898e-06  9.65378156e-07  2.475270586e-06  37.2276
6162  9371.484209  1.529484631  1.591214331e-05  3.447322756e-06  7.898828008e-06  8.013315297e-06  9.675681099e-07  2.479754646e-06  37.229
6163  9374.64252  1.527037943  1.590145288e-05  3.45344588e-06  7.89231631e-06  8.009136566e-06  9.694366916e-07  2.484009188e-06  37.2752
6164  9377.793911  1.524624628  1.58912487e-05  3.459568718e-06  7.882498131e-06  8.008750564e-06  9.713251324e-07  2.488243586e-06  37.208
6165  9380.958456  1.52227187  1.587826452e-05  3.46488448e-06  7.872588983e-06  8.005675535e-06  9.730619029e-07  2.491822577e-06  37.3808
6166  9384.125809  1.519845765  1.586646845e-05  3.47072052e-06  7.867568131e-06  7.998900323e-06  9.74984988e-07  2.495735532e-06  37.4684
6167  9387.298322  1.517403902  1.585346735e-05  3.476355014e-06  7.865526796e-06  7.987940559e-06  9.769756831e-07  2.499379331e-06  37.3276
6168  9390.473063  1.514766941  1.584558001e-05  3.483800016e-06  7.86318854e-06  7.982391473e-06  9.798664184e-07  2.503933598e-06  37.5108
6169  9393.660089  1.512185434  1.583119909e-05  3.489635134e-06  7.86011894e-06  7.971080151e-06  9.81725536e-07  2.507909598e-06  37.429
6170  9396.845771  1.509641156  1.581248787e-05  3.494390062e-06  7.841199271e-06  7.971288594e-06  9.830967766e-07  2.511293286e-06  37.4686
6171  9400.036687  1.507095323  1.569472174e-05  3.477206141e-06  7.783132075e-06  7.911589664e-06  9.785598596e-07  2.498646281e-06  37.4612
6172  9403.231939  1.504489293  1.579679431e-05  3.508953113e-06  7.832287956e-06  7.964506357e-06  9.87770257e-07  2.521182856e-06  37.6206
6173  9406.434814  1.501940813  1.578316191e-05  3.514871113e-06  7.828479174e-06  7.954682734e-06  9.899162911e-07  2.524954822e-06  37.6546
6174  9409.641297  1.499473021  1.568311991e-05  3.501221643e-06  7.782076102e-06  7.901043808e-06  9.869932992e-07  2.514228344e-06  37.5884
6175  9412.850322  1.496782847  1.574772997e-05  3.525116125e-06  7.81565428e-06  7.93207569e-06  9.938423137e-07  2.531273811e-06  37.6576
6176  9416.068549  1.494239367  1.577280381e-05  3.539720652e-06  7.827463588e-06  7.945340218e-06  9.97923796e-07  2.541796856e-06  37.6318
6177  9419.285905  1.491788525  1.57610577e-05  3.545764068e-06  7.818099112e-06  7.942958593e-06  1.000356492e-06  2.545407576e-06  37.6438
6178  9422.511959  1.489343334  1.574494406e-05  3.550810785e-06  7.805146692e-06  7.939797372e-06  1.001441459e-06  2.549369326e-06  37.7556
6179  9425.741694  1.486784394  1.572741178e-05  3.555944711e-06  7.797109717e-06  7.930302068e-06  1.003400214e-06  2.552544497e-06  37.816
6180  9428.97554  1.484230351  1.571905109e-05  3.563143179e-06  7.795254927e-06  7.923796162e-06  1.005874834e-06  2.557268344e-06  37.8414
6181  9432.220481  1.481628619  1.568175811e-05  3.563950119e-06  7.784297999e-06  7.897460111e-06  1.006626442e-06  2.557323678e-06  37.8532
6182  9435.461203  1.479076643  1.560498436e-05  3.555564108e-06  7.742423981e-06  7.862560375e-06  1.004686356e-06  2.550877752e-06  37.7624
6183  9438.710323  1.476446392  1.568718712e-05  3.583707504e-06  7.782716769e-06  7.904470348e-06  1.013235868e-06  2.570471636e-06  37.8902
6184  9441.964836  1.473916591  1.567128089e-05  3.589142096e-06  7.764888979e-06  7.906391915e-06  1.014313893e-06  2.574828203e-06  37.836
6185  9445.221169  1.47133841  1.565806463e-05  3.595372801e-06  7.76064378e-06  7.897420848e-06  1.016446328e-06  2.578926473e-06  37.9688
6186  9448.484546  1.468787544  1.565132682e-05  3.603004751e-06  7.757158818e-06  7.894168007e-06  1.019075552e-06  2.5839292e-06  38.051
6187  9451.753271  1.466191649  1.564501061e-05  3.610912125e-06  7.758160931e-06  7.88684968e-06  1.02186486e-06  2.589047264e-06  37.9764
6188  9455.025697  1.463652224  1.563633116e-05  3.618085081e-06  7.75810353e-06  7.87822763e-06  1.024512026e-06  2.593573055e-06  38.0392
6189  9458.306447  1.461171422  1.562074899e-05  3.62345747e-06  7.745364991e-06  7.875384002e-06  1.026154427e-06  2.597303043e-06  38.016
6190  9461.587794  1.458746973  1.56029605e-05  3.628116704e-06  7.739015009e-06  7.863945492e-06  1.027832507e-06  2.600284197e-06  38.0646
6191  9464.876624  1.456347193  1.547201256e-05  3.60631169e-06  7.665257645e-06  7.806754911e-06  1.021594262e-06  2.584717428e-06  38.0796
6192  9468.16746  1.453926775  1.552062206e-05  3.626408702e-06  7.693756261e-06  7.8268658e-06  1.02810538e-06  2.598303322e-06  38.237
6193  9471.464897  1.451557902  1.558594792e-05  3.650309038e-06  7.719561452e-06  7.866386472e-06  1.034646748e-06  2.615662291e-06  38.1732
6194  9474.766632  1.449182901  1.557446023e-05  3.656291954e-06  7.72945865e-06  7.84500158e-06  1.037659633e-06  2.618632321e-06  38.199
6195  9478.072197  1.446874127  1.555981319e-05  3.661296744e-06  7.714621742e-06  7.845191446e-06  1.039222465e-06  2.622074279e-06  38.1806
6196  9481.385113  1.444485876  1.554472043e-05  3.666491397e-06  7.709701392e-06  7.835019037e-06  1.041000385e-06  2.625491012e-06  38.2306
6197  9484.700462  1.442084495  1.552901717e-05  3.671593834e-06  7.693246871e-06  7.835770302e-06  1.042751892e-06  2.628841942e-06  38.2
6198  9488.019419  1.43967482  1.552083458e-05  3.678512534e-06  7.693392138e-06  7.827442437e-06  1.04494456e-06  2.633567974e-06  38.404
6199  9491.344438  1.437263847  1.551139793e-05  3.685150097e-06  7.680907758e-06  7.83049017e-06  1.047158389e-06  2.637991708e-06  38.371
6200  9494.679789  1.434800476  1.550192287e-05  3.691982574e-06  7.688127403e-06  7.813795467e-06  1.049822019e-06  2.642160555e-06  38.389
6201  9498.010451  1.432423781  1.549598924e-05  3.699351191e-06  7.680189818e-06  7.81579942e-06  1.052241809e-06  2.647109381e-06  38.3342
6202  9501.352782  1.429934583  1.548834482e-05  3.706741581e-06  7.681252556e-06  7.807092261e-06  1.055089332e-06  2.651652249e-06  38.3962
6203  9504.696144  1.427510454  1.547638786e-05  3.712869563e-06  7.6682727e-06  7.80811516e-06  1.056740884e-06  2.656128679e-06  38.3962
6204  9508.049591  1.425017494  1.54635582e-05  3.719051557e-06  7.661469674e-06  7.802088525e-06  1.058913041e-06  2.660138516e-06  38.5298
6205  9511.400328  1.422544242  1.545091374e-05  3.725212514e-06  7.654841889e-06  7.796071846e-06  1.061045799e-06  2.664166715e-06  38.5246
6206  9514.758105  1.420105172  1.544100262e-05  3.731914254e-06  7.654098733e-06  7.786903887e-06  1.063483047e-06  2.668431207e-06  38.5114
6207  9518.121132  1.417539604  1.541392582e-05  3.734940064e-06  7.646320298e-06  7.767605522e-06  1.065349228e-06  2.669590836e-06  38.5822
6208  9521.492195  1.415034602  1.539749012e-05  3.740315306e-06  7.637346837e-06  7.76014328e-06  1.06673634e-06  2.673578966e-06  38.5032
6209  9524.862141  1.412571277  1.539427789e-05  3.748758047e-06  7.631680827e-06  7.762597062e-06  1.069714335e-06  2.679043711e-06  38.5636
6210  9528.242195  1.410089363  1.528656426e-05  3.731778487e-06  7.572709957e-06  7.713854299e-06  1.064430207e-06  2.66734828e-06  38.6268
6211  9531.623065  1.40764551  1.535239425e-05  3.757019398e-06  7.609144411e-06  7.743249842e-06  1.072652014e-06  2.684367384e-06  38.7114
6212  9535.012358  1.405097564  1.537939789e-05  3.773229443e-06  7.618707963e-06  7.760689932e-06  1.07752736e-06  2.695702084e-06  38.7438
6213  9538.406116  1.402572801  1.535252256e-05  3.776157643e-06  7.618793004e-06  7.733729556e-06  1.07904721e-06  2.697110434e-06  38.7124
6214  9541.801728  1.400023869  1.535736478e-05  3.786989136e-06  7.611465553e-06  7.745899224e-06  1.082220952e-06  2.704768184e-06  38.668
6215  9545.203808  1.39752286  1.535131802e-05  3.794977475e-06  7.617027976e-06  7.734290049e-06  1.085310462e-06  2.709667013e-06  38.7752
6216  9548.612849  1.395006885  1.533539877e-05  3.800592276e-06  7.597206282e-06  7.738192493e-06  1.086695817e-06  2.713896459e-06  38.7598
6217  9552.024553  1.392484686  1.531899683e-05  3.806115042e-06  7.59132286e-06  7.727673973e-06  1.088623584e-06  2.717491457e-06  38.8332
6218  9555.438564  1.390012812  1.530170313e-05  3.811227539e-06  7.577295622e-06  7.72440751e-06  1.089885829e-06  2.721341709e-06  38.9016
6219  9558.859652  1.387509666  1.518874559e-05  3.792574462e-06  7.536450702e-06  7.652294892e-06  1.085722868e-06  2.706851593e-06  38.8476
6220  9562.2852  1.385010484  1.529077188e-05  3.827603991e-06  7.578107931e-06  7.712663951e-06  1.096025897e-06  2.731578095e-06  38.9118
6221  9565.720156  1.382481161  1.527600815e-05  3.833592458e-06  7.579865156e-06  7.696142998e-06  1.098503624e-06  2.735088834e-06  38.8696
