# EXAFS_metadata: Balder, v0.6.1, 2025/06/24
# sample: Ni foil 6 µm
# sample_environment: in air
# sample_preparation: clamped foil
# measured_by: Anna Freiberg
# analysis_note1: none
# facility: Max IV Laboratory, Lund, Sweden
# beamline: Balder
# filename: Ni_foil_EXAFS_61348_r1.dat
# masterfile: 20250622.h5
# detection_mode: transmission
# scan_mode: continuous
# scan_range: 8083.101..9565.720 eV
# scan_points_one_repeat: 2074
# scan_start_time: 2025-06-22 17:54:36.339666
# scan_end_time: 2025-06-22 17:55:43.256623
# scan_duration_all_repeats: 66.92 s
# scan_repeat: 1 of 3
# flux_on_sample: ~1.8e+12 ph/s
# beam_size_on_sample: ~70×70 µm²
# storage_ring_energy: 3 GeV
# storage_ring_energy_spread: 8.3e-4
# storage_ring_current: ~400 mA (10 min topup)
# storage_ring_emittance: ~310×5.5 pmrad²
# storage_ring_beta: 9.5×2.0 m²
# storage_ring_filling_mode: 176 bunches
# ID: IVW50
# ID_gap: 4.5 mm
# ID_taper: 0.15 mm
# ID_K: 8.5
# ID_E_critical: 10.6 keV
# monochromator: Si111 fixed-exit DCM
# lattice_spacing_used_in_calculations: 5.429434 Å
# lattice_spacing_ref: xrt.rtfd.io/raycing.html#xrt.backends.raycing.materials.CrystalSi
# temperature_of_crystals: 89 K
# distances: Source-DCM: 27.2 m, DCM-sample: 18.9 m
# encoder_on_Bragg_axis: resolution: 3.2e8 count/rev
# measurement_of_Bragg_axis: gate-averaged at each scan point
# energy_resolution: 2e-4 = 1.62 eV
# detuning_factor: 1 (at maximum)
# mirrors: pre-mono VCM + post-mono ULE glass toroidal VFM, both ~2.5 mrad
# filters: at pre-VCM: 1 filter: 60 µm diamond
# detector_I0: split-electrode IC (40cm): 1 bar N2, 2.5 kV
# detector_It: split-electrode IC (40cm): 2.1 bar N2, 2.5 kV
# column_0: pointInd: continuous zero-based point index throughout all repeats
# column_1: energy: averaged energy (eV) within the gate duration
# column_2: mud_tr: transmission-detected µd = log(I0/Itr)
# column_3: I0: incident intensity as current (A), = I0t+I0b
# column_4: Itr: transmitted intensity as current (A), = Itrl+Itrr
# column_5: I0t: I0 top channel (A), must be summed with bottom
# column_6: I0b: I0 bottom channel (A), must be summed with top
# column_7: Itrl: Itr left channel (A), must be summed with right
# column_8: Itrr: Itr right channel (A), must be summed with left
# column_9: inttime: integration time (ms)
#L pointInd energy mud_tr I0 Itr I0t I0b Itrl Itrr inttime
0  8083.100799  0.746528108  2.02501657e-05  9.59876907e-06  1.012180168e-05  1.012836403e-05  2.171054132e-06  7.427714938e-06  3.2074
1  8083.300391  0.7463916829  2.024671522e-05  9.598442887e-06  1.011123776e-05  1.013547746e-05  2.181819612e-06  7.416623275e-06  3.2062
2  8083.500827  0.7462672065  2.024334951e-05  9.598041946e-06  1.009077033e-05  1.015257917e-05  2.169951975e-06  7.428089972e-06  3.1964
3  8083.700559  0.7462140832  2.025787068e-05  9.605437173e-06  1.016094428e-05  1.00969264e-05  2.183144699e-06  7.422292474e-06  3.2046
4  8083.901137  0.7459977993  2.024199108e-05  9.599983827e-06  1.012145528e-05  1.01205358e-05  2.177549758e-06  7.422434069e-06  3.1814
5  8084.10086  0.7458840862  2.026560009e-05  9.612273633e-06  1.01340723e-05  1.013152778e-05  2.185398161e-06  7.426875472e-06  3.202
6  8084.300506  0.7457498783  2.024020669e-05  9.601517683e-06  1.011581841e-05  1.012438828e-05  2.173288213e-06  7.42822947e-06  3.1794
7  8084.500823  0.7455027431  2.022387147e-05  9.596139857e-06  1.011161145e-05  1.011226001e-05  2.175568861e-06  7.420570996e-06  3.1868
8  8084.699972  0.7454824312  2.025090616e-05  9.609162879e-06  1.014917929e-05  1.010172686e-05  2.18589182e-06  7.423271059e-06  3.1754
9  8084.900256  0.7451747003  2.023319327e-05  9.603712925e-06  1.012457207e-05  1.01086212e-05  2.173562042e-06  7.430150882e-06  3.2284
10  8085.100675  0.7451356654  2.022426753e-05  9.599851032e-06  1.009591982e-05  1.012834771e-05  2.180970717e-06  7.418880315e-06  3.2266
11  8085.300578  0.7450447684  2.022131432e-05  9.599321741e-06  1.004339684e-05  1.017791748e-05  2.173461734e-06  7.425860007e-06  3.1772
12  8085.499351  0.7448553922  2.024825706e-05  9.613932288e-06  1.01418817e-05  1.010637535e-05  2.184685311e-06  7.429246977e-06  3.214
13  8085.700906  0.7447314781  2.021272246e-05  9.598249643e-06  1.007114248e-05  1.014157999e-05  2.174940365e-06  7.423309278e-06  3.1638
14  8085.900365  0.7445699257  2.022747046e-05  9.606804779e-06  1.009003438e-05  1.013743608e-05  2.178327382e-06  7.428477398e-06  3.1464
15  8086.099809  0.7443831866  2.022668419e-05  9.608225413e-06  1.007518024e-05  1.015150395e-05  2.17597039e-06  7.432255023e-06  3.2044
16  8086.299458  0.7442378775  2.023132682e-05  9.611827374e-06  1.012289286e-05  1.010843396e-05  2.182156265e-06  7.429671109e-06  3.2024
17  8086.500763  0.7441421427  2.02200659e-05  9.607397071e-06  1.005418929e-05  1.016587661e-05  2.177879405e-06  7.429517666e-06  3.2054
18  8086.70042  0.7440291044  2.023824375e-05  9.617121167e-06  1.00826969e-05  1.015554685e-05  2.182303581e-06  7.434817586e-06  3.191
19  8086.900594  0.7438266611  2.021027626e-05  9.605775573e-06  1.005716697e-05  1.015310929e-05  2.176896873e-06  7.428878701e-06  3.1958
20  8087.100957  0.7436651314  2.022545872e-05  9.614544577e-06  1.0085358e-05  1.014010071e-05  2.176934131e-06  7.437610446e-06  3.1724
21  8087.300604  0.7435536713  2.021448691e-05  9.610400042e-06  1.002631661e-05  1.018817031e-05  2.184079568e-06  7.426320474e-06  3.177
22  8087.500236  0.7434964145  2.020986772e-05  9.608754129e-06  1.006869333e-05  1.014117439e-05  2.169744065e-06  7.439010064e-06  3.1572
23  8087.700097  0.7432652808  2.023373036e-05  9.622323376e-06  1.011659554e-05  1.011713482e-05  2.192548868e-06  7.429774508e-06  3.217
24  8087.9007  0.7431255432  2.022341454e-05  9.618761611e-06  1.004651068e-05  1.017690386e-05  2.172766166e-06  7.445995445e-06  3.1858
25  8088.100635  0.7429658246  2.020056349e-05  9.609427759e-06  1.006831195e-05  1.013225154e-05  2.187731637e-06  7.421696122e-06  3.1862
26  8088.299966  0.7428420467  2.02001412e-05  9.610416358e-06  1.006511007e-05  1.013503112e-05  2.169741108e-06  7.44067525e-06  3.1678
27  8088.500665  0.7425787985  2.023470237e-05  9.629393764e-06  1.012911047e-05  1.01055919e-05  2.194738208e-06  7.434655555e-06  3.1786
28  8088.70001  0.7425345989  2.019937012e-05  9.613004556e-06  1.00433058e-05  1.015606432e-05  2.178846707e-06  7.434157849e-06  3.2034
29  8088.90084  0.7424186362  2.021123427e-05  9.619766247e-06  1.005285601e-05  1.015837826e-05  2.178689317e-06  7.441076931e-06  3.1608
30  8089.100413  0.7422783922  2.022181604e-05  9.626152672e-06  1.008340124e-05  1.01384148e-05  2.194739195e-06  7.431413477e-06  3.1912
31  8089.299915  0.7421166433  2.020318072e-05  9.618837451e-06  1.006835185e-05  1.013482887e-05  2.17241551e-06  7.44642194e-06  3.148
32  8089.500107  0.7419076792  2.021499741e-05  9.626474811e-06  1.011968823e-05  1.009530917e-05  2.195202307e-06  7.431272504e-06  3.2178
33  8089.700373  0.7417833413  2.019216139e-05  9.616795854e-06  1.003375657e-05  1.015840482e-05  2.174201132e-06  7.442594721e-06  3.163
34  8089.900558  0.7416181832  2.021100017e-05  9.627357988e-06  1.007414496e-05  1.013685521e-05  2.189077022e-06  7.438280966e-06  3.17
35  8090.100233  0.7414886015  2.019523416e-05  9.621094604e-06  1.006671352e-05  1.012852064e-05  2.18024678e-06  7.440847824e-06  3.1718
36  8090.300887  0.7413628841  2.022089555e-05  9.634530951e-06  1.009169401e-05  1.012920155e-05  2.191692699e-06  7.442838252e-06  3.1374
37  8090.500519  0.7413087608  2.019539659e-05  9.62290242e-06  1.002064951e-05  1.017474708e-05  2.180839455e-06  7.442062966e-06  3.1804
38  8090.700093  0.7410382919  2.018411009e-05  9.620126109e-06  1.002835141e-05  1.015575868e-05  2.177854973e-06  7.442271136e-06  3.1592
39  8090.899967  0.7408957138  2.019467451e-05  9.626533749e-06  1.0057498e-05  1.013717651e-05  2.184750294e-06  7.441783454e-06  3.1768
40  8091.10009  0.7407162212  2.020152858e-05  9.631529625e-06  1.003907532e-05  1.016245327e-05  2.186228575e-06  7.44530105e-06  3.1534
41  8091.300636  0.7404976027  2.018983357e-05  9.628058407e-06  1.001467032e-05  1.017516325e-05  2.179435443e-06  7.448622964e-06  3.1896
42  8091.500899  0.7405063643  2.019331684e-05  9.629635128e-06  1.003672082e-05  1.015659603e-05  2.184473593e-06  7.445161534e-06  3.1774
43  8091.700516  0.7402771879  2.021149901e-05  9.640514828e-06  1.006918641e-05  1.01423126e-05  2.190527542e-06  7.449987286e-06  3.1892
44  8091.900715  0.7401178282  2.017740607e-05  9.62578696e-06  1.000115037e-05  1.01762557e-05  2.185202122e-06  7.440584838e-06  3.2014
45  8092.100804  0.7400292823  2.01798397e-05  9.627800408e-06  9.999637484e-06  1.018020222e-05  2.178514409e-06  7.449285999e-06  3.1792
46  8092.300346  0.7399286003  2.020552602e-05  9.641025976e-06  1.007762151e-05  1.012790451e-05  2.191587623e-06  7.449438354e-06  3.1724
47  8092.4994  0.7397041688  2.018790483e-05  9.634780169e-06  1.007596612e-05  1.011193871e-05  2.188097656e-06  7.446682513e-06  3.2
48  8092.700726  0.7395986656  2.017511157e-05  9.629690428e-06  9.994116467e-06  1.01809951e-05  2.182886945e-06  7.446803483e-06  3.2148
49  8092.900757  0.7395107697  2.019957177e-05  9.642212886e-06  1.002325202e-05  1.017631975e-05  2.189274074e-06  7.452938812e-06  3.1806
50  8093.100699  0.7393189181  2.018665385e-05  9.637895423e-06  1.006690716e-05  1.01197467e-05  2.18548132e-06  7.452414103e-06  3.189
51  8093.300639  0.7390351303  2.01776018e-05  9.636307897e-06  1.006055005e-05  1.011705175e-05  2.191449376e-06  7.444858521e-06  3.1942
52  8093.500875  0.7389108477  2.016581829e-05  9.631877395e-06  9.995114428e-06  1.017070386e-05  2.181032169e-06  7.450845227e-06  3.1826
53  8093.700748  0.7388862549  2.018040041e-05  9.63907936e-06  1.003406742e-05  1.014633299e-05  2.188094598e-06  7.450984762e-06  3.1614
54  8093.899943  0.7387359998  2.018848804e-05  9.64439139e-06  1.006385972e-05  1.012462833e-05  2.188880643e-06  7.455510747e-06  3.1684
55  8094.100637  0.7385218349  2.01900452e-05  9.647201139e-06  1.007134125e-05  1.011870395e-05  2.19755339e-06  7.449647749e-06  3.1576
56  8094.300517  0.7385141211  2.016906017e-05  9.637248422e-06  1.000729238e-05  1.016176779e-05  2.183925719e-06  7.453322703e-06  3.1754
57  8094.500648  0.7382911386  2.017290152e-05  9.641233493e-06  1.001031778e-05  1.016258373e-05  2.18372181e-06  7.457511683e-06  3.1404
58  8094.700302  0.7381756107  2.017645249e-05  9.644044702e-06  1.001751957e-05  1.015893292e-05  2.19443968e-06  7.449605021e-06  3.1686
59  8094.900456  0.737997043  2.017316727e-05  9.644196404e-06  1.004958198e-05  1.012358529e-05  2.185989804e-06  7.458206601e-06  3.1528
60  8095.100881  0.7378093897  2.017690007e-05  9.647791214e-06  1.005658715e-05  1.012031292e-05  2.194496502e-06  7.453294712e-06  3.1906
61  8095.300825  0.7377098401  2.016834749e-05  9.644661787e-06  9.964075358e-06  1.020427214e-05  2.184607168e-06  7.460054619e-06  3.1912
62  8095.500231  0.7375632649  2.017519018e-05  9.649348267e-06  9.986025312e-06  1.018916487e-05  2.191779452e-06  7.457568815e-06  3.1664
63  8095.699946  0.7374119717  2.016199784e-05  9.644497695e-06  1.001569679e-05  1.014630105e-05  2.186515109e-06  7.457982586e-06  3.1642
64  8095.900289  0.7372061266  2.017944444e-05  9.654830477e-06  1.005771205e-05  1.012173239e-05  2.195018612e-06  7.459811864e-06  3.1818
65  8096.100434  0.7371267339  2.017273993e-05  9.652389011e-06  1.000729147e-05  1.016544846e-05  2.189488261e-06  7.46290075e-06  3.1802
66  8096.300737  0.7370699019  2.014917484e-05  9.641661368e-06  9.973103937e-06  1.01760709e-05  2.184398156e-06  7.457263212e-06  3.1948
67  8096.50034  0.7368337196  2.017675537e-05  9.657139614e-06  1.001136624e-05  1.016538913e-05  2.191490604e-06  7.46564901e-06  3.189
68  8096.701132  0.736781414  2.019138755e-05  9.664648469e-06  1.004607401e-05  1.014531354e-05  2.195642226e-06  7.469006242e-06  3.1898
69  8096.900525  0.7365580269  2.015640713e-05  9.65006048e-06  1.001450709e-05  1.014190004e-05  2.191766302e-06  7.458294178e-06  3.1888
70  8097.100606  0.7364513052  2.015154797e-05  9.648763789e-06  9.976015751e-06  1.017553222e-05  2.186962344e-06  7.461801445e-06  3.1826
71  8097.300074  0.7362666742  2.018545157e-05  9.666781797e-06  1.004595415e-05  1.013949742e-05  2.199030249e-06  7.467751548e-06  3.2088
72  8097.500728  0.7362663489  2.014975827e-05  9.649691469e-06  9.998547522e-06  1.015121074e-05  2.186886334e-06  7.462805135e-06  3.1648
73  8097.700172  0.7361448819  2.017056355e-05  9.660828492e-06  1.004944145e-05  1.01211221e-05  2.197673061e-06  7.463155432e-06  3.2092
74  8097.900111  0.7359539209  2.017174961e-05  9.663241689e-06  1.000675864e-05  1.016499097e-05  2.195597247e-06  7.467644442e-06  3.1944
75  8098.100052  0.7357763151  2.017402709e-05  9.666049305e-06  1.004892466e-05  1.012510243e-05  2.196566224e-06  7.469483081e-06  3.187
76  8098.300373  0.7356711707  2.014820613e-05  9.654692707e-06  9.999677604e-06  1.014852853e-05  2.193689316e-06  7.46100339e-06  3.1908
77  8098.499769  0.735533903  2.016890753e-05  9.66593921e-06  1.004008581e-05  1.012882172e-05  2.195818765e-06  7.470120445e-06  3.1512
78  8098.700096  0.7354582959  2.016223092e-05  9.663470046e-06  1.002216999e-05  1.014006093e-05  2.195643239e-06  7.467826807e-06  3.1832
79  8098.899803  0.7353226057  2.016049671e-05  9.663950078e-06  1.001260398e-05  1.014789273e-05  2.194157402e-06  7.469792676e-06  3.1546
80  8099.100692  0.7352183763  2.017683923e-05  9.672792017e-06  1.002476513e-05  1.01520741e-05  2.198782325e-06  7.474009693e-06  3.202
81  8099.300091  0.7349674388  2.016188833e-05  9.668050314e-06  1.003253883e-05  1.01293495e-05  2.196068876e-06  7.471981438e-06  3.188
82  8099.500179  0.7349543834  2.013956686e-05  9.657472779e-06  9.989891777e-06  1.014967508e-05  2.19303276e-06  7.46444002e-06  3.1632
83  8099.70015  0.7347762951  2.01619021e-05  9.669905083e-06  1.00177699e-05  1.01441322e-05  2.20264836e-06  7.467256723e-06  3.1856
84  8099.899886  0.7346777328  2.016782428e-05  9.673698849e-06  1.003636133e-05  1.013146294e-05  2.191478366e-06  7.482220483e-06  3.1492
85  8100.100602  0.7344795598  2.01566783e-05  9.670268767e-06  1.002809354e-05  1.012858476e-05  2.199105064e-06  7.471163703e-06  3.1854
86  8100.30024  0.734384159  2.015735878e-05  9.671517858e-06  9.98243056e-06  1.017492822e-05  2.199262223e-06  7.472255635e-06  3.179
87  8100.50067  0.7343319165  2.014893946e-05  9.667983325e-06  9.947797187e-06  1.020114227e-05  2.194415758e-06  7.473567567e-06  3.1818
88  8100.700166  0.7342159182  2.015733869e-05  9.673135499e-06  1.003955576e-05  1.011778293e-05  2.19690377e-06  7.476231728e-06  3.1706
89  8100.900076  0.7340748905  2.017150158e-05  9.681297242e-06  1.008441595e-05  1.008708563e-05  2.205760325e-06  7.475536917e-06  3.1774
90  8101.100159  0.7338765395  2.015253524e-05  9.674113039e-06  9.975561103e-06  1.017697413e-05  2.197647513e-06  7.476465527e-06  3.196
91  8101.30031  0.733791048  2.012529584e-05  9.661862888e-06  9.943539111e-06  1.018175673e-05  2.193570904e-06  7.468291984e-06  3.1704
92  8101.499766  0.7337208981  2.01615338e-05  9.679939234e-06  1.000555449e-05  1.015597932e-05  2.19646921e-06  7.483470024e-06  3.184
93  8101.699781  0.7335472959  2.019815415e-05  9.699205022e-06  1.010573097e-05  1.009242318e-05  2.218306072e-06  7.48089895e-06  3.1894
94  8101.900101  0.7333784555  2.012906713e-05  9.667661412e-06  1.000921535e-05  1.011985178e-05  2.190925418e-06  7.476735994e-06  3.1754
95  8102.100824  0.7332461005  2.014682338e-05  9.677470225e-06  1.00051652e-05  1.014165818e-05  2.206315754e-06  7.471154471e-06  3.1792
96  8102.300778  0.7331312575  2.01452177e-05  9.677810308e-06  9.97709521e-06  1.016812249e-05  2.19365147e-06  7.484158838e-06  3.169
97  8102.500226  0.732986662  2.016149895e-05  9.687032458e-06  1.007107059e-05  1.009042836e-05  2.205189451e-06  7.481843007e-06  3.1606
98  8102.699922  0.7328190254  2.015098331e-05  9.683603182e-06  1.003332003e-05  1.011766329e-05  2.205332118e-06  7.478271064e-06  3.1748
99  8102.900184  0.7326924153  2.01688355e-05  9.693409296e-06  1.003886726e-05  1.012996824e-05  2.202951266e-06  7.49045803e-06  3.1778
100  8103.100837  0.73258174  2.013648086e-05  9.678930388e-06  9.995383916e-06  1.014109694e-05  2.205681989e-06  7.473248399e-06  3.1778
101  8103.299821  0.7325096518  2.014369752e-05  9.683097209e-06  1.001591887e-05  1.012777865e-05  2.193758226e-06  7.489338982e-06  3.147
102  8103.499887  0.7322491192  2.016154698e-05  9.694202788e-06  1.005486649e-05  1.010668049e-05  2.218557265e-06  7.475645523e-06  3.184
103  8103.700572  0.7321337785  2.014398799e-05  9.686877192e-06  1.0014166e-05  1.012982199e-05  2.194448558e-06  7.492428634e-06  3.1858
104  8103.900715  0.7320364018  2.014253445e-05  9.687121465e-06  1.002203501e-05  1.012049944e-05  2.210947306e-06  7.476174159e-06  3.1222
105  8104.099746  0.7319525546  2.01542092e-05  9.693548926e-06  1.003543172e-05  1.011877748e-05  2.201194524e-06  7.492354402e-06  3.1896
106  8104.300034  0.7317375471  2.016585497e-05  9.701235798e-06  1.002799555e-05  1.013785943e-05  2.209824884e-06  7.491410914e-06  3.17
107  8104.500138  0.7317062702  2.012775752e-05  9.683211019e-06  9.978571013e-06  1.01491865e-05  2.202369029e-06  7.48084199e-06  3.1782
108  8104.700017  0.7314493583  2.0140226e-05  9.691699041e-06  9.99208088e-06  1.014814512e-05  2.201772058e-06  7.489926983e-06  3.1862
109  8104.900596  0.731289351  2.016063563e-05  9.703072819e-06  1.002953776e-05  1.013109786e-05  2.21359544e-06  7.489477379e-06  3.1466
110  8105.100461  0.7312566067  2.012534476e-05  9.686404915e-06  9.984005485e-06  1.014133927e-05  2.194638708e-06  7.491766207e-06  3.1416
111  8105.300222  0.7310790939  2.015116853e-05  9.700555817e-06  1.000573571e-05  1.014543282e-05  2.211631678e-06  7.488924138e-06  3.1544
112  8105.500288  0.7309996262  2.016795738e-05  9.70940934e-06  1.004699936e-05  1.012095801e-05  2.206067013e-06  7.503342327e-06  3.161
113  8105.699963  0.7307463431  2.013536586e-05  9.696174453e-06  9.99011933e-06  1.014524653e-05  2.207304496e-06  7.488869957e-06  3.1604
114  8105.900033  0.7306617789  2.012787289e-05  9.693385896e-06  9.980620127e-06  1.014725276e-05  2.203038715e-06  7.490347181e-06  3.15
115  8106.099849  0.7306011554  2.014616158e-05  9.70278175e-06  1.00127293e-05  1.013343228e-05  2.21094587e-06  7.49183588e-06  3.1392
116  8106.299535  0.7305537681  2.014358192e-05  9.701999074e-06  1.003535938e-05  1.010822254e-05  2.207169905e-06  7.494829169e-06  3.1376
117  8106.499702  0.7303363572  2.014994364e-05  9.707173363e-06  1.001470657e-05  1.013523707e-05  2.207687075e-06  7.499486287e-06  3.1518
118  8106.700195  0.7300886749  2.01544187e-05  9.711734339e-06  9.998422617e-06  1.015599609e-05  2.216996996e-06  7.494737342e-06  3.1732
119  8106.900201  0.7300583744  2.013868185e-05  9.704445325e-06  1.001979388e-05  1.011888797e-05  2.203378555e-06  7.50106677e-06  3.1198
120  8107.100038  0.7299404651  2.014087401e-05  9.706646122e-06  1.002529492e-05  1.011557909e-05  2.211074469e-06  7.495571652e-06  3.1828
121  8107.300002  0.7297826804  2.014299948e-05  9.709202308e-06  1.003059979e-05  1.011239969e-05  2.211462999e-06  7.497739309e-06  3.16
122  8107.499675  0.7296434286  2.012897074e-05  9.70379144e-06  9.981182218e-06  1.014778852e-05  2.207364142e-06  7.496427298e-06  3.2008
123  8107.699621  0.7295529717  2.014517296e-05  9.71248074e-06  1.004089476e-05  1.01042782e-05  2.208805415e-06  7.503675326e-06  3.1776
124  8107.899945  0.7294033316  2.016061287e-05  9.721379295e-06  1.006059975e-05  1.010001311e-05  2.224092214e-06  7.497287081e-06  3.1892
125  8108.10047  0.7293551246  2.013448799e-05  9.709250012e-06  9.96237221e-06  1.017211578e-05  2.202306843e-06  7.506943169e-06  3.1824
126  8108.300996  0.729150171  2.012031255e-05  9.70440308e-06  9.973885243e-06  1.01464273e-05  2.209681382e-06  7.494721698e-06  3.1734
127  8108.50071  0.7290046359  2.013904669e-05  9.714852655e-06  1.002338373e-05  1.011566296e-05  2.210799721e-06  7.504052934e-06  3.1394
128  8108.700359  0.7287756927  2.01459812e-05  9.720422957e-06  1.004419781e-05  1.010178339e-05  2.214419713e-06  7.506003244e-06  3.1496
129  8108.900058  0.7287676969  2.012877472e-05  9.712198497e-06  9.994598413e-06  1.013417631e-05  2.21162235e-06  7.500576147e-06  3.1472
130  8109.099811  0.728654972  2.014279744e-05  9.720060137e-06  9.980101207e-06  1.016269623e-05  2.212585207e-06  7.50747493e-06  3.149
131  8109.299738  0.7284721247  2.01496301e-05  9.72513534e-06  9.98784696e-06  1.016178314e-05  2.211199751e-06  7.513935589e-06  3.132
132  8109.499784  0.7282829734  2.013588013e-05  9.720337414e-06  1.002127919e-05  1.011460094e-05  2.210729069e-06  7.509608345e-06  3.13
133  8109.700169  0.7283007302  2.013630236e-05  9.720368636e-06  1.001888683e-05  1.011741553e-05  2.219549906e-06  7.50081873e-06  3.137
134  8109.900587  0.7281540961  2.013908107e-05  9.72313564e-06  9.970444526e-06  1.016863655e-05  2.207182322e-06  7.515953319e-06  3.1456
135  8110.100239  0.727966039  2.012947095e-05  9.720323681e-06  9.986543883e-06  1.014292706e-05  2.216416618e-06  7.503907063e-06  3.1458
136  8110.300176  0.7279058741  2.01438758e-05  9.727864903e-06  9.992795082e-06  1.015108072e-05  2.210374638e-06  7.517490265e-06  3.1402
137  8110.500481  0.7276328201  2.016336103e-05  9.739933859e-06  1.003554139e-05  1.012781964e-05  2.22242126e-06  7.517512599e-06  3.1608
138  8110.700666  0.7275871461  2.011789801e-05  9.718416765e-06  9.954821932e-06  1.016307608e-05  2.204677467e-06  7.513739298e-06  3.1654
139  8110.900342  0.7274710567  2.013488757e-05  9.727753192e-06  1.000645413e-05  1.012843344e-05  2.218167454e-06  7.509585738e-06  3.1674
140  8111.100684  0.727385435  2.013950558e-05  9.730817419e-06  9.999239464e-06  1.014026612e-05  2.218224953e-06  7.512592466e-06  3.1748
141  8111.300841  0.7271211632  2.013772349e-05  9.732528058e-06  1.002998714e-05  1.010773635e-05  2.212454831e-06  7.520073227e-06  3.1584
142  8111.501087  0.7270878006  2.012753668e-05  9.727929333e-06  9.98957308e-06  1.01379636e-05  2.220050413e-06  7.507878919e-06  3.1624
143  8111.70102  0.7269291309  2.01364125e-05  9.733763475e-06  9.974999181e-06  1.016141332e-05  2.205329967e-06  7.528433508e-06  3.1844
144  8111.901116  0.7266864167  2.014992049e-05  9.742657514e-06  1.004535603e-05  1.010456446e-05  2.228683448e-06  7.513974066e-06  3.1726
145  8112.100131  0.7266499447  2.011635374e-05  9.726782455e-06  9.997766885e-06  1.011858686e-05  2.207465328e-06  7.519317127e-06  3.2076
146  8112.300453  0.726532866  2.013982217e-05  9.739270248e-06  1.003054401e-05  1.010927816e-05  2.225396224e-06  7.513874024e-06  3.1766
147  8112.50073  0.7264274662  2.013157742e-05  9.736309379e-06  9.983434692e-06  1.014814273e-05  2.214622438e-06  7.521686941e-06  3.2046
148  8112.700821  0.7262013968  2.012940304e-05  9.737458867e-06  1.00025991e-05  1.012680394e-05  2.215045455e-06  7.522413412e-06  3.1396
149  8112.900151  0.7261876386  2.015722206e-05  9.751050281e-06  1.003468811e-05  1.012253394e-05  2.229042592e-06  7.522007689e-06  3.1872
150  8113.099898  0.7259749099  2.013284282e-05  9.741328874e-06  1.001268962e-05  1.01201532e-05  2.215519946e-06  7.525808928e-06  3.1638
151  8113.300741  0.7258951878  2.012281732e-05  9.737254252e-06  1.000525027e-05  1.011756705e-05  2.225975144e-06  7.511279108e-06  3.1836
152  8113.500587  0.7257578036  2.010981828e-05  9.732301103e-06  9.938577552e-06  1.017124073e-05  2.205531813e-06  7.526769289e-06  3.148
153  8113.70052  0.725579816  2.015847187e-05  9.757583954e-06  1.005709721e-05  1.010137465e-05  2.230080286e-06  7.527503668e-06  3.1856
154  8113.900509  0.7254454049  2.011932445e-05  9.739943956e-06  9.977526052e-06  1.01417984e-05  2.216806202e-06  7.523137753e-06  3.193
155  8114.100394  0.7254074162  2.012949682e-05  9.745238692e-06  9.98099294e-06  1.014850388e-05  2.2206999e-06  7.524538792e-06  3.1702
156  8114.300848  0.7252846031  2.015264579e-05  9.757644036e-06  1.001393569e-05  1.013871011e-05  2.228074615e-06  7.529569421e-06  3.2164
157  8114.500286  0.725032532  2.011885567e-05  9.743739113e-06  9.966147892e-06  1.015270778e-05  2.211897956e-06  7.531841157e-06  3.1504
158  8114.700638  0.7248314602  2.011939195e-05  9.745958277e-06  9.988170702e-06  1.013122125e-05  2.222913347e-06  7.52304493e-06  3.164
159  8114.900362  0.7248016917  2.014030001e-05  9.756376698e-06  9.999349582e-06  1.014095042e-05  2.221009476e-06  7.535367222e-06  3.1812
160  8115.100695  0.7247388286  2.012255733e-05  9.748394573e-06  9.980923832e-06  1.014163349e-05  2.218446823e-06  7.52994775e-06  3.129
161  8115.300735  0.7246002604  2.01313145e-05  9.753988491e-06  1.000737408e-05  1.012394042e-05  2.224685008e-06  7.529303483e-06  3.178
162  8115.500913  0.7245593202  2.014859192e-05  9.762759399e-06  1.000926697e-05  1.013932495e-05  2.229171082e-06  7.533588318e-06  3.1244
163  8115.700469  0.7242510533  2.013822085e-05  9.76074267e-06  1.001704433e-05  1.012117651e-05  2.216738628e-06  7.544004042e-06  3.1588
164  8115.900811  0.724272527  2.010217561e-05  9.743062778e-06  9.961261899e-06  1.014091372e-05  2.224440627e-06  7.518622151e-06  3.1758
165  8116.100214  0.7241257599  2.013604077e-05  9.760908915e-06  1.003165441e-05  1.010438636e-05  2.221845272e-06  7.539063643e-06  3.1704
166  8116.300022  0.7239302989  2.014773011e-05  9.768484473e-06  1.004074574e-05  1.010698438e-05  2.231968701e-06  7.536515772e-06  3.1992
167  8116.499817  0.7238564466  2.0112398e-05  9.752074136e-06  9.988355116e-06  1.012404289e-05  2.214372311e-06  7.537701825e-06  3.2048
168  8116.700523  0.7237147525  2.01256327e-05  9.759874179e-06  1.000702986e-05  1.011860284e-05  2.235753217e-06  7.524120962e-06  3.1764
169  8116.900526  0.7237076319  2.013649606e-05  9.76521187e-06  1.002455249e-05  1.011194357e-05  2.22139296e-06  7.54381891e-06  3.2044
170  8117.100888  0.7234224321  2.012223971e-05  9.761081702e-06  1.002590826e-05  1.009633144e-05  2.226999709e-06  7.534081993e-06  3.1566
171  8117.300186  0.7234102402  2.010271198e-05  9.751727902e-06  9.990382419e-06  1.011232956e-05  2.227058351e-06  7.524669552e-06  3.1908
172  8117.499974  0.7232119154  2.010385889e-05  9.754218575e-06  9.995442188e-06  1.01084167e-05  2.221221083e-06  7.532997492e-06  3.177
173  8117.70013  0.7231927259  2.008904733e-05  9.747219176e-06  1.001476872e-05  1.00742786e-05  2.227709501e-06  7.519509676e-06  3.1668
174  8117.900547  0.7229392739  2.007560912e-05  9.743168059e-06  9.988162328e-06  1.008744679e-05  2.217508286e-06  7.525659773e-06  3.1504
175  8118.100822  0.7227731529  2.00382749e-05  9.726664549e-06  9.953515849e-06  1.008475905e-05  2.228982099e-06  7.49768245e-06  3.1418
176  8118.300347  0.7228182324  1.996842937e-05  9.692324296e-06  9.899788445e-06  1.006864093e-05  2.200861504e-06  7.491462792e-06  3.164
177  8118.500267  0.7226768343  1.995303433e-05  9.68622133e-06  9.940075464e-06  1.001295887e-05  2.22068912e-06  7.46553221e-06  3.194
178  8118.699816  0.7224954934  1.992525545e-05  9.674490263e-06  9.931945201e-06  9.993310245e-06  2.209056578e-06  7.465433685e-06  3.1822
179  8118.900293  0.7224263163  1.985573365e-05  9.641401656e-06  9.844039152e-06  1.00116945e-05  2.203888131e-06  7.437513525e-06  3.191
180  8119.100023  0.7223593186  1.984654286e-05  9.637584536e-06  9.865878619e-06  9.980664246e-06  2.202977908e-06  7.434606627e-06  3.164
181  8119.300359  0.7221258992  1.983424029e-05  9.633858808e-06  9.858877828e-06  9.975362462e-06  2.200556597e-06  7.433302211e-06  3.177
182  8119.500159  0.7220717504  1.97862471e-05  9.611068036e-06  9.800724447e-06  9.98552265e-06  2.192857866e-06  7.41821017e-06  3.1574
183  8119.699835  0.7219471441  1.979662497e-05  9.617307337e-06  9.815172002e-06  9.981452966e-06  2.19486484e-06  7.422442497e-06  3.1608
184  8119.900134  0.7218107731  1.98090207e-05  9.624641686e-06  9.845671077e-06  9.963349628e-06  2.202049304e-06  7.422592382e-06  3.1432
185  8120.100361  0.7217708194  1.980087353e-05  9.621067596e-06  9.827148267e-06  9.973725267e-06  2.185435737e-06  7.435631859e-06  3.1306
186  8120.30051  0.7215611409  1.982198011e-05  9.633342785e-06  9.820585659e-06  1.000139445e-05  2.205966037e-06  7.427376749e-06  3.1572
187  8120.499843  0.7214592474  1.986452026e-05  9.655000732e-06  9.869825439e-06  9.994694824e-06  2.19522644e-06  7.459774292e-06  3.1252
188  8120.700493  0.7212312432  1.989835643e-05  9.673651929e-06  9.908593976e-06  9.989762456e-06  2.212022326e-06  7.461629604e-06  3.1784
189  8120.900549  0.7212221705  1.990492883e-05  9.676934916e-06  9.883978845e-06  1.002094998e-05  2.202435715e-06  7.474499201e-06  3.166
190  8121.101275  0.7210669763  1.995572428e-05  9.703135273e-06  9.927128469e-06  1.002859581e-05  2.220267709e-06  7.482867564e-06  3.174
191  8121.300029  0.7209108473  1.999151944e-05  9.722057843e-06  9.943602021e-06  1.004791742e-05  2.212500128e-06  7.509557715e-06  3.1664
192  8121.500348  0.7207690841  2.001241451e-05  9.733599075e-06  9.961903568e-06  1.005051094e-05  2.224398642e-06  7.509200433e-06  3.158
193  8121.699986  0.7206890758  2.006198039e-05  9.758487557e-06  9.993900197e-06  1.006808019e-05  2.231754507e-06  7.526733051e-06  3.1832
194  8121.900432  0.7205190659  2.006346891e-05  9.760870903e-06  9.959822248e-06  1.010364666e-05  2.222180458e-06  7.538690446e-06  3.1418
195  8122.100475  0.7204122039  2.005265885e-05  9.756654375e-06  9.972621442e-06  1.008003741e-05  2.231968643e-06  7.524685732e-06  3.1636
196  8122.299708  0.7202675684  2.005179481e-05  9.757645173e-06  9.950108582e-06  1.010168623e-05  2.218392618e-06  7.539252555e-06  3.0874
197  8122.49984  0.720121051  2.010476658e-05  9.784855949e-06  1.006487703e-05  1.003988955e-05  2.244717839e-06  7.540138111e-06  3.1302
198  8122.700603  0.7200168472  2.004758183e-05  9.758041284e-06  9.919087271e-06  1.012849456e-05  2.219972687e-06  7.538068597e-06  3.1154
199  8122.900859  0.7199165669  2.007268857e-05  9.771241656e-06  9.948184384e-06  1.012450419e-05  2.229580181e-06  7.541661475e-06  3.1428
200  8123.100623  0.7197846923  2.01066688e-05  9.789073836e-06  1.000418257e-05  1.010248623e-05  2.232241405e-06  7.556832431e-06  3.1706
201  8123.300277  0.7196999044  2.007538259e-05  9.77467066e-06  9.997091293e-06  1.00782913e-05  2.234294891e-06  7.540375769e-06  3.2028
202  8123.500667  0.7195708329  2.005735866e-05  9.767155419e-06  9.942428259e-06  1.01149304e-05  2.226598524e-06  7.540556894e-06  3.2354
203  8123.700047  0.7194198015  2.009096071e-05  9.784996045e-06  9.969839849e-06  1.012112086e-05  2.232710411e-06  7.552285633e-06  3.207
204  8123.900182  0.7192953962  2.007043514e-05  9.776215516e-06  9.9439374e-06  1.012649774e-05  2.23151631e-06  7.544699206e-06  3.2082
205  8124.099552  0.7192409108  2.006737029e-05  9.775255236e-06  9.932873588e-06  1.01344967e-05  2.227869019e-06  7.547386217e-06  3.2076
206  8124.300218  0.7190570409  2.010740773e-05  9.796559474e-06  1.002546392e-05  1.008194381e-05  2.244927396e-06  7.551632079e-06  3.155
207  8124.500903  0.7189559774  2.008107099e-05  9.784716741e-06  9.986693681e-06  1.009437731e-05  2.226280067e-06  7.558436674e-06  3.145
208  8124.700608  0.7187925823  2.006235995e-05  9.777197004e-06  9.950096534e-06  1.011226342e-05  2.237088432e-06  7.540108572e-06  3.1164
209  8124.90023  0.7187827543  2.006980138e-05  9.780919637e-06  9.942346132e-06  1.012745525e-05  2.227940389e-06  7.552979249e-06  3.0712
210  8125.099989  0.718548093  2.009747741e-05  9.796706051e-06  1.003915675e-05  1.005832065e-05  2.241880553e-06  7.554825498e-06  3.0808
211  8125.300612  0.7185296541  2.006358701e-05  9.780366194e-06  9.9640384e-06  1.009954861e-05  2.229614258e-06  7.550751936e-06  3.1046
212  8125.501319  0.7182451475  2.00900503e-05  9.79605286e-06  9.9791217e-06  1.01109286e-05  2.234036087e-06  7.562016773e-06  3.1402
213  8125.700701  0.7182354275  2.01000525e-05  9.801025271e-06  1.00207468e-05  1.00793057e-05  2.243469035e-06  7.557556236e-06  3.1844
214  8125.900117  0.7180681082  2.005526641e-05  9.780823419e-06  9.971122504e-06  1.00841439e-05  2.227235241e-06  7.553588178e-06  3.2128
215  8126.10015  0.7179100484  2.006475985e-05  9.78700012e-06  9.977627993e-06  1.008713186e-05  2.241729498e-06  7.545270622e-06  3.1994
216  8126.299507  0.7179278937  2.007712541e-05  9.792856916e-06  9.978586753e-06  1.009853865e-05  2.232122152e-06  7.560734764e-06  3.1914
217  8126.499741  0.7176538578  2.007178424e-05  9.792934949e-06  1.000886956e-05  1.006291469e-05  2.239942595e-06  7.552992354e-06  3.1948
218  8126.699973  0.7175175866  2.007415688e-05  9.795427293e-06  9.963679685e-06  1.01104772e-05  2.236814053e-06  7.558613239e-06  3.209
219  8126.90081  0.7174260989  2.007895421e-05  9.798664624e-06  9.971153887e-06  1.010780033e-05  2.242765427e-06  7.555899198e-06  3.159
220  8127.10043  0.7173952563  2.00400647e-05  9.779987915e-06  9.930924072e-06  1.010914062e-05  2.224078186e-06  7.555909729e-06  3.128
221  8127.299729  0.7170822581  2.006994995e-05  9.797638733e-06  9.989307251e-06  1.00806427e-05  2.242462952e-06  7.555175781e-06  3.1268
222  8127.500342  0.7169947139  2.007595667e-05  9.801429082e-06  9.965694144e-06  1.011026253e-05  2.240450776e-06  7.560978306e-06  3.09
223  8127.700613  0.7168933747  2.004963144e-05  9.789568666e-06  9.935951852e-06  1.011367959e-05  2.230714885e-06  7.558853781e-06  3.0784
224  8127.900366  0.716892931  2.00552049e-05  9.792294346e-06  9.937857958e-06  1.011734694e-05  2.232622695e-06  7.559671651e-06  3.0606
225  8128.100607  0.7167276054  2.010298154e-05  9.81724501e-06  1.002173977e-05  1.008124177e-05  2.246037106e-06  7.571207905e-06  3.1456
226  8128.300274  0.7165263115  2.006516331e-05  9.800749195e-06  9.948004198e-06  1.011715911e-05  2.233892988e-06  7.566856207e-06  3.2238
227  8128.500795  0.7164590518  2.005436883e-05  9.796135536e-06  9.948527996e-06  1.010584083e-05  2.23428691e-06  7.561848626e-06  3.2518
228  8128.700616  0.7163636663  2.005380945e-05  9.796796719e-06  9.949909557e-06  1.010389989e-05  2.242469788e-06  7.554326932e-06  3.2448
229  8128.900171  0.7162693745  2.007256619e-05  9.806884529e-06  9.988877644e-06  1.008368854e-05  2.238590684e-06  7.568293845e-06  3.2242
230  8129.100128  0.7160477965  2.006584843e-05  9.805774926e-06  9.969788901e-06  1.009605953e-05  2.241524939e-06  7.564249986e-06  3.2196
231  8129.3001  0.7160507315  2.006411327e-05  9.804898211e-06  9.949215429e-06  1.011489784e-05  2.236764709e-06  7.568133502e-06  3.172
232  8129.500284  0.7158074866  2.007178063e-05  9.811031276e-06  9.986377399e-06  1.008540323e-05  2.246775784e-06  7.564255491e-06  3.185
233  8129.699961  0.7158061425  2.005102773e-05  9.80090049e-06  9.947725111e-06  1.010330262e-05  2.23113786e-06  7.56976263e-06  3.1006
234  8129.899768  0.7154722889  2.006583001e-05  9.811410843e-06  9.993779735e-06  1.007205028e-05  2.251423453e-06  7.55998739e-06  3.1422
235  8130.100491  0.715415906  2.004706929e-05  9.802790275e-06  9.931102617e-06  1.011596667e-05  2.232451886e-06  7.570338388e-06  3.089
236  8130.299893  0.7153450708  2.005378909e-05  9.806770821e-06  9.988431853e-06  1.006535724e-05  2.243748238e-06  7.563022583e-06  3.0774
237  8130.500492  0.7152244235  2.007218143e-05  9.816949421e-06  1.002645155e-05  1.004572988e-05  2.247628951e-06  7.56932047e-06  3.1098
238  8130.700747  0.7150631725  2.006982392e-05  9.817379341e-06  9.979563894e-06  1.009026003e-05  2.238955482e-06  7.578423859e-06  3.1112
239  8130.900549  0.7149236087  2.004971766e-05  9.808913011e-06  9.955226233e-06  1.009449143e-05  2.240265887e-06  7.568647124e-06  3.1864
240  8131.099369  0.7148666974  2.005201837e-05  9.810596904e-06  9.959360679e-06  1.009265769e-05  2.235497303e-06  7.575099602e-06  3.2212
241  8131.300316  0.7146590418  2.006878479e-05  9.820839139e-06  9.998547134e-06  1.007023766e-05  2.251599395e-06  7.569239744e-06  3.258
242  8131.499861  0.7146009766  2.003609507e-05  9.805411466e-06  9.953665364e-06  1.00824297e-05  2.236204118e-06  7.569207348e-06  3.2322
243  8131.700043  0.7144417463  2.005210506e-05  9.814809243e-06  9.935502199e-06  1.011660286e-05  2.246046873e-06  7.56876237e-06  3.1902
244  8131.899815  0.7143512901  2.007083743e-05  9.824866768e-06  9.972484919e-06  1.009835251e-05  2.249813951e-06  7.575052817e-06  3.1762
245  8132.099506  0.7142460068  2.005119385e-05  9.816284486e-06  9.964425836e-06  1.008676801e-05  2.239548942e-06  7.576735544e-06  3.1152
246  8132.299515  0.7140074535  2.00540564e-05  9.820028198e-06  9.967910767e-06  1.008614563e-05  2.248438049e-06  7.571590149e-06  3.127
247  8132.500082  0.7139453158  2.002820029e-05  9.807976459e-06  9.907202035e-06  1.012099825e-05  2.236903164e-06  7.571073295e-06  3.0978
248  8132.700312  0.713822092  2.007037446e-05  9.829840699e-06  1.00105793e-05  1.005979516e-05  2.252585688e-06  7.577255011e-06  3.0454
249  8132.90057  0.713574917  2.004718136e-05  9.820908625e-06  9.951640327e-06  1.009554103e-05  2.241399154e-06  7.579509471e-06  3.1058
250  8133.100119  0.7135519808  2.004054839e-05  9.817884384e-06  9.940115406e-06  1.010043298e-05  2.243774722e-06  7.574109662e-06  3.102
251  8133.300538  0.7134552239  2.00658359e-05  9.831223954e-06  9.981016406e-06  1.008481949e-05  2.247780039e-06  7.583443915e-06  3.1732
252  8133.50062  0.7133371853  2.003642115e-05  9.817971077e-06  9.951855172e-06  1.008456598e-05  2.240990187e-06  7.57698089e-06  3.1908
253  8133.700882  0.7131526289  2.00386822e-05  9.820891344e-06  9.981600929e-06  1.005708127e-05  2.250501269e-06  7.570390075e-06  3.2744
254  8133.901049  0.7130771061  2.004115578e-05  9.822845459e-06  9.955549463e-06  1.008560632e-05  2.243748156e-06  7.579097303e-06  3.2144
255  8134.100522  0.712835742  2.003842972e-05  9.823880173e-06  9.960748248e-06  1.007768147e-05  2.248102072e-06  7.575778101e-06  3.217
256  8134.300438  0.7127867214  2.00386405e-05  9.824465096e-06  9.933311939e-06  1.010532856e-05  2.246201456e-06  7.57826364e-06  3.203
257  8134.499713  0.7125878663  2.005369682e-05  9.833802158e-06  9.998617218e-06  1.00550796e-05  2.25258269e-06  7.581219468e-06  3.1362
258  8134.69964  0.7125061744  2.002347858e-05  9.819786096e-06  9.969813516e-06  1.005366506e-05  2.247124144e-06  7.572661952e-06  3.1372
259  8134.900044  0.7124711706  2.00367367e-05  9.826632022e-06  9.971630938e-06  1.006510576e-05  2.250964584e-06  7.575667438e-06  3.104
260  8135.100495  0.7122801797  2.00440029e-05  9.832073249e-06  9.979591122e-06  1.006441178e-05  2.248875445e-06  7.583197804e-06  3.082
261  8135.300461  0.7122191231  2.002340507e-05  9.82256922e-06  9.96543486e-06  1.005797021e-05  2.247233056e-06  7.575336164e-06  3.064
262  8135.500293  0.7120198738  2.003763076e-05  9.831506421e-06  9.952726672e-06  1.008490409e-05  2.244441309e-06  7.587065112e-06  3.1008
263  8135.700651  0.7119247911  2.006104187e-05  9.843929077e-06  1.001025391e-05  1.005078796e-05  2.260943298e-06  7.582985779e-06  3.1262
264  8135.900628  0.7117826414  2.001789203e-05  9.824151901e-06  9.951550663e-06  1.006634136e-05  2.241994352e-06  7.582157549e-06  3.1314
265  8136.100428  0.7117245562  2.001708273e-05  9.824325357e-06  9.943638179e-06  1.007344455e-05  2.246824448e-06  7.577500908e-06  3.167
266  8136.300654  0.7115174633  2.004779057e-05  9.841434555e-06  1.00101036e-05  1.003768698e-05  2.25712763e-06  7.584306926e-06  3.2444
267  8136.500874  0.711354877  2.002122966e-05  9.829993927e-06  9.942400698e-06  1.007882896e-05  2.238485011e-06  7.591508916e-06  3.1956
268  8136.700927  0.7113162389  2.002942573e-05  9.834398e-06  9.941642132e-06  1.00877836e-05  2.261245633e-06  7.573152367e-06  3.215
269  8136.900733  0.7111600959  2.002362135e-05  9.833083311e-06  9.909353512e-06  1.011426784e-05  2.24444198e-06  7.588641331e-06  3.168
270  8137.100322  0.7110096374  2.003574524e-05  9.840517517e-06  9.972241821e-06  1.006350342e-05  2.253378967e-06  7.58713855e-06  3.1278
271  8137.300178  0.7109206659  2.001006074e-05  9.828777068e-06  9.930251266e-06  1.007980948e-05  2.247334201e-06  7.581442867e-06  3.1114
272  8137.500365  0.7108236932  2.002769408e-05  9.838392428e-06  9.950234018e-06  1.007746006e-05  2.254509344e-06  7.583883084e-06  3.0744
273  8137.70094  0.7107198539  2.002883986e-05  9.839977003e-06  9.919111713e-06  1.010972815e-05  2.249008939e-06  7.590968063e-06  3.0598
274  8137.900731  0.7105581816  2.001268461e-05  9.833629782e-06  9.952881429e-06  1.005980318e-05  2.245284613e-06  7.588345168e-06  3.0832
275  8138.100636  0.7104445614  2.004985995e-05  9.853016061e-06  1.000168664e-05  1.004817331e-05  2.262986542e-06  7.590029518e-06  3.0798
276  8138.30015  0.7102748966  2.004112256e-05  9.850393405e-06  9.959420733e-06  1.008170183e-05  2.249790665e-06  7.600602739e-06  3.1404
277  8138.50035  0.7101334929  2.000610449e-05  9.834572251e-06  9.926399911e-06  1.007970458e-05  2.252499647e-06  7.582072604e-06  3.1392
278  8138.70097  0.710033531  2.001588754e-05  9.840365002e-06  9.941178312e-06  1.007470922e-05  2.244142064e-06  7.596222938e-06  3.2372
279  8138.900175  0.7098210143  2.003104668e-05  9.849910707e-06  9.984349246e-06  1.004669744e-05  2.263043859e-06  7.586866848e-06  3.2338
280  8139.100174  0.7098510614  2.00077889e-05  9.838178491e-06  9.939436905e-06  1.006835199e-05  2.247366839e-06  7.590811652e-06  3.2556
281  8139.30033  0.7096664263  2.001872951e-05  9.845375813e-06  9.936227336e-06  1.008250217e-05  2.256596644e-06  7.588779169e-06  3.1952
282  8139.500441  0.7094598048  2.003647496e-05  9.856139455e-06  9.967548047e-06  1.006892692e-05  2.256455377e-06  7.599684078e-06  3.1896
283  8139.700812  0.7092619244  2.001082487e-05  9.845469955e-06  9.951451174e-06  1.00593737e-05  2.253821792e-06  7.591648163e-06  3.1386
284  8139.900215  0.7091794979  2.000039398e-05  9.84114902e-06  9.941422408e-06  1.005897158e-05  2.257745524e-06  7.583403496e-06  3.1422
285  8140.100178  0.7090141472  2.001249006e-05  9.848729226e-06  9.942286707e-06  1.007020335e-05  2.24998388e-06  7.598745346e-06  3.102
286  8140.300738  0.7089323629  2.002430979e-05  9.855352041e-06  9.978157253e-06  1.004615254e-05  2.261839452e-06  7.593512589e-06  3.0962
287  8140.500203  0.7088318579  2.000434063e-05  9.846513404e-06  9.946039544e-06  1.005830108e-05  2.252639958e-06  7.593873446e-06  3.0492
288  8140.700428  0.7087551715  2.001964192e-05  9.85480069e-06  9.943966734e-06  1.007567519e-05  2.261035925e-06  7.593764764e-06  3.0862
289  8140.899996  0.7086715111  2.001844301e-05  9.855034961e-06  9.933933394e-06  1.008450962e-05  2.248999833e-06  7.606035128e-06  3.0886
290  8141.100488  0.7084243318  2.001071621e-05  9.853666393e-06  9.943955729e-06  1.006676048e-05  2.254271394e-06  7.599395e-06  3.1442
291  8141.300441  0.7082581769  2.00275749e-05  9.863606691e-06  9.975287318e-06  1.005228758e-05  2.26527369e-06  7.598333001e-06  3.1986
292  8141.500625  0.7082204221  1.998775874e-05  9.844368848e-06  9.85835007e-06  1.012940867e-05  2.243397436e-06  7.600971412e-06  3.2116
293  8141.700043  0.7081433106  2.001261839e-05  9.857372808e-06  9.963457129e-06  1.004916126e-05  2.263003043e-06  7.594369765e-06  3.1658
294  8141.899989  0.7079776255  2.001632499e-05  9.860832178e-06  9.951169599e-06  1.006515539e-05  2.257198891e-06  7.603633288e-06  3.1862
295  8142.100846  0.7077481751  2.002464789e-05  9.867196143e-06  9.938191764e-06  1.008645613e-05  2.26157623e-06  7.605619913e-06  3.1632
296  8142.300937  0.7076844339  1.999425115e-05  9.852846082e-06  9.902074113e-06  1.009217703e-05  2.252642111e-06  7.60020397e-06  3.147
297  8142.500513  0.7075434446  1.998778748e-05  9.851049683e-06  9.87850708e-06  1.01092804e-05  2.249298157e-06  7.601751526e-06  3.1236
298  8142.700512  0.7073035322  2.002707553e-05  9.872781255e-06  9.974293839e-06  1.005278169e-05  2.270232211e-06  7.602549043e-06  3.1168
299  8142.899962  0.7073890525  1.998734566e-05  9.852352942e-06  9.89781472e-06  1.008953094e-05  2.246580001e-06  7.605772941e-06  3.102
300  8143.10073  0.7071258056  2.002033588e-05  9.87121302e-06  9.966559978e-06  1.005377591e-05  2.267093005e-06  7.604120015e-06  3.0662
301  8143.300366  0.7070688991  2.001192037e-05  9.86762519e-06  9.915067926e-06  1.009685245e-05  2.257954989e-06  7.609670201e-06  3.0908
302  8143.501508  0.7068899083  2.001217363e-05  9.869516462e-06  9.947048674e-06  1.006512496e-05  2.255667161e-06  7.613849301e-06  3.0978
303  8143.70081  0.7067878718  2.00025657e-05  9.865784682e-06  9.943361835e-06  1.005920386e-05  2.259511634e-06  7.606273048e-06  3.1962
304  8143.900302  0.7067102375  2.001169276e-05  9.871052689e-06  9.964713695e-06  1.004697906e-05  2.258995423e-06  7.612057265e-06  3.2192
305  8144.099792  0.7064948664  2.000914745e-05  9.871923079e-06  9.956403104e-06  1.005274435e-05  2.270179831e-06  7.601743248e-06  3.2218
306  8144.299903  0.7063797486  1.999258604e-05  9.864887727e-06  9.912147699e-06  1.008043835e-05  2.25430608e-06  7.610581647e-06  3.2376
307  8144.500307  0.7063216528  2.001986668e-05  9.878922645e-06  9.935313258e-06  1.008455342e-05  2.264173143e-06  7.614749502e-06  3.1908
308  8144.700019  0.7062012828  2.000469744e-05  9.872625589e-06  9.929463863e-06  1.007523358e-05  2.26261276e-06  7.610012829e-06  3.1998
309  8144.899893  0.706020493  2.000464541e-05  9.874384939e-06  9.965770058e-06  1.003887535e-05  2.264810042e-06  7.609574897e-06  3.1346
310  8145.100526  0.7058477808  1.999941756e-05  9.873509575e-06  9.935049965e-06  1.006436759e-05  2.263415096e-06  7.610094479e-06  3.1286
311  8145.299874  0.7057247855  2.000865998e-05  9.879287497e-06  9.941660274e-06  1.006699971e-05  2.261714688e-06  7.617572809e-06  3.0786
312  8145.500068  0.7057584893  1.998973698e-05  9.869611604e-06  9.907806074e-06  1.00819309e-05  2.260987294e-06  7.60862431e-06  3.0826
313  8145.699839  0.7055152873  2.00125426e-05  9.883274854e-06  9.942729919e-06  1.006981268e-05  2.266585994e-06  7.61668886e-06  3.076
314  8145.900643  0.7053792715  2.001399407e-05  9.885336136e-06  9.931955693e-06  1.008203837e-05  2.264261539e-06  7.621074596e-06  3.0842
315  8146.100783  0.7052154217  1.999790368e-05  9.879007294e-06  9.9551102e-06  1.004279348e-05  2.260181847e-06  7.618825447e-06  3.1368
316  8146.300608  0.705046948  1.998811082e-05  9.875833278e-06  9.909428324e-06  1.00786825e-05  2.258287029e-06  7.617546249e-06  3.1898
317  8146.500019  0.704995276  2.001714632e-05  9.890690354e-06  9.961350413e-06  1.005579591e-05  2.272133953e-06  7.618556401e-06  3.217
318  8146.700061  0.7048382549  1.998945183e-05  9.878557223e-06  9.92766401e-06  1.006178782e-05  2.258282475e-06  7.620274747e-06  3.2328
319  8146.900574  0.7047389878  2.000830973e-05  9.88885817e-06  9.925309656e-06  1.008300008e-05  2.268466384e-06  7.620391786e-06  3.2056
320  8147.100079  0.7045681203  2.000697399e-05  9.889887712e-06  9.925379716e-06  1.008159427e-05  2.268879507e-06  7.621008205e-06  3.1776
321  8147.299684  0.7044405081  1.999223003e-05  9.883860671e-06  9.938489659e-06  1.005374037e-05  2.261476892e-06  7.622383778e-06  3.1762
322  8147.500094  0.7043929963  2.000262449e-05  9.88946939e-06  9.953877273e-06  1.004874721e-05  2.270831211e-06  7.618638178e-06  3.139
323  8147.699711  0.704212382  1.999287437e-05  9.886434316e-06  9.913196134e-06  1.007967823e-05  2.264390498e-06  7.622043818e-06  3.1114
324  8147.899882  0.7040550234  2.001359983e-05  9.898240465e-06  9.971712467e-06  1.004188736e-05  2.274491313e-06  7.623749152e-06  3.0702
325  8148.099821  0.7039445906  1.998413124e-05  9.884757556e-06  9.907197402e-06  1.007693383e-05  2.260155906e-06  7.62460165e-06  3.0374
326  8148.299953  0.7038106526  2.001939034e-05  9.903524148e-06  9.972505363e-06  1.004688498e-05  2.278391034e-06  7.625133115e-06  3.008
327  8148.500393  0.7036758661  2.001460172e-05  9.902489867e-06  9.96118524e-06  1.005341648e-05  2.265865098e-06  7.636624769e-06  3.0944
328  8148.700594  0.7035061154  1.998764294e-05  9.890830483e-06  9.955771536e-06  1.00318714e-05  2.263730124e-06  7.627100359e-06  3.1378
329  8148.900519  0.7033472255  1.998741575e-05  9.89228972e-06  9.910370912e-06  1.007704484e-05  2.268785235e-06  7.623504485e-06  3.2332
330  8149.100591  0.7033253934  1.999734577e-05  9.897420425e-06  9.91973877e-06  1.0077607e-05  2.266853865e-06  7.63056656e-06  3.2282
331  8149.30072  0.7031433221  2.00048535e-05  9.902939149e-06  9.994880653e-06  1.000997284e-05  2.2765899e-06  7.626349249e-06  3.2396
332  8149.500442  0.7030393212  1.99925847e-05  9.897895103e-06  9.917331075e-06  1.007525363e-05  2.264509216e-06  7.633385887e-06  3.224
333  8149.700638  0.7028557417  2.000400024e-05  9.905364942e-06  9.951784018e-06  1.005221622e-05  2.27983818e-06  7.625526763e-06  3.1974
334  8149.90076  0.7027532824  1.997150906e-05  9.890289609e-06  9.882936024e-06  1.008857303e-05  2.262605092e-06  7.627684518e-06  3.1502
335  8150.100394  0.7026410462  2.000233516e-05  9.906667135e-06  9.969210013e-06  1.003312514e-05  2.276535156e-06  7.630131978e-06  3.1212
336  8150.300409  0.7024802231  2.000217778e-05  9.908182524e-06  9.953540573e-06  1.00486372e-05  2.275994176e-06  7.632188349e-06  3.0878
337  8150.500673  0.7022977377  1.996650195e-05  9.892315356e-06  9.878930278e-06  1.008757167e-05  2.260344995e-06  7.63197036e-06  3.0464
338  8150.700514  0.7022269277  1.999461428e-05  9.906944974e-06  9.936495463e-06  1.005811882e-05  2.279307175e-06  7.6276378e-06  3.0006
339  8150.900723  0.7021442627  2.002887029e-05  9.924738558e-06  9.981092662e-06  1.004777763e-05  2.273446523e-06  7.651292034e-06  3.0106
340  8151.1019  0.7018814762  1.99876369e-05  9.906909582e-06  9.920729721e-06  1.006690718e-05  2.276618535e-06  7.630291047e-06  3.0714
341  8151.301304  0.7018764325  1.996601201e-05  9.896241079e-06  9.888347795e-06  1.007766422e-05  2.255748918e-06  7.640492162e-06  3.163
342  8151.500058  0.7016743154  2.001399817e-05  9.922030836e-06  1.000266474e-05  1.001133343e-05  2.282548497e-06  7.639482339e-06  3.2286
343  8151.699983  0.7015549009  2.000759247e-05  9.920039707e-06  9.966976566e-06  1.00406159e-05  2.277436278e-06  7.642603429e-06  3.2848
344  8151.900151  0.701431636  1.99720445e-05  9.90363523e-06  9.887715484e-06  1.008432901e-05  2.267519949e-06  7.63611528e-06  3.214
345  8152.100303  0.7013663019  2.000420208e-05  9.920229476e-06  9.950182419e-06  1.005401966e-05  2.284191043e-06  7.636038433e-06  3.2268
346  8152.300277  0.7012189433  1.999648843e-05  9.917865597e-06  9.916726723e-06  1.007976171e-05  2.263412897e-06  7.6544527e-06  3.1718
347  8152.500296  0.7010232593  1.998437327e-05  9.913796495e-06  9.942984048e-06  1.004138922e-05  2.2863683e-06  7.627428195e-06  3.132
348  8152.699306  0.7009804086  1.998881496e-05  9.916424836e-06  9.925625792e-06  1.006318917e-05  2.271311172e-06  7.645113664e-06  3.1084
349  8152.90024  0.7007903393  2.000285141e-05  9.925274609e-06  9.921010335e-06  1.008184107e-05  2.282369784e-06  7.642904824e-06  3.0764
350  8153.099701  0.7007183308  1.997599499e-05  9.912662411e-06  9.928835842e-06  1.004715915e-05  2.268727747e-06  7.643934664e-06  3.0152
351  8153.300168  0.7005342926  2.000054372e-05  9.926670915e-06  9.960753667e-06  1.003979005e-05  2.285796529e-06  7.640874386e-06  3.042
352  8153.500535  0.7004469392  2.001376289e-05  9.934099593e-06  9.953887065e-06  1.005987582e-05  2.282327198e-06  7.651772395e-06  2.9638
353  8153.700833  0.7003198525  1.99804851e-05  9.918842189e-06  9.899936562e-06  1.008054854e-05  2.265651678e-06  7.653190511e-06  3.0126
354  8153.90128  0.7001949313  2.00097189e-05  9.934595586e-06  1.00093513e-05  1.00003676e-05  2.28628405e-06  7.648311536e-06  3.138
355  8154.101311  0.7000103177  1.998566189e-05  9.924483585e-06  9.934752621e-06  1.005090927e-05  2.26887388e-06  7.655609705e-06  3.2564
356  8154.300551  0.6999824609  1.999013936e-05  9.926983535e-06  9.927740858e-06  1.00623985e-05  2.283339764e-06  7.643643771e-06  3.2594
357  8154.500215  0.6997526245  1.999348966e-05  9.930929502e-06  9.920057148e-06  1.007343251e-05  2.27756471e-06  7.653364792e-06  3.2652
358  8154.700079  0.6997168012  2.000922685e-05  9.939102338e-06  9.961752324e-06  1.004747453e-05  2.286384146e-06  7.652718192e-06  3.2346
359  8154.90062  0.6995373497  1.999221849e-05  9.932436075e-06  9.935586671e-06  1.005663182e-05  2.274980026e-06  7.657456049e-06  3.218
360  8155.100131  0.6993241401  1.99810316e-05  9.928994988e-06  9.891484818e-06  1.008954678e-05  2.278459897e-06  7.650535092e-06  3.181
361  8155.300027  0.6992803084  1.998685303e-05  9.93232312e-06  9.92175415e-06  1.006509888e-05  2.284587646e-06  7.647735474e-06  3.127
362  8155.500106  0.699210198  1.997786173e-05  9.92855103e-06  9.929947892e-06  1.004791384e-05  2.27403191e-06  7.65451912e-06  3.0734
363  8155.700392  0.6990733281  2.000471668e-05  9.94325818e-06  9.988302051e-06  1.001641463e-05  2.292423373e-06  7.650834807e-06  3.0728
364  8155.900483  0.6989032159  1.997427964e-05  9.92981862e-06  9.860076779e-06  1.011420286e-05  2.271766223e-06  7.658052397e-06  3.0342
365  8156.100137  0.698828165  1.9987375e-05  9.937074477e-06  9.897970916e-06  1.008940408e-05  2.282316011e-06  7.654758466e-06  3.01
366  8156.300187  0.6986469786  1.999548091e-05  9.942905832e-06  9.972437355e-06  1.002304356e-05  2.28362828e-06  7.659277552e-06  3.011
367  8156.500841  0.6985993274  1.997986152e-05  9.935612398e-06  9.929466871e-06  1.005039464e-05  2.275893953e-06  7.659718445e-06  3.063
368  8156.700953  0.6984952131  2.000633936e-05  9.949815198e-06  9.962702097e-06  1.004363726e-05  2.28345655e-06  7.666358648e-06  3.1802
369  8156.900177  0.6983941546  1.997390888e-05  9.934690384e-06  9.916377839e-06  1.005753104e-05  2.276924498e-06  7.657765887e-06  3.2442
370  8157.099206  0.6982082014  1.998781922e-05  9.943458004e-06  9.93036694e-06  1.005745228e-05  2.283766299e-06  7.659691705e-06  3.2408
371  8157.300558  0.6980150887  1.99892359e-05  9.946083295e-06  9.889145729e-06  1.010009017e-05  2.286425439e-06  7.659657856e-06  3.2116
372  8157.499801  0.6979746356  1.997535489e-05  9.93957857e-06  9.944651213e-06  1.003070367e-05  2.277026003e-06  7.662552567e-06  3.164
373  8157.699897  0.6978058842  1.998149361e-05  9.944311127e-06  9.942467156e-06  1.003902646e-05  2.287548756e-06  7.656762371e-06  3.177
374  8157.899552  0.6976647716  1.998744453e-05  9.948676539e-06  9.925088486e-06  1.006235604e-05  2.283187598e-06  7.665488941e-06  3.1316
375  8158.100268  0.6976274131  1.99553317e-05  9.933063576e-06  9.861075198e-06  1.00942565e-05  2.282738367e-06  7.650325209e-06  3.0662
376  8158.299906  0.6975027726  1.999179815e-05  9.952455696e-06  9.943241195e-06  1.004855696e-05  2.278162555e-06  7.674293142e-06  3.0432
377  8158.499594  0.6972135212  1.999912325e-05  9.958982563e-06  9.983007615e-06  1.001611564e-05  2.291322499e-06  7.667660064e-06  3.0132
378  8158.699888  0.6970834242  1.997236987e-05  9.946954141e-06  9.914598901e-06  1.005777097e-05  2.288049685e-06  7.658904456e-06  3.06
379  8158.900524  0.6969915357  1.995428129e-05  9.938858604e-06  9.861587624e-06  1.009269366e-05  2.270160079e-06  7.668698525e-06  3.0708
380  8159.100215  0.6969978735  1.997916231e-05  9.951188311e-06  9.940076258e-06  1.003908605e-05  2.286722545e-06  7.664465766e-06  3.109
381  8159.300526  0.6967987372  2.000932844e-05  9.968198241e-06  1.000249062e-05  1.000683781e-05  2.287272565e-06  7.680925676e-06  3.17
382  8159.500934  0.6965971258  1.996229044e-05  9.946770145e-06  9.91009154e-06  1.00521989e-05  2.288783527e-06  7.657986618e-06  3.2792
383  8159.700289  0.6966186838  1.995961022e-05  9.945220248e-06  9.861373901e-06  1.009823632e-05  2.275891311e-06  7.669328937e-06  3.2764
384  8159.899795  0.6964047043  1.998341308e-05  9.959211276e-06  9.921810616e-06  1.006160247e-05  2.288814291e-06  7.670396985e-06  3.2346
385  8160.099638  0.6962598387  1.998256636e-05  9.96023208e-06  9.986604792e-06  9.995961563e-06  2.295050427e-06  7.665181653e-06  3.1918
386  8160.30034  0.6961400696  1.995900452e-05  9.949679367e-06  9.876896878e-06  1.008210764e-05  2.281890845e-06  7.667788522e-06  3.1562
387  8160.500887  0.6960768913  1.997085938e-05  9.956218079e-06  9.892931519e-06  1.007792786e-05  2.286738098e-06  7.66947998e-06  3.1268
388  8160.699752  0.6959078576  1.996275707e-05  9.953861175e-06  9.91681602e-06  1.004594105e-05  2.280178687e-06  7.673682488e-06  3.092
389  8160.899952  0.6956990846  1.997916101e-05  9.964120556e-06  9.928001866e-06  1.005115915e-05  2.29543458e-06  7.668685976e-06  3.0558
390  8161.100331  0.6955919253  1.998815895e-05  9.969676346e-06  9.926651426e-06  1.006150753e-05  2.292187738e-06  7.677488608e-06  3.0534
391  8161.301427  0.695525118  1.995310783e-05  9.95285848e-06  9.889283498e-06  1.006382434e-05  2.280624644e-06  7.672233836e-06  3.0018
392  8161.501249  0.695339568  1.997069258e-05  9.963478523e-06  9.957357267e-06  1.001333531e-05  2.288138475e-06  7.675340048e-06  3.0766
393  8161.70111  0.6951519405  1.998099243e-05  9.970487732e-06  9.943418579e-06  1.003757385e-05  2.287334778e-06  7.683152954e-06  3.128
394  8161.900799  0.6949190503  1.996668778e-05  9.965670368e-06  9.916624535e-06  1.005006325e-05  2.29141752e-06  7.674252848e-06  3.175
395  8162.100432  0.6949532817  1.994605733e-05  9.955032622e-06  9.877782447e-06  1.006827488e-05  2.277875288e-06  7.677157334e-06  3.213
396  8162.300397  0.6947853257  2.000958184e-05  9.988415035e-06  9.992054362e-06  1.001752747e-05  2.302325155e-06  7.686089881e-06  3.2426
397  8162.50029  0.6945887341  1.995997584e-05  9.965611598e-06  9.911220462e-06  1.004875538e-05  2.28956054e-06  7.676051059e-06  3.2254
398  8162.700416  0.6944595549  1.994139689e-05  9.957621739e-06  9.881200257e-06  1.006019663e-05  2.286515006e-06  7.671106733e-06  3.2184
399  8162.901033  0.6942990666  1.995450454e-05  9.965766231e-06  9.879845004e-06  1.007465954e-05  2.290873588e-06  7.674892643e-06  3.1616
400  8163.099948  0.6941839647  1.998156234e-05  9.980428254e-06  9.971449248e-06  1.001011309e-05  2.293876574e-06  7.68655168e-06  3.0874
401  8163.300055  0.693967448  1.995565213e-05  9.969644934e-06  9.924981342e-06  1.003067079e-05  2.293062722e-06  7.676582212e-06  3.075
402  8163.50008  0.693864017  1.99586887e-05  9.972193358e-06  9.915253686e-06  1.004343502e-05  2.290534473e-06  7.681658886e-06  3.0484
403  8163.700562  0.6937656956  1.99862537e-05  9.986947862e-06  9.947196379e-06  1.003905732e-05  2.30180393e-06  7.685143932e-06  3.0206
404  8163.900388  0.6935557104  1.995885427e-05  9.975351076e-06  9.918773764e-06  1.004008051e-05  2.284489811e-06  7.690861264e-06  3.0332
405  8164.101253  0.6935540022  1.994370868e-05  9.967798398e-06  9.903843781e-06  1.00398649e-05  2.290701359e-06  7.67709704e-06  3.0566
406  8164.300404  0.6933693223  1.998730994e-05  9.991435207e-06  9.981869271e-06  1.000544067e-05  2.303570566e-06  7.687864641e-06  3.11
407  8164.499949  0.6932713509  1.995042714e-05  9.973975021e-06  9.897780007e-06  1.005264713e-05  2.284094243e-06  7.689880778e-06  3.1874
408  8164.700487  0.6930877865  1.995991507e-05  9.980550302e-06  9.903172585e-06  1.005674248e-05  2.296631595e-06  7.683918706e-06  3.2672
409  8164.899937  0.6929627179  1.997405554e-05  9.988870175e-06  9.923628929e-06  1.005042661e-05  2.295289144e-06  7.693581031e-06  3.2114
410  8165.100176  0.6928132981  1.995447576e-05  9.980569661e-06  9.934521914e-06  1.001995385e-05  2.294944286e-06  7.685625374e-06  3.1992
411  8165.299689  0.6926685882  1.996904144e-05  9.989300378e-06  9.959700741e-06  1.00093407e-05  2.302111734e-06  7.687188643e-06  3.1622
412  8165.500273  0.6925332431  1.994008009e-05  9.976162903e-06  9.857235588e-06  1.00828445e-05  2.28600151e-06  7.690161393e-06  3.1644
413  8165.699886  0.6923678938  1.995797825e-05  9.986768652e-06  9.911310193e-06  1.004666806e-05  2.297977011e-06  7.688791641e-06  3.105
414  8165.899781  0.6922562186  1.995857983e-05  9.988185045e-06  9.939015086e-06  1.001956474e-05  2.299617798e-06  7.688567247e-06  3.0754
415  8166.099864  0.6921426823  1.998539975e-05  1.000274257e-05  9.997364722e-06  9.988035026e-06  2.308274068e-06  7.694468498e-06  3.0396
416  8166.300574  0.6920198713  1.993969473e-05  9.981092802e-06  9.847765424e-06  1.00919293e-05  2.292216457e-06  7.688876345e-06  3.0382
417  8166.500832  0.6919792691  1.993278729e-05  9.97804031e-06  9.854469863e-06  1.007831743e-05  2.282418938e-06  7.695621371e-06  3.0464
418  8166.700997  0.6916929967  1.999067708e-05  1.000988417e-05  1.000488244e-05  9.98579464e-06  2.317452734e-06  7.692431439e-06  3.0676
419  8166.900391  0.6915794346  1.994724243e-05  9.989269582e-06  9.913049228e-06  1.00341932e-05  2.285382122e-06  7.70388746e-06  3.1082
420  8167.101261  0.6914612234  1.995693526e-05  9.99530509e-06  9.969868592e-06  9.98706667e-06  2.309270078e-06  7.686035012e-06  3.1662
421  8167.300191  0.6914315069  1.993469427e-05  9.984462526e-06  9.863046364e-06  1.00716479e-05  2.286174562e-06  7.698287964e-06  3.24
422  8167.500598  0.6912722096  1.999161482e-05  1.001456684e-05  9.968075752e-06  1.002353907e-05  2.308058023e-06  7.706508815e-06  3.2016
423  8167.699844  0.6910508328  1.995323739e-05  9.997555093e-06  9.935974667e-06  1.001726272e-05  2.304342694e-06  7.693212399e-06  3.2174
424  8167.900619  0.6909649318  1.99144661e-05  9.978985938e-06  9.861100555e-06  1.005336555e-05  2.283601639e-06  7.695384299e-06  3.1426
425  8168.100664  0.6908030653  1.996846282e-05  1.000766305e-05  9.946937137e-06  1.002152569e-05  2.318614117e-06  7.689048937e-06  3.1482
426  8168.299583  0.690771521  1.992613918e-05  9.986766586e-06  9.878266766e-06  1.004787241e-05  2.281263033e-06  7.705503553e-06  3.0862
427  8168.50019  0.690489036  1.996344528e-05  1.000829079e-05  9.964612015e-06  9.998833261e-06  2.319434127e-06  7.688856668e-06  3.0776
428  8168.699975  0.6904648341  1.993191282e-05  9.992724441e-06  9.821859051e-06  1.011005376e-05  2.286708316e-06  7.706016125e-06  3.029
429  8168.90008  0.6902907554  1.996040913e-05  1.000875302e-05  9.954253569e-06  1.000615556e-05  2.306159948e-06  7.702593077e-06  3.0196
430  8169.099661  0.6900860595  1.994691567e-05  1.000403457e-05  9.959679275e-06  9.987236398e-06  2.308017105e-06  7.696017469e-06  3.0528
431  8169.299958  0.690011942  1.990999308e-05  9.98625681e-06  9.859276437e-06  1.005071665e-05  2.287406983e-06  7.698849827e-06  3.0796
432  8169.501047  0.6899884736  1.995931571e-05  1.001123051e-05  9.944163801e-06  1.00151519e-05  2.311797035e-06  7.69943347e-06  3.1306
433  8169.700218  0.6898012169  1.994981269e-05  1.000833792e-05  9.918177335e-06  1.003163535e-05  2.290051658e-06  7.718286258e-06  3.1664
434  8169.900281  0.6896170331  1.993302529e-05  1.000175808e-05  9.901878997e-06  1.003114629e-05  2.310618643e-06  7.691139434e-06  3.2198
435  8170.10006  0.6894732726  1.993008645e-05  1.000172121e-05  9.879838469e-06  1.005024798e-05  2.297459096e-06  7.704262114e-06  3.1938
436  8170.29995  0.6892918348  1.993539364e-05  1.000619991e-05  9.915865524e-06  1.001952811e-05  2.306327639e-06  7.69987227e-06  3.1624
437  8170.499909  0.6891843311  1.992665032e-05  1.000288666e-05  9.910474073e-06  1.001617625e-05  2.301680358e-06  7.701206298e-06  3.1566
438  8170.699893  0.6890955106  1.992293936e-05  1.000191214e-05  9.87189252e-06  1.005104684e-05  2.301283201e-06  7.700628939e-06  3.1482
439  8170.901017  0.6889513837  1.992497984e-05  1.000437832e-05  9.893445135e-06  1.003153471e-05  2.297830736e-06  7.706547586e-06  3.0904
440  8171.100365  0.6888279552  1.992552118e-05  1.000588507e-05  9.894778428e-06  1.003074276e-05  2.305728209e-06  7.700156857e-06  3.0896
441  8171.300059  0.6887372833  1.995026948e-05  1.00192212e-05  9.96003448e-06  9.990235e-06  2.310614414e-06  7.708606783e-06  3.0504
442  8171.500786  0.6884590375  1.992031728e-05  1.000696292e-05  9.91043865e-06  1.000987863e-05  2.301786082e-06  7.705176833e-06  3.058
443  8171.70084  0.6884595597  1.989844786e-05  9.995971604e-06  9.842693178e-06  1.005575469e-05  2.29906239e-06  7.696909214e-06  3.0428
444  8171.9008  0.6883573924  1.994016237e-05  1.001795031e-05  9.94230499e-06  9.99785738e-06  2.305465974e-06  7.712484338e-06  3.0452
445  8172.100138  0.6880766516  1.993956521e-05  1.002046306e-05  9.953675315e-06  9.985889898e-06  2.311032554e-06  7.709430504e-06  3.2096
446  8172.301167  0.6880447545  1.989071944e-05  9.996234864e-06  9.819268054e-06  1.007145138e-05  2.289481696e-06  7.706753168e-06  3.1754
447  8172.500609  0.6879159689  1.99366492e-05  1.002060765e-05  9.891839623e-06  1.004480958e-05  2.314142525e-06  7.706465125e-06  3.1998
448  8172.70065  0.6877928801  1.99351816e-05  1.002110341e-05  9.932445658e-06  1.000273594e-05  2.303313193e-06  7.717790215e-06  3.1902
449  8172.900573  0.6874787385  1.990991623e-05  1.001154745e-05  9.933362083e-06  9.976554144e-06  2.311461373e-06  7.700086079e-06  3.1532
450  8173.101247  0.6875441891  1.9895224e-05  1.000350482e-05  9.827164307e-06  1.006805969e-05  2.303310547e-06  7.700194275e-06  3.1242
451  8173.300939  0.6874242673  1.992190648e-05  1.001812234e-05  9.888050857e-06  1.003385562e-05  2.297856106e-06  7.720266237e-06  3.091
452  8173.499755  0.687160605  1.99286883e-05  1.002417536e-05  9.968582529e-06  9.960105771e-06  2.32008243e-06  7.704092933e-06  3.0516
453  8173.700239  0.6870918554  1.990393166e-05  1.001241104e-05  9.837706031e-06  1.006622563e-05  2.298438033e-06  7.713973007e-06  3.075
454  8173.900673  0.6869673077  1.993286792e-05  1.002821596e-05  9.895125734e-06  1.003774218e-05  2.315589613e-06  7.712626346e-06  3.0088
455  8174.100622  0.6868407065  1.989705383e-05  1.001146529e-05  9.86678827e-06  1.003026556e-05  2.293579227e-06  7.717886065e-06  3.049
456  8174.299862  0.6866332231  1.992084256e-05  1.002551482e-05  9.93553402e-06  9.985308544e-06  2.313326999e-06  7.712187822e-06  3.0152
457  8174.500584  0.6864725154  1.991617112e-05  1.002477476e-05  9.892318362e-06  1.002385276e-05  2.310704004e-06  7.714070759e-06  3.1516
458  8174.700165  0.6864431812  1.990651696e-05  1.002020929e-05  9.880723026e-06  1.002579393e-05  2.297739549e-06  7.722469736e-06  3.1886
459  8174.900494  0.6863415536  1.991191941e-05  1.002394734e-05  9.898649367e-06  1.001327004e-05  2.314865682e-06  7.709081659e-06  3.2178
460  8175.099986  0.686151164  1.991890769e-05  1.002937465e-05  9.892172562e-06  1.002673512e-05  2.304984527e-06  7.724390118e-06  3.232
461  8175.300732  0.6859203825  1.990660074e-05  1.00254914e-05  9.889997223e-06  1.001660351e-05  2.317656399e-06  7.707835003e-06  3.2044
462  8175.500198  0.6859519279  1.988079819e-05  1.001218071e-05  9.834727758e-06  1.004607044e-05  2.293558724e-06  7.71862199e-06  3.1612
463  8175.699809  0.6857617397  1.992339603e-05  1.00355419e-05  9.940542796e-06  9.982853239e-06  2.325682746e-06  7.709859152e-06  3.15
464  8175.900322  0.6856663077  1.989292467e-05  1.002114957e-05  9.832786183e-06  1.006013849e-05  2.298480512e-06  7.722669059e-06  3.1334
465  8176.100325  0.6855875257  1.989604175e-05  1.002350945e-05  9.872591592e-06  1.002345015e-05  2.311624108e-06  7.711885344e-06  3.0758
466  8176.299997  0.6854582085  1.993415683e-05  1.004401039e-05  9.937517627e-06  9.996639202e-06  2.317020815e-06  7.726989572e-06  3.063
467  8176.499858  0.6852563757  1.991449529e-05  1.003612916e-05  9.899602843e-06  1.001489245e-05  2.310054243e-06  7.726074912e-06  3.0246
468  8176.700537  0.6851614056  1.987776906e-05  1.001857198e-05  9.840905254e-06  1.00368638e-05  2.309551208e-06  7.709020775e-06  3.0372
469  8176.900516  0.6852144863  1.989346388e-05  1.002595011e-05  9.867233028e-06  1.002623085e-05  2.29838196e-06  7.727568153e-06  3.0762
470  8177.100358  0.6848359375  1.992984127e-05  1.004808664e-05  9.946547112e-06  9.983294157e-06  2.325076304e-06  7.723010336e-06  3.1668
471  8177.300082  0.6846982153  1.989101047e-05  1.002989044e-05  9.896376873e-06  9.994633596e-06  2.305866009e-06  7.724024435e-06  3.2052
472  8177.500658  0.6845739115  1.988690416e-05  1.002906645e-05  9.862644475e-06  1.002425969e-05  2.314775797e-06  7.714290649e-06  3.2034
473  8177.700428  0.6845001717  1.992280555e-05  1.00479126e-05  9.897148553e-06  1.002565699e-05  2.313347764e-06  7.734564834e-06  3.1758
474  8177.899829  0.6843582719  1.989613574e-05  1.003588588e-05  9.883594362e-06  1.001254137e-05  2.311190504e-06  7.724695371e-06  3.1648
475  8178.099777  0.6841451581  1.990176937e-05  1.004086718e-05  9.892478774e-06  1.00092906e-05  2.317433297e-06  7.723433881e-06  3.1626
476  8178.300153  0.6841780681  1.987206202e-05  1.002554924e-05  9.820845188e-06  1.005121683e-05  2.306091969e-06  7.719457272e-06  3.1232
477  8178.500481  0.6839690254  1.989683424e-05  1.004014554e-05  9.907747863e-06  9.989086374e-06  2.315695131e-06  7.724450409e-06  3.0822
478  8178.699324  0.6838305777  1.991076909e-05  1.004856831e-05  9.924494593e-06  9.986274493e-06  2.317417546e-06  7.731150765e-06  3.0418
479  8178.899912  0.6836894237  1.989469372e-05  1.004187274e-05  9.8555987e-06  1.003909502e-05  2.321538581e-06  7.720334162e-06  3.0486
480  8179.100548  0.6836605361  1.989191171e-05  1.004075857e-05  9.854793549e-06  1.003711816e-05  2.309710035e-06  7.731048533e-06  2.9786
481  8179.299653  0.683496435  1.990357519e-05  1.00482947e-05  9.943058949e-06  9.960516241e-06  2.320964005e-06  7.727330694e-06  3.0218
482  8179.499847  0.6832699372  1.989846137e-05  1.004798858e-05  9.916263703e-06  9.982197669e-06  2.311221584e-06  7.736767e-06  3.1014
483  8179.700921  0.6831858324  1.988554165e-05  1.004230917e-05  9.85018472e-06  1.003535693e-05  2.317986705e-06  7.724322467e-06  3.195
484  8179.900509  0.6831285217  1.988684346e-05  1.004354218e-05  9.881568587e-06  1.000527488e-05  2.307885716e-06  7.735656465e-06  3.2066
485  8180.100594  0.6828896885  1.991460747e-05  1.005996633e-05  9.915847422e-06  9.998760045e-06  2.325980879e-06  7.733985449e-06  3.2122
486  8180.299697  0.6827261761  1.99024912e-05  1.005548979e-05  9.885454925e-06  1.001703627e-05  2.320792697e-06  7.734697097e-06  3.191
487  8180.500924  0.6826502583  1.986864613e-05  1.003915211e-05  9.832125282e-06  1.003652085e-05  2.309290387e-06  7.729861725e-06  3.1684
488  8180.700118  0.6826027562  1.988619179e-05  1.004849482e-05  9.895273682e-06  9.990918105e-06  2.321479639e-06  7.727015186e-06  3.1406
489  8180.900379  0.6823827923  1.990013e-05  1.00577499e-05  9.910161418e-06  9.989968577e-06  2.318178546e-06  7.739571356e-06  3.1018
490  8181.100502  0.6822339238  1.989302134e-05  1.005565397e-05  9.907444845e-06  9.9855765e-06  2.322743652e-06  7.732910316e-06  3.095
491  8181.300075  0.682171395  1.985923554e-05  1.003920342e-05  9.800188165e-06  1.005904737e-05  2.308810573e-06  7.730392845e-06  3.0398
492  8181.500246  0.6820535609  1.990778231e-05  1.006493061e-05  9.906491946e-06  1.000129036e-05  2.33033311e-06  7.734597503e-06  2.991
493  8181.699604  0.6818415708  1.98946783e-05  1.006043801e-05  9.908892589e-06  9.985785714e-06  2.31750812e-06  7.742929887e-06  3.0076
494  8181.901541  0.6816711251  1.98805185e-05  1.00549913e-05  9.898883653e-06  9.981634852e-06  2.317882778e-06  7.737108517e-06  3.0968
495  8182.101567  0.6815890083  1.987839475e-05  1.005474279e-05  9.871913295e-06  1.000648146e-05  2.321371599e-06  7.733371193e-06  3.1352
496  8182.300606  0.6814454546  1.988713786e-05  1.00606093e-05  9.856257049e-06  1.003088081e-05  2.313605135e-06  7.747004167e-06  3.1802
497  8182.500239  0.6812977796  1.989872069e-05  1.006795556e-05  9.911664828e-06  9.987055861e-06  2.329453356e-06  7.738502202e-06  3.1742
498  8182.700379  0.6811350773  1.988600192e-05  1.006315754e-05  9.888566305e-06  9.997435616e-06  2.322582788e-06  7.740574749e-06  3.1978
499  8182.899611  0.6810678978  1.987960587e-05  1.006059671e-05  9.876841476e-06  1.000276439e-05  2.320262716e-06  7.74033399e-06  3.1694
500  8183.100217  0.6810700701  1.987493554e-05  1.005821132e-05  9.880456427e-06  9.994479115e-06  2.325245585e-06  7.732965732e-06  3.166
501  8183.300287  0.6807751064  1.988080963e-05  1.006415217e-05  9.907028074e-06  9.973781555e-06  2.323593388e-06  7.740558779e-06  3.0762
502  8183.500412  0.6806763756  1.98870152e-05  1.006828758e-05  9.890000154e-06  9.997015046e-06  2.32666712e-06  7.74162046e-06  3.0982
503  8183.700247  0.6806717433  1.985438994e-05  1.005181681e-05  9.839885693e-06  1.001450424e-05  2.311053472e-06  7.740763334e-06  3.0438
504  8183.900171  0.6804360491  1.99037897e-05  1.007920209e-05  9.934292969e-06  9.969496727e-06  2.338783929e-06  7.740418158e-06  3.0406
505  8184.100447  0.6804049792  1.98791949e-05  1.006706015e-05  9.838205338e-06  1.004098956e-05  2.316854668e-06  7.750205485e-06  2.9994
506  8184.301282  0.6801906683  1.986816672e-05  1.006363187e-05  9.863341881e-06  1.000482483e-05  2.31905034e-06  7.744581526e-06  3.0202
507  8184.500908  0.6801608097  1.988579365e-05  1.007286103e-05  9.90816546e-06  9.977628192e-06  2.327990911e-06  7.744870116e-06  3.0872
508  8184.700951  0.679901254  1.988377953e-05  1.007445535e-05  9.903924843e-06  9.979854686e-06  2.323082904e-06  7.751372441e-06  3.1842
509  8184.90072  0.6798378567  1.986277186e-05  1.006444949e-05  9.862716266e-06  1.00000556e-05  2.325952271e-06  7.73849722e-06  3.17
510  8185.100035  0.6797412948  1.986819463e-05  1.006816936e-05  9.861009147e-06  1.000718548e-05  2.317967661e-06  7.750201695e-06  3.1934
511  8185.300536  0.6795296122  1.990384816e-05  1.008837202e-05  9.918458207e-06  9.985389949e-06  2.338638786e-06  7.749733235e-06  3.1816
512  8185.500557  0.6794261802  1.987315371e-05  1.007385628e-05  9.848976135e-06  1.002417758e-05  2.321666947e-06  7.752189334e-06  3.1612
513  8185.70047  0.6793006231  1.985602577e-05  1.006643783e-05  9.843458231e-06  1.001256754e-05  2.324458174e-06  7.741979654e-06  3.1294
514  8185.899687  0.6792603039  1.986696298e-05  1.007238879e-05  9.867224739e-06  9.999738246e-06  2.325374198e-06  7.747014588e-06  3.1116
515  8186.100027  0.6791120834  1.988161532e-05  1.008131155e-05  9.87975788e-06  1.000185744e-05  2.328226734e-06  7.753084814e-06  3.0664
516  8186.300362  0.6790257438  1.985930133e-05  1.007086634e-05  9.852783254e-06  1.000651808e-05  2.330111068e-06  7.740755271e-06  3.023
517  8186.500265  0.6789163419  1.986950817e-05  1.007714474e-05  9.848981188e-06  1.002052699e-05  2.322056499e-06  7.755088238e-06  3.0218
518  8186.70117  0.6787529007  1.99071881e-05  1.0097905e-05  9.943377793e-06  9.963810305e-06  2.339117149e-06  7.758787852e-06  2.9956
519  8186.900466  0.6786548398  1.985448243e-05  1.007215773e-05  9.853735709e-06  1.000074673e-05  2.318954971e-06  7.753202762e-06  3.0356
520  8187.100751  0.6785137395  1.987527161e-05  1.008412683e-05  9.895100708e-06  9.980170898e-06  2.324527771e-06  7.75959906e-06  3.1266
521  8187.300603  0.6783942547  1.986732423e-05  1.008129906e-05  9.850942864e-06  1.001638137e-05  2.32714599e-06  7.754153066e-06  3.1794
522  8187.50002  0.6782248736  1.987094819e-05  1.0084846e-05  9.897887032e-06  9.97306116e-06  2.326922507e-06  7.757923498e-06  3.18
523  8187.699752  0.6781113482  1.986895097e-05  1.008497722e-05  9.871582814e-06  9.997368156e-06  2.334157075e-06  7.750820142e-06  3.2182
524  8187.900203  0.6779584376  1.987450748e-05  1.008934021e-05  9.850323256e-06  1.002418422e-05  2.32568678e-06  7.76365343e-06  3.1862
525  8188.100838  0.6778141526  1.986284438e-05  1.00848744e-05  9.867421533e-06  9.995422849e-06  2.330694988e-06  7.754179414e-06  3.1392
526  8188.300061  0.6777572491  1.98684974e-05  1.008831863e-05  9.865071647e-06  1.000342576e-05  2.325322747e-06  7.762995884e-06  3.1164
527  8188.501286  0.677613124  1.986954029e-05  1.009030232e-05  9.858969542e-06  1.001057075e-05  2.334777636e-06  7.755524684e-06  3.123
528  8188.700904  0.6775337726  1.985083471e-05  1.008160307e-05  9.837984179e-06  1.001285053e-05  2.323101106e-06  7.75850196e-06  3.0488
529  8188.89996  0.6774009108  1.988068953e-05  1.009810694e-05  9.922119797e-06  9.958569735e-06  2.338230247e-06  7.759876693e-06  3.0216
530  8189.100556  0.6773026382  1.986544751e-05  1.009135663e-05  9.854338756e-06  1.001110876e-05  2.335950701e-06  7.755405931e-06  2.9848
531  8189.30099  0.677165818  1.987557251e-05  1.009788148e-05  9.861918584e-06  1.001365393e-05  2.329134205e-06  7.768747279e-06  2.9816
532  8189.500978  0.677089463  1.986342816e-05  1.009248207e-05  9.854291175e-06  1.000913699e-05  2.329553967e-06  7.762928104e-06  3.0236
533  8189.700831  0.6768894233  1.987383053e-05  1.009978761e-05  9.892620903e-06  9.98120963e-06  2.329536962e-06  7.770250643e-06  3.1314
534  8189.901059  0.676755071  1.986063988e-05  1.00944403e-05  9.84615439e-06  1.001448549e-05  2.333741329e-06  7.76069897e-06  3.2064
535  8190.100895  0.6766766814  1.985355098e-05  1.009162832e-05  9.869516471e-06  9.984034513e-06  2.327385661e-06  7.764242656e-06  3.2178
536  8190.300616  0.6765459798  1.987501236e-05  1.010385771e-05  9.868373248e-06  1.000663912e-05  2.336226503e-06  7.76763121e-06  3.2146
537  8190.49997  0.6763444288  1.987984184e-05  1.010835002e-05  9.863935456e-06  1.001590639e-05  2.339051014e-06  7.769299004e-06  3.174
538  8190.699905  0.676190676  1.984627107e-05  1.009283189e-05  9.841461543e-06  1.000480953e-05  2.330463946e-06  7.762367948e-06  3.1662
539  8190.900268  0.676199196  1.985481213e-05  1.009708943e-05  9.858051325e-06  9.996760809e-06  2.329712587e-06  7.767376839e-06  3.122
540  8191.099941  0.6759823647  1.987304005e-05  1.010855078e-05  9.895567855e-06  9.977472197e-06  2.342564218e-06  7.765986559e-06  3.0756
541  8191.299702  0.6758792427  1.985941573e-05  1.010266243e-05  9.885332198e-06  9.974083534e-06  2.335424782e-06  7.767237649e-06  3.0552
542  8191.500152  0.6757679138  1.98413409e-05  1.009459136e-05  9.822550715e-06  1.001879018e-05  2.330549576e-06  7.764041781e-06  3.0358
543  8191.700991  0.675725191  1.987343788e-05  1.011135317e-05  9.857958476e-06  1.001547941e-05  2.337519137e-06  7.773834038e-06  2.9988
544  8191.900464  0.6755275021  1.988307851e-05  1.011825828e-05  9.880175543e-06  1.000290297e-05  2.339919017e-06  7.778339259e-06  3.0094
545  8192.100695  0.6754261444  1.985855349e-05  1.010680214e-05  9.879038789e-06  9.979514705e-06  2.331455008e-06  7.775347133e-06  3.0896
546  8192.301006  0.6752881813  1.985391182e-05  1.010583395e-05  9.866296792e-06  9.98761503e-06  2.335463958e-06  7.770369988e-06  3.1626
547  8192.501283  0.6751840732  1.988351293e-05  1.012195492e-05  9.891252131e-06  9.992260799e-06  2.33920035e-06  7.782754571e-06  3.2094
548  8192.700662  0.6750141933  1.98526208e-05  1.010794588e-05  9.857751418e-06  9.99486938e-06  2.33609411e-06  7.771851769e-06  3.226
549  8192.900471  0.6748617527  1.985989063e-05  1.011318885e-05  9.857230105e-06  1.000266053e-05  2.339439868e-06  7.773748984e-06  3.207
550  8193.100187  0.674814104  1.987033332e-05  1.01189887e-05  9.858179549e-06  1.001215377e-05  2.339955473e-06  7.779033222e-06  3.1324
551  8193.299898  0.6746333343  1.985247905e-05  1.011172411e-05  9.864673705e-06  9.987805341e-06  2.333461416e-06  7.778262698e-06  3.1446
552  8193.499764  0.6745222795  1.986230746e-05  1.011785372e-05  9.875533665e-06  9.986773794e-06  2.344635476e-06  7.773218247e-06  3.1094
553  8193.699962  0.6743880118  1.985653424e-05  1.011627105e-05  9.829052225e-06  1.002748202e-05  2.336619298e-06  7.779651747e-06  3.0878
554  8193.900445  0.6742566452  1.985330456e-05  1.011595444e-05  9.858143957e-06  9.995160605e-06  2.334341815e-06  7.781612622e-06  3.0424
555  8194.100539  0.6741803512  1.986607179e-05  1.01232321e-05  9.867821187e-06  9.998250607e-06  2.339532236e-06  7.783699866e-06  2.9856
556  8194.300186  0.674016982  1.98757312e-05  1.012980904e-05  9.877647604e-06  9.998083593e-06  2.345025818e-06  7.784783226e-06  2.9884
557  8194.500599  0.6738324089  1.985201639e-05  1.011959026e-05  9.839563511e-06  1.001245288e-05  2.339756446e-06  7.779833811e-06  3.0374
558  8194.700943  0.6737854827  1.986085217e-05  1.01245694e-05  9.882192658e-06  9.978659511e-06  2.332567329e-06  7.792002072e-06  3.0952
559  8194.900154  0.6735706  1.98725585e-05  1.013271411e-05  9.911082808e-06  9.961475688e-06  2.348339421e-06  7.784374687e-06  3.141
560  8195.100178  0.6734643797  1.986296713e-05  1.012889946e-05  9.89346087e-06  9.969506264e-06  2.342189968e-06  7.786709487e-06  3.203
561  8195.299865  0.6733404679  1.982930422e-05  1.011298647e-05  9.805561261e-06  1.002374296e-05  2.33520935e-06  7.777777119e-06  3.2144
562  8195.499787  0.6733973773  1.988102525e-05  1.013878729e-05  9.886288568e-06  9.99473668e-06  2.347992918e-06  7.790794373e-06  3.1714
563  8195.699507  0.673116641  1.987234531e-05  1.013720624e-05  9.870048427e-06  1.000229688e-05  2.343609386e-06  7.793596851e-06  3.1726
564  8195.900265  0.6729768586  1.985041748e-05  1.012743604e-05  9.866548462e-06  9.983869019e-06  2.345929138e-06  7.781506897e-06  3.127
565  8196.100567  0.6728146593  1.983690926e-05  1.012218599e-05  9.82830907e-06  1.000860019e-05  2.339229058e-06  7.782956932e-06  3.0836
566  8196.300278  0.6728254168  1.986601675e-05  1.013692963e-05  9.88271858e-06  9.983298173e-06  2.347780234e-06  7.789149395e-06  3.033
567  8196.500171  0.6725660374  1.986331908e-05  1.01381824e-05  9.905836247e-06  9.957482834e-06  2.344537341e-06  7.793645055e-06  3.0242
568  8196.700531  0.6724006072  1.983920752e-05  1.012755119e-05  9.820138871e-06  1.001906865e-05  2.341695668e-06  7.785855518e-06  2.9962
569  8196.90067  0.672348104  1.987899564e-05  1.01483951e-05  9.902910796e-06  9.976084841e-06  2.354592656e-06  7.793802443e-06  2.9978
570  8197.100706  0.6722652736  1.986183405e-05  1.014047387e-05  9.893415473e-06  9.96841858e-06  2.343510812e-06  7.796963059e-06  3.0362
571  8197.300695  0.6721061079  1.985323181e-05  1.013769543e-05  9.889697266e-06  9.963534546e-06  2.341058228e-06  7.796637207e-06  3.1268
572  8197.500903  0.6720066445  1.984832847e-05  1.013619976e-05  9.844160896e-06  1.000416757e-05  2.346099806e-06  7.790099955e-06  3.2166
573  8197.699821  0.6718339323  1.987212199e-05  1.01501036e-05  9.897106698e-06  9.975015292e-06  2.345404595e-06  7.804699004e-06  3.1832
574  8197.899916  0.6717572594  1.986062805e-05  1.014501064e-05  9.887373763e-06  9.973254285e-06  2.357800248e-06  7.787210396e-06  3.2162
575  8198.100235  0.6716273791  1.985682659e-05  1.014438629e-05  9.852978559e-06  1.000384803e-05  2.346284367e-06  7.798101925e-06  3.1718
576  8198.301063  0.6714705188  1.986632629e-05  1.01508316e-05  9.868436279e-06  9.997890015e-06  2.345875977e-06  7.804955627e-06  3.1234
577  8198.500089  0.6713413159  1.984766447e-05  1.014260659e-05  9.879071896e-06  9.96859257e-06  2.354611128e-06  7.787995461e-06  3.1232
578  8198.699875  0.6711695535  1.985403697e-05  1.014760591e-05  9.876009997e-06  9.97802697e-06  2.351444095e-06  7.796161814e-06  3.06
579  8198.900068  0.6711413644  1.986721307e-05  1.01546266e-05  9.862237359e-06  1.000497571e-05  2.34942135e-06  7.80520525e-06  3.0554
580  8199.099572  0.6709613164  1.982393153e-05  1.013432883e-05  9.822100471e-06  1.000183105e-05  2.341950425e-06  7.792378402e-06  2.9774
581  8199.300439  0.6708590939  1.986575437e-05  1.015674757e-05  9.905195793e-06  9.960558578e-06  2.356575216e-06  7.80017235e-06  2.9974
582  8199.500654  0.6707729763  1.989193344e-05  1.017100798e-05  9.936162313e-06  9.955771128e-06  2.361597633e-06  7.80941035e-06  3.0018
583  8199.701355  0.6706419094  1.98166418e-05  1.01338385e-05  9.786288048e-06  1.003035375e-05  2.329643487e-06  7.804195011e-06  3.0564
584  8199.900818  0.6705027808  1.986418518e-05  1.015956463e-05  9.902406616e-06  9.961778564e-06  2.359519066e-06  7.800045564e-06  3.1234
585  8200.100222  0.6703025876  1.985413194e-05  1.015645593e-05  9.841675758e-06  1.001245618e-05  2.343774557e-06  7.812681377e-06  3.201
586  8200.300793  0.6701577334  1.985728748e-05  1.015954171e-05  9.893368622e-06  9.96391886e-06  2.359068055e-06  7.800473655e-06  3.1696
587  8200.500728  0.6701632495  1.982528044e-05  1.014311006e-05  9.824417162e-06  1.000086328e-05  2.345844394e-06  7.79726567e-06  3.2072
588  8200.701126  0.6699592249  1.986874498e-05  1.016742181e-05  9.889623682e-06  9.979121302e-06  2.350831735e-06  7.816590073e-06  3.086
589  8200.90034  0.6698615406  1.987079252e-05  1.016946294e-05  9.888380265e-06  9.982412251e-06  2.36663371e-06  7.802829229e-06  3.1542
590  8201.09977  0.6696930615  1.982807122e-05  1.014930886e-05  9.820850174e-06  1.000722105e-05  2.337626606e-06  7.811682255e-06  3.081
591  8201.300607  0.6696301968  1.985339128e-05  1.016290819e-05  9.872850195e-06  9.980541081e-06  2.360575416e-06  7.802332779e-06  3.0832
592  8201.50021  0.6693962609  1.984274908e-05  1.015983695e-05  9.854115871e-06  9.988633213e-06  2.349122407e-06  7.810714545e-06  3.0188
593  8201.700468  0.6693277714  1.984556513e-05  1.016197478e-05  9.869438261e-06  9.976126873e-06  2.358269986e-06  7.803704798e-06  2.9946
594  8201.900072  0.6691439253  1.985895217e-05  1.017069932e-05  9.862173655e-06  9.996778517e-06  2.352845482e-06  7.817853842e-06  3.0058
595  8202.100317  0.6690872718  1.984459354e-05  1.01639214e-05  9.817015868e-06  1.002757767e-05  2.348506542e-06  7.815414859e-06  3.0154
596  8202.3002  0.6689063891  1.985452351e-05  1.017084686e-05  9.89791772e-06  9.956605795e-06  2.362286178e-06  7.808560681e-06  3.112
597  8202.500144  0.6688330766  1.985132744e-05  1.016995517e-05  9.864541256e-06  9.986786181e-06  2.343705708e-06  7.826249459e-06  3.137
598  8202.701052  0.668661488  1.984588779e-05  1.016891312e-05  9.88234218e-06  9.963545605e-06  2.361909693e-06  7.807003428e-06  3.1922
599  8202.900713  0.6686761656  1.982912216e-05  1.016017339e-05  9.831292289e-06  9.997829874e-06  2.34954289e-06  7.810630499e-06  3.184
600  8203.100862  0.6684328697  1.985411036e-05  1.017545234e-05  9.876092025e-06  9.978018333e-06  2.358501044e-06  7.816951301e-06  3.1762
601  8203.300316  0.6683032429  1.986372872e-05  1.01817016e-05  9.885511247e-06  9.978217473e-06  2.365414998e-06  7.816286602e-06  3.1514
602  8203.500667  0.6682842311  1.981976119e-05  1.015935798e-05  9.782821461e-06  1.003693973e-05  2.34509321e-06  7.814264767e-06  3.1436
603  8203.70047  0.6680393468  1.983145983e-05  1.016784419e-05  9.861045327e-06  9.970414502e-06  2.35936518e-06  7.80847901e-06  3.0638
604  8203.899872  0.6678335485  1.984299798e-05  1.01758539e-05  9.853221868e-06  9.989776109e-06  2.358357844e-06  7.817496061e-06  3.0396
605  8204.100233  0.6678213346  1.985218371e-05  1.018068886e-05  9.862955451e-06  9.989228257e-06  2.359723333e-06  7.820965528e-06  3.0182
606  8204.300744  0.6677930019  1.981962258e-05  1.016427869e-05  9.820132998e-06  9.999489585e-06  2.352474922e-06  7.81180377e-06  2.984
607  8204.500521  0.6675751887  1.984773655e-05  1.018091393e-05  9.865713598e-06  9.982022952e-06  2.357146477e-06  7.823767455e-06  2.9902
608  8204.700604  0.6674166471  1.98647756e-05  1.019126974e-05  9.900413072e-06  9.964362531e-06  2.369893224e-06  7.821376517e-06  3.0258
609  8204.900805  0.6673371078  1.982865728e-05  1.017354904e-05  9.845749436e-06  9.982907848e-06  2.347737148e-06  7.825811896e-06  3.1394
610  8205.100739  0.667135612  1.982794369e-05  1.017523298e-05  9.834417516e-06  9.993526174e-06  2.358072852e-06  7.817160127e-06  3.1434
611  8205.300536  0.6670894371  1.983987343e-05  1.018182517e-05  9.854572326e-06  9.9853011e-06  2.362926033e-06  7.81889914e-06  3.176
612  8205.500046  0.667042427  1.984411705e-05  1.018448176e-05  9.866144976e-06  9.977972076e-06  2.357966325e-06  7.826515438e-06  3.176
613  8205.700413  0.6668394684  1.98217392e-05  1.017506181e-05  9.820718494e-06  1.00010207e-05  2.356529296e-06  7.818532517e-06  3.173
614  8205.899416  0.6666233073  1.984828003e-05  1.019088861e-05  9.848800049e-06  9.99947998e-06  2.364393738e-06  7.826494873e-06  3.1278
615  8206.100572  0.666540048  1.983010541e-05  1.018240479e-05  9.833271488e-06  9.996833923e-06  2.360337069e-06  7.822067722e-06  3.1416
616  8206.300667  0.6663651693  1.981357512e-05  1.017569614e-05  9.83696234e-06  9.976612779e-06  2.35527714e-06  7.820418999e-06  3.0526
617  8206.500438  0.6663248081  1.982748489e-05  1.018325081e-05  9.842863477e-06  9.984621411e-06  2.364624402e-06  7.818626404e-06  3.0236
618  8206.700072  0.6661828452  1.983047792e-05  1.018623397e-05  9.858266645e-06  9.97221127e-06  2.358001977e-06  7.82823199e-06  2.9894
619  8206.90066  0.6659860449  1.98270382e-05  1.018647161e-05  9.84418047e-06  9.982857728e-06  2.364739213e-06  7.821732393e-06  3.0076
620  8207.10118  0.6658874152  1.983715108e-05  1.019267252e-05  9.834920733e-06  1.000223034e-05  2.353033141e-06  7.839639375e-06  3.0416
621  8207.301484  0.6657002208  1.982668931e-05  1.018920426e-05  9.826950445e-06  9.999738864e-06  2.363254162e-06  7.825950101e-06  3.0734
622  8207.500315  0.6656644754  1.982903859e-05  1.019077586e-05  9.87640502e-06  9.95263357e-06  2.359689379e-06  7.831086477e-06  3.1504
623  8207.699976  0.6655438887  1.981523302e-05  1.018490882e-05  9.841818653e-06  9.973414366e-06  2.360007893e-06  7.82490093e-06  3.1968
624  8207.900078  0.6654414646  1.979878586e-05  1.017749745e-05  9.816542323e-06  9.982243532e-06  2.35915415e-06  7.818343299e-06  3.2204
625  8208.099989  0.6653476913  1.976786609e-05  1.016255618e-05  9.800660554e-06  9.967205536e-06  2.350026653e-06  7.812529529e-06  3.1672
626  8208.30029  0.6651355874  1.975575637e-05  1.015848506e-05  9.79356134e-06  9.962195026e-06  2.357263972e-06  7.801221091e-06  3.1684
627  8208.500285  0.6649753811  1.974735903e-05  1.015579401e-05  9.817356091e-06  9.930002938e-06  2.356169197e-06  7.799624815e-06  3.1136
628  8208.700002  0.6650099581  1.966979919e-05  1.011555629e-05  9.746539208e-06  9.923259981e-06  2.347199348e-06  7.768356939e-06  3.1008
629  8208.900109  0.6648059862  1.969115961e-05  1.012860702e-05  9.792507359e-06  9.898652249e-06  2.346790376e-06  7.781816639e-06  3.0494
630  8209.100188  0.6645305616  1.968806199e-05  1.012980329e-05  9.766806858e-06  9.921255128e-06  2.359076641e-06  7.770726653e-06  3.0058
631  8209.299912  0.664638318  1.966717545e-05  1.011796652e-05  9.739950093e-06  9.927225354e-06  2.340564181e-06  7.777402341e-06  2.9636
632  8209.500438  0.6644425833  1.972046541e-05  1.014736805e-05  9.810677602e-06  9.909787804e-06  2.353085861e-06  7.794282188e-06  2.973
633  8209.700577  0.664234974  1.976662376e-05  1.017323114e-05  9.864959717e-06  9.90166404e-06  2.36487428e-06  7.80835686e-06  3.0252
634  8209.900457  0.6641692414  1.974495883e-05  1.016274892e-05  9.7560335e-06  9.988925332e-06  2.348397238e-06  7.81435168e-06  3.1336
635  8210.100028  0.6640616236  1.978383883e-05  1.018385639e-05  9.859726072e-06  9.924112755e-06  2.365433881e-06  7.818422513e-06  3.1754
636  8210.300323  0.663795719  1.977828622e-05  1.018370569e-05  9.837626815e-06  9.940659404e-06  2.362520397e-06  7.821185291e-06  3.2018
637  8210.500742  0.6637467749  1.979941304e-05  1.019508272e-05  9.8207866e-06  9.978626437e-06  2.369155644e-06  7.825927076e-06  3.1856
638  8210.700724  0.6636913061  1.976233415e-05  1.017655458e-05  9.762351569e-06  9.999982579e-06  2.352937773e-06  7.823616809e-06  3.1774
639  8210.900073  0.6634917934  1.982245185e-05  1.020954874e-05  9.896547005e-06  9.925904841e-06  2.376527756e-06  7.833020986e-06  3.1124
640  8211.100146  0.6633631595  1.981718316e-05  1.020814813e-05  9.858436524e-06  9.958746635e-06  2.37376315e-06  7.834384985e-06  3.136
641  8211.300965  0.6633362438  1.976476869e-05  1.018142264e-05  9.777178796e-06  9.987589892e-06  2.35560467e-06  7.825817968e-06  3.0588
642  8211.501026  0.6630921065  1.979898734e-05  1.020153996e-05  9.837288153e-06  9.961699189e-06  2.368026233e-06  7.833513729e-06  3.0504
643  8211.70009  0.6629873195  1.980729287e-05  1.020688892e-05  9.833374535e-06  9.973918333e-06  2.373467386e-06  7.833421538e-06  2.9864
644  8211.900097  0.6628176514  1.978513312e-05  1.019719978e-05  9.801640343e-06  9.983492776e-06  2.365858759e-06  7.831341026e-06  2.9844
645  8212.10114  0.6627876461  1.979927417e-05  1.020479423e-05  9.861652425e-06  9.937621742e-06  2.369743815e-06  7.835050419e-06  3.0226
646  8212.300907  0.6626343609  1.980772863e-05  1.02107168e-05  9.855157196e-06  9.952571431e-06  2.370240222e-06  7.840476576e-06  3.0482
647  8212.501135  0.662571025  1.980445677e-05  1.02096768e-05  9.832462803e-06  9.971993969e-06  2.366504915e-06  7.843171889e-06  3.0994
648  8212.700391  0.6624294767  1.979344626e-05  1.020544508e-05  9.840525021e-06  9.952921238e-06  2.369507484e-06  7.835937596e-06  3.179
649  8212.900212  0.662296094  1.979574947e-05  1.020799409e-05  9.844138187e-06  9.951611285e-06  2.368944276e-06  7.839049813e-06  3.1828
650  8213.100303  0.6620860098  1.979721563e-05  1.021089506e-05  9.852505633e-06  9.944709994e-06  2.375399713e-06  7.835495344e-06  3.1704
651  8213.300081  0.6620156669  1.977362056e-05  1.019944276e-05  9.795197408e-06  9.978423149e-06  2.361107237e-06  7.838335523e-06  3.1428
652  8213.500296  0.6618803937  1.982611694e-05  1.022790442e-05  9.877736816e-06  9.948380127e-06  2.381112183e-06  7.846792236e-06  3.1256
653  8213.70034  0.6617283662  1.978710218e-05  1.020932945e-05  9.78037845e-06  1.000672373e-05  2.365693445e-06  7.843636003e-06  3.0982
654  8213.900889  0.6615134931  1.978799993e-05  1.02119867e-05  9.82758388e-06  9.960416053e-06  2.36926774e-06  7.84271896e-06  3.027
655  8214.100466  0.66148938  1.978788565e-05  1.021217397e-05  9.834592074e-06  9.953293579e-06  2.377100054e-06  7.835073913e-06  3.0208
656  8214.299996  0.66129969  1.979733097e-05  1.021898678e-05  9.844503597e-06  9.952827376e-06  2.37242251e-06  7.846564273e-06  2.943
657  8214.500817  0.6611980913  1.977833656e-05  1.021021954e-05  9.826193141e-06  9.952143419e-06  2.371674598e-06  7.838544941e-06  3.0098
658  8214.700374  0.6611284614  1.979978073e-05  1.022200145e-05  9.862313389e-06  9.937467339e-06  2.373014781e-06  7.848986665e-06  3.0266
659  8214.900412  0.661056548  1.979510071e-05  1.022032025e-05  9.819595337e-06  9.975505371e-06  2.367086121e-06  7.853234131e-06  3.1244
660  8215.10011  0.6608599663  1.980371128e-05  1.022677614e-05  9.86551445e-06  9.938196826e-06  2.381479411e-06  7.845296724e-06  3.156
661  8215.300183  0.6607583837  1.97710172e-05  1.021092988e-05  9.808308887e-06  9.96270831e-06  2.365615821e-06  7.845314062e-06  3.1882
662  8215.500175  0.6605454517  1.978013072e-05  1.021781211e-05  9.810327957e-06  9.96980276e-06  2.375782506e-06  7.842029608e-06  3.1696
663  8215.699678  0.66049838  1.977850859e-05  1.021745512e-05  9.803446994e-06  9.975061599e-06  2.371518992e-06  7.845936125e-06  3.1402
664  8215.899994  0.6603239874  1.978457529e-05  1.022237168e-05  9.84362117e-06  9.94095412e-06  2.374241984e-06  7.848129701e-06  3.117
665  8216.101204  0.6601579221  1.978162701e-05  1.022254583e-05  9.839930159e-06  9.941696853e-06  2.382317202e-06  7.840228624e-06  3.1176
666  8216.301277  0.6600399703  1.978202277e-05  1.02239562e-05  9.816351e-06  9.965671767e-06  2.372646648e-06  7.851309555e-06  3.0184
667  8216.500786  0.6598669953  1.977069595e-05  1.021986979e-05  9.830949318e-06  9.939746635e-06  2.377154159e-06  7.842715629e-06  3.0176
668  8216.700414  0.6597802241  1.976894218e-05  1.021984998e-05  9.826501157e-06  9.942441027e-06  2.375330757e-06  7.844519222e-06  2.9762
669  8216.90075  0.6596548325  1.977367691e-05  1.022357954e-05  9.805391128e-06  9.968285778e-06  2.376238998e-06  7.847340537e-06  2.964
670  8217.10098  0.6596750777  1.977561198e-05  1.022437303e-05  9.836427823e-06  9.939184157e-06  2.371884732e-06  7.852488298e-06  2.9908
671  8217.300599  0.6594159498  1.977687163e-05  1.022767422e-05  9.84322604e-06  9.933645585e-06  2.375996097e-06  7.851678125e-06  3.0584
672  8217.500295  0.6593097341  1.97905816e-05  1.023585153e-05  9.836115156e-06  9.954466441e-06  2.383374411e-06  7.852477119e-06  3.1514
673  8217.700428  0.6591904939  1.975684454e-05  1.021962096e-05  9.786779616e-06  9.97006492e-06  2.370134505e-06  7.849486457e-06  3.1524
674  8217.900496  0.6589503204  1.97734209e-05  1.023065225e-05  9.827463882e-06  9.945957016e-06  2.377058005e-06  7.853594246e-06  3.1824
675  8218.100519  0.6589230605  1.978297704e-05  1.023587557e-05  9.849779371e-06  9.933197666e-06  2.384683493e-06  7.851192074e-06  3.1934
676  8218.299987  0.6588051162  1.975291484e-05  1.022152664e-05  9.797099588e-06  9.955815253e-06  2.368669328e-06  7.85285731e-06  3.1434
677  8218.500262  0.6587002184  1.976218693e-05  1.022739743e-05  9.806804354e-06  9.955382574e-06  2.382621523e-06  7.844775911e-06  3.1514
678  8218.700391  0.6584921565  1.977704822e-05  1.023721825e-05  9.816659312e-06  9.960388904e-06  2.384015496e-06  7.853202758e-06  3.072
679  8218.900352  0.6584371097  1.978274861e-05  1.024073266e-05  9.821123217e-06  9.961625396e-06  2.374557495e-06  7.866175167e-06  3.0524
680  8219.100227  0.6582800373  1.974516375e-05  1.02228821e-05  9.789154891e-06  9.95600886e-06  2.380992236e-06  7.841889862e-06  3.006
681  8219.300493  0.6581210142  1.974884765e-05  1.022641551e-05  9.804218305e-06  9.944629348e-06  2.376856563e-06  7.849558949e-06  2.9718
682  8219.499865  0.6580085216  1.978376173e-05  1.024564733e-05  9.866608335e-06  9.917153395e-06  2.383859708e-06  7.861787626e-06  2.9664
683  8219.700389  0.6579314  1.975240533e-05  1.023019737e-05  9.787767382e-06  9.964637947e-06  2.374003279e-06  7.856194088e-06  3.004
684  8219.900936  0.6578012104  1.976453108e-05  1.023781033e-05  9.791505067e-06  9.973026016e-06  2.37368988e-06  7.864120446e-06  3.0924
685  8220.101092  0.6576385998  1.978729163e-05  1.025126687e-05  9.843360864e-06  9.943930764e-06  2.38845016e-06  7.862816709e-06  3.1374
686  8220.300434  0.6575258862  1.975263241e-05  1.023446435e-05  9.80322203e-06  9.949410375e-06  2.371246386e-06  7.863217965e-06  3.1692
687  8220.500929  0.6574821059  1.976821815e-05  1.024298825e-05  9.85676186e-06  9.911456289e-06  2.390632026e-06  7.852356223e-06  3.1604
688  8220.700138  0.6573286089  1.97440297e-05  1.023202536e-05  9.774603745e-06  9.969425957e-06  2.372390759e-06  7.859634605e-06  3.158
689  8220.900284  0.6572050501  1.975515917e-05  1.023905808e-05  9.802434055e-06  9.952725116e-06  2.382097999e-06  7.856960081e-06  3.0942
690  8221.099887  0.6570910157  1.976066393e-05  1.024307918e-05  9.810293697e-06  9.950370237e-06  2.382728675e-06  7.860350509e-06  3.115
691  8221.300213  0.6569186125  1.97517307e-05  1.024021387e-05  9.772950224e-06  9.978780479e-06  2.377009887e-06  7.863203988e-06  3.0382
692  8221.499651  0.6569166413  1.976236293e-05  1.024574631e-05  9.814896082e-06  9.94746685e-06  2.384586083e-06  7.861160228e-06  3.0414
693  8221.699148  0.6567791769  1.974092864e-05  1.023604075e-05  9.806867181e-06  9.934061456e-06  2.379984384e-06  7.856056367e-06  2.9844
694  8221.899712  0.6565691572  1.975655548e-05  1.024629526e-05  9.830696579e-06  9.925858899e-06  2.384580488e-06  7.86171477e-06  2.987
695  8222.100596  0.6565042734  1.974193675e-05  1.023937793e-05  9.758432573e-06  9.983504177e-06  2.381149853e-06  7.858228077e-06  2.989
696  8222.30089  0.656400543  1.973994563e-05  1.023940729e-05  9.809928919e-06  9.930016707e-06  2.370317813e-06  7.869089481e-06  3.0724
697  8222.500589  0.6562698722  1.976142663e-05  1.025188935e-05  9.852859913e-06  9.908566719e-06  2.38955675e-06  7.862332601e-06  3.1198
698  8222.700318  0.6561128275  1.976645214e-05  1.025610704e-05  9.821573494e-06  9.944878643e-06  2.387463317e-06  7.86864372e-06  3.1868
699  8222.901165  0.655976726  1.974598207e-05  1.024688037e-05  9.792266102e-06  9.953715966e-06  2.383037003e-06  7.863843366e-06  3.1802
700  8223.100895  0.6559341173  1.972887274e-05  1.023843798e-05  9.764690667e-06  9.964182076e-06  2.377463176e-06  7.860974804e-06  3.2038
701  8223.300153  0.6557948857  1.975214961e-05  1.025194497e-05  9.809139361e-06  9.943010251e-06  2.385147814e-06  7.866797158e-06  3.1312
702  8223.500161  0.6555648562  1.974534071e-05  1.025076866e-05  9.804869921e-06  9.940470793e-06  2.388654733e-06  7.862113928e-06  3.119
703  8223.699402  0.655541085  1.974565766e-05  1.025117688e-05  9.798334791e-06  9.94732287e-06  2.381639604e-06  7.869537279e-06  3.0822
704  8223.899847  0.6554452297  1.976616245e-05  1.026280587e-05  9.818235771e-06  9.94792668e-06  2.394804412e-06  7.868001457e-06  3.036
705  8224.099175  0.6553089087  1.975061212e-05  1.025613e-05  9.793230167e-06  9.95738195e-06  2.383604318e-06  7.87252568e-06  3.0266
706  8224.300482  0.6551551235  1.972896627e-05  1.024646534e-05  9.7800714e-06  9.948894873e-06  2.383004391e-06  7.863460952e-06  2.9706
707  8224.500785  0.6550746617  1.974972014e-05  1.025806945e-05  9.825069632e-06  9.924650512e-06  2.390095564e-06  7.867973891e-06  2.982
708  8224.700745  0.6549335766  1.976290949e-05  1.026636837e-05  9.830811482e-06  9.93209801e-06  2.383469588e-06  7.882898785e-06  3.0188
709  8224.900493  0.654792164  1.972949933e-05  1.025046202e-05  9.780090283e-06  9.949409045e-06  2.386588683e-06  7.863873335e-06  3.1212
710  8225.100637  0.6546984097  1.97405788e-05  1.025717997e-05  9.789703923e-06  9.950874882e-06  2.385013352e-06  7.872166619e-06  3.1706
711  8225.300674  0.6545235703  1.977160852e-05  1.027509931e-05  9.827616849e-06  9.943991673e-06  2.39409833e-06  7.881000978e-06  3.1604
712  8225.500265  0.6543234158  1.973508721e-05  1.025817257e-05  9.799129955e-06  9.93595725e-06  2.386101142e-06  7.872071432e-06  3.17
713  8225.700735  0.6542953955  1.972725168e-05  1.025438705e-05  9.775156907e-06  9.952094778e-06  2.384895349e-06  7.869491698e-06  3.154
714  8225.900696  0.6541671689  1.974522349e-05  1.026504511e-05  9.798214196e-06  9.947009292e-06  2.391356388e-06  7.873688718e-06  3.134
715  8226.099711  0.6539799858  1.973599908e-05  1.026217029e-05  9.810883879e-06  9.925115205e-06  2.39218497e-06  7.869985324e-06  3.0848
716  8226.300131  0.653950827  1.972720912e-05  1.025789886e-05  9.771601568e-06  9.955607555e-06  2.383001359e-06  7.874897503e-06  3.052
717  8226.500636  0.6537994044  1.97575437e-05  1.027522824e-05  9.836280326e-06  9.921263375e-06  2.399807199e-06  7.875421043e-06  2.9978
718  8226.700366  0.6537118533  1.974213736e-05  1.026811488e-05  9.795036636e-06  9.947100727e-06  2.388687198e-06  7.879427677e-06  2.9776
719  8226.900514  0.6535648449  1.973932923e-05  1.026816373e-05  9.802044139e-06  9.937285095e-06  2.388420426e-06  7.879743304e-06  2.9734
720  8227.100558  0.6533550216  1.973084562e-05  1.026590446e-05  9.790657919e-06  9.940187705e-06  2.388510998e-06  7.877393459e-06  3.0056
721  8227.300715  0.6533296676  1.974900751e-05  1.027561456e-05  9.807655858e-06  9.941351647e-06  2.389146082e-06  7.886468476e-06  3.061
722  8227.500826  0.6531589339  1.973507492e-05  1.027011859e-05  9.804922447e-06  9.930152469e-06  2.391330919e-06  7.878787673e-06  3.145
723  8227.700691  0.6531009286  1.973713078e-05  1.027178426e-05  9.784813772e-06  9.952317008e-06  2.387105423e-06  7.884678841e-06  3.1608
724  8227.899764  0.6528477187  1.97521667e-05  1.028221263e-05  9.804953686e-06  9.947213013e-06  2.400807943e-06  7.881404684e-06  3.1698
725  8228.100429  0.6528003515  1.973075388e-05  1.027155246e-05  9.809503001e-06  9.921250875e-06  2.388196381e-06  7.883356082e-06  3.1832
726  8228.30047  0.6527355738  1.973223587e-05  1.027298941e-05  9.788410972e-06  9.943824902e-06  2.391710601e-06  7.881278809e-06  3.1378
727  8228.50077  0.6525892103  1.974866313e-05  1.028304672e-05  9.810348019e-06  9.938315115e-06  2.400679149e-06  7.882367567e-06  3.0984
728  8228.700507  0.652391379  1.971875447e-05  1.026950483e-05  9.782283752e-06  9.936470714e-06  2.388657547e-06  7.88084728e-06  3.0768
729  8228.900905  0.6523235418  1.973321142e-05  1.027773118e-05  9.776714735e-06  9.956496688e-06  2.393443253e-06  7.884287929e-06  3.0234
730  8229.100137  0.6522339968  1.974984307e-05  1.028731465e-05  9.786364366e-06  9.963478705e-06  2.396893999e-06  7.89042065e-06  2.9694
731  8229.300521  0.6520678623  1.974879213e-05  1.028847636e-05  9.814382888e-06  9.934409245e-06  2.402220352e-06  7.886256012e-06  2.959
732  8229.501262  0.6519442062  1.971187656e-05  1.027051449e-05  9.768031739e-06  9.943844821e-06  2.385675263e-06  7.884839225e-06  2.963
733  8229.700918  0.6517724144  1.974012621e-05  1.028700053e-05  9.804891408e-06  9.935234807e-06  2.397313656e-06  7.889686872e-06  3.0542
734  8229.900514  0.6516645126  1.975986622e-05  1.029839862e-05  9.844339645e-06  9.91552658e-06  2.397308226e-06  7.901090397e-06  3.0964
735  8230.099833  0.6515207459  1.971358343e-05  1.027575428e-05  9.766987738e-06  9.946595694e-06  2.393128679e-06  7.882625598e-06  3.1474
736  8230.299431  0.6513883972  1.973434122e-05  1.028793583e-05  9.808631933e-06  9.925709285e-06  2.403279227e-06  7.884656601e-06  3.1554
737  8230.499879  0.651318783  1.975194231e-05  1.029782851e-05  9.815730324e-06  9.936211984e-06  2.398308259e-06  7.899520246e-06  3.1632
738  8230.699719  0.651192776  1.972777787e-05  1.028652628e-05  9.790330168e-06  9.937447698e-06  2.398880927e-06  7.887645351e-06  3.1434
739  8230.900444  0.6510361199  1.971138441e-05  1.027958858e-05  9.765343177e-06  9.946041229e-06  2.39213216e-06  7.887456417e-06  3.1198
740  8231.100234  0.6508573582  1.973499909e-05  1.029374372e-05  9.81440513e-06  9.92059396e-06  2.407069674e-06  7.886674046e-06  3.0592
741  8231.29992  0.6507451807  1.973111433e-05  1.0292872e-05  9.811008567e-06  9.920105761e-06  2.39441623e-06  7.898455768e-06  3.033
742  8231.500135  0.6507027272  1.973065319e-05  1.029306841e-05  9.786936147e-06  9.943717047e-06  2.401304813e-06  7.891763599e-06  3.0196
743  8231.700755  0.6505115463  1.973808059e-05  1.02989119e-05  9.781482148e-06  9.956598441e-06  2.406177393e-06  7.892734502e-06  2.9914
744  8231.900261  0.6504002118  1.972321706e-05  1.029230224e-05  9.761603754e-06  9.961613302e-06  2.39104037e-06  7.901261873e-06  2.9576
745  8232.101308  0.650268104  1.973510234e-05  1.029986502e-05  9.842095693e-06  9.893006643e-06  2.404325231e-06  7.895539792e-06  3.001
746  8232.300866  0.6501328931  1.972706614e-05  1.029706307e-05  9.822102466e-06  9.904963674e-06  2.400201037e-06  7.89686203e-06  3.0614
747  8232.500153  0.6500555371  1.973052284e-05  1.029966409e-05  9.801570905e-06  9.928951934e-06  2.401642601e-06  7.898021491e-06  3.1292
748  8232.700241  0.6499424248  1.971362146e-05  1.029200537e-05  9.764898219e-06  9.948723237e-06  2.395020375e-06  7.896984998e-06  3.165
749  8232.900714  0.6497625239  1.974152513e-05  1.030842754e-05  9.801461826e-06  9.940063306e-06  2.40473013e-06  7.903697407e-06  3.1292
750  8233.100082  0.6497056357  1.97436374e-05  1.031011701e-05  9.79169169e-06  9.951945714e-06  2.406520568e-06  7.90359644e-06  3.1142
751  8233.29996  0.6495710792  1.970972483e-05  1.029379288e-05  9.776298757e-06  9.933426076e-06  2.397623016e-06  7.896169869e-06  3.094
752  8233.499519  0.6494401161  1.972581428e-05  1.030354521e-05  9.797643925e-06  9.928170354e-06  2.404034851e-06  7.899510362e-06  3.1122
753  8233.700235  0.6492276549  1.972838431e-05  1.030707726e-05  9.771911446e-06  9.956472868e-06  2.404465621e-06  7.90261164e-06  3.0568
754  8233.900056  0.6491887254  1.970051915e-05  1.029291982e-05  9.725217583e-06  9.975301569e-06  2.392379193e-06  7.900540628e-06  3.027
755  8234.100351  0.649079112  1.973805852e-05  1.031366345e-05  9.822764036e-06  9.915294487e-06  2.412994064e-06  7.900669386e-06  2.9746
756  8234.300268  0.648883728  1.97332863e-05  1.031318467e-05  9.788420841e-06  9.944865461e-06  2.404681478e-06  7.908503193e-06  2.9944
757  8234.500065  0.6488212627  1.973149056e-05  1.031289034e-05  9.796972687e-06  9.93451787e-06  2.399905639e-06  7.912984702e-06  3.0124
758  8234.701138  0.6486315942  1.971952012e-05  1.030858889e-05  9.797013539e-06  9.922506585e-06  2.400922744e-06  7.907666142e-06  3.0918
759  8234.901222  0.6484385628  1.972409578e-05  1.03129714e-05  9.795931058e-06  9.928164727e-06  2.408037552e-06  7.904933844e-06  3.1218
760  8235.101506  0.6483700541  1.971905622e-05  1.031104277e-05  9.743769635e-06  9.975286584e-06  2.400524885e-06  7.910517888e-06  3.1438
761  8235.301019  0.6482867525  1.971743755e-05  1.031105527e-05  9.782566744e-06  9.934870806e-06  2.403455652e-06  7.907599614e-06  3.1438
762  8235.500794  0.6481340961  1.97266687e-05  1.031745752e-05  9.792990112e-06  9.933678589e-06  2.408132263e-06  7.909325256e-06  3.128
763  8235.700786  0.6480728154  1.974399823e-05  1.032715406e-05  9.796336981e-06  9.947661253e-06  2.410870515e-06  7.916283546e-06  3.1228
764  8235.900697  0.6478884162  1.97043008e-05  1.030829087e-05  9.753899923e-06  9.950400872e-06  2.400939011e-06  7.907351858e-06  3.0748
765  8236.10027  0.6477541976  1.972221085e-05  1.031904542e-05  9.803275936e-06  9.918934913e-06  2.41024735e-06  7.908798067e-06  3.0312
766  8236.299999  0.6476490429  1.971567739e-05  1.031671178e-05  9.766945036e-06  9.948732357e-06  2.40424493e-06  7.912466849e-06  3.033
767  8236.500436  0.6475882328  1.971069935e-05  1.031473411e-05  9.782826801e-06  9.927872545e-06  2.406588763e-06  7.90814535e-06  2.9944
768  8236.700747  0.647481618  1.971980494e-05  1.03205994e-05  9.775043823e-06  9.944761122e-06  2.412015425e-06  7.908583976e-06  2.9586
769  8236.900543  0.647268827  1.973188966e-05  1.032912179e-05  9.785897209e-06  9.945992449e-06  2.407360492e-06  7.9217613e-06  2.9836
770  8237.10121  0.6470851839  1.972845525e-05  1.032922069e-05  9.79109588e-06  9.93735937e-06  2.406710531e-06  7.922510157e-06  3.0078
771  8237.300779  0.647008077  1.970414761e-05  1.031728945e-05  9.760476083e-06  9.943671527e-06  2.401950386e-06  7.915339062e-06  3.095
772  8237.500566  0.646913818  1.971798802e-05  1.032550965e-05  9.796085542e-06  9.921902476e-06  2.410938471e-06  7.914571179e-06  3.1128
773  8237.700107  0.6467747903  1.972146925e-05  1.032876852e-05  9.780652632e-06  9.940816619e-06  2.407562939e-06  7.921205578e-06  3.185
774  8237.900766  0.6466774625  1.969795532e-05  1.031745764e-05  9.764966431e-06  9.932988892e-06  2.402532959e-06  7.914924683e-06  3.1276
775  8238.099861  0.6464799363  1.972308182e-05  1.033265925e-05  9.788732818e-06  9.934348999e-06  2.419382305e-06  7.91327694e-06  3.1336
776  8238.299499  0.6464208042  1.972868477e-05  1.033620574e-05  9.77044205e-06  9.958242719e-06  2.406311892e-06  7.929893849e-06  3.1144
777  8238.499693  0.646189423  1.971188087e-05  1.032979173e-05  9.791577327e-06  9.920303543e-06  2.417451128e-06  7.912340598e-06  3.0792
778  8238.699783  0.6460526078  1.969722097e-05  1.032352168e-05  9.734633531e-06  9.962587434e-06  2.400314145e-06  7.923207539e-06  3.0756
779  8238.900015  0.6459833439  1.972543138e-05  1.033902315e-05  9.779150411e-06  9.946280965e-06  2.417262379e-06  7.921760774e-06  3.0148
780  8239.100555  0.6459203773  1.971116707e-05  1.033219712e-05  9.778560177e-06  9.932606888e-06  2.411177146e-06  7.921019976e-06  3.0162
781  8239.300916  0.6457173767  1.971683502e-05  1.033726641e-05  9.769435857e-06  9.947399165e-06  2.410392121e-06  7.926874289e-06  2.9818
782  8239.500983  0.6456826864  1.971651017e-05  1.03374547e-05  9.748081821e-06  9.968428351e-06  2.412143536e-06  7.925311163e-06  3.0166
783  8239.700375  0.6455249354  1.972897599e-05  1.034562249e-05  9.807262886e-06  9.921713108e-06  2.408864649e-06  7.93675784e-06  3.0782
784  8239.900955  0.6453230191  1.971605855e-05  1.034093654e-05  9.808190869e-06  9.907867678e-06  2.420437228e-06  7.920499309e-06  3.1012
785  8240.100824  0.6452826494  1.970502796e-05  1.033556831e-05  9.7625599e-06  9.942468058e-06  2.403599992e-06  7.931968313e-06  3.1462
786  8240.301056  0.645164349  1.970808011e-05  1.033839217e-05  9.764040012e-06  9.944040097e-06  2.414636825e-06  7.923755341e-06  3.1306
787  8240.500493  0.6451104379  1.971397702e-05  1.034204308e-05  9.782326976e-06  9.931650041e-06  2.413288732e-06  7.928754348e-06  3.16
788  8240.700661  0.6448868299  1.971756765e-05  1.034623999e-05  9.781827973e-06  9.935739679e-06  2.418719149e-06  7.927520838e-06  3.1146
789  8240.900412  0.6448070803  1.971749811e-05  1.034702864e-05  9.763556902e-06  9.953941209e-06  2.413841013e-06  7.933187624e-06  3.0858
790  8241.100276  0.6446564918  1.970770744e-05  1.034344833e-05  9.774664526e-06  9.933042915e-06  2.415955374e-06  7.92749296e-06  3.0668
791  8241.30056  0.6446264491  1.970085144e-05  1.034016065e-05  9.751619702e-06  9.949231739e-06  2.411326385e-06  7.928834269e-06  3.0278
792  8241.499959  0.6444513921  1.972687924e-05  1.035563423e-05  9.801338611e-06  9.925540629e-06  2.418198625e-06  7.937435609e-06  3.0348
793  8241.700632  0.6443939517  1.9695851e-05  1.033993986e-05  9.760030536e-06  9.935820462e-06  2.414361833e-06  7.925578025e-06  2.9886
794  8241.900747  0.6443824123  1.971749038e-05  1.035141956e-05  9.77943979e-06  9.938050586e-06  2.412631944e-06  7.938787616e-06  3.0046
795  8242.101419  0.6441111336  1.973392756e-05  1.03628597e-05  9.814954235e-06  9.918973325e-06  2.42652511e-06  7.936334594e-06  3.0462
796  8242.30063  0.6440287272  1.971503412e-05  1.035379139e-05  9.786356034e-06  9.928678082e-06  2.413874288e-06  7.939917103e-06  3.1032
797  8242.501362  0.6438045195  1.968000961e-05  1.033771503e-05  9.738412876e-06  9.941596738e-06  2.414953053e-06  7.922761973e-06  3.0902
798  8242.700161  0.6437941575  1.970527575e-05  1.035109433e-05  9.786452256e-06  9.91882349e-06  2.415503589e-06  7.935590744e-06  3.0818
799  8242.900499  0.6436235022  1.973232227e-05  1.03670708e-05  9.82302068e-06  9.909301587e-06  2.425712573e-06  7.941358223e-06  3.1354
800  8243.100376  0.6435355385  1.968605691e-05  1.034367349e-05  9.737486862e-06  9.948570043e-06  2.409503992e-06  7.934169494e-06  3.1152
801  8243.299959  0.6435119846  1.969820945e-05  1.03503026e-05  9.750238849e-06  9.947970606e-06  2.421091941e-06  7.929210663e-06  3.1024
802  8243.499874  0.6433425035  1.97292148e-05  1.036835126e-05  9.800966464e-06  9.928248336e-06  2.42892884e-06  7.939422421e-06  3.0762
803  8243.699953  0.6432067535  1.969806208e-05  1.035338486e-05  9.760728097e-06  9.937333981e-06  2.410513422e-06  7.942871437e-06  3.0072
804  8243.900169  0.6430975937  1.969379261e-05  1.03522708e-05  9.772051443e-06  9.921741171e-06  2.420389408e-06  7.931881392e-06  3.0308
805  8244.100435  0.6429798226  1.971196476e-05  1.036304359e-05  9.80476736e-06  9.907197395e-06  2.425202893e-06  7.937840699e-06  2.996
806  8244.300971  0.6428266038  1.969587446e-05  1.035617119e-05  9.787784462e-06  9.908090002e-06  2.420749854e-06  7.935421332e-06  3.0098
807  8244.500616  0.6427573312  1.970032481e-05  1.035922878e-05  9.763871246e-06  9.936453564e-06  2.415883785e-06  7.943344997e-06  3.0318
808  8244.700994  0.6427214307  1.972636004e-05  1.037329156e-05  9.795470994e-06  9.930889043e-06  2.42643347e-06  7.946858089e-06  3.0882
809  8244.90078  0.6425097877  1.970929685e-05  1.036651249e-05  9.805703278e-06  9.90359357e-06  2.425816731e-06  7.940695758e-06  3.1036
810  8245.100057  0.6424137802  1.969328905e-05  1.035908736e-05  9.767787884e-06  9.925501163e-06  2.417104366e-06  7.941982991e-06  3.1212
811  8245.300321  0.6422579103  1.970022037e-05  1.036434874e-05  9.770177043e-06  9.930043327e-06  2.422409972e-06  7.941938772e-06  3.1312
812  8245.500161  0.642195706  1.970944543e-05  1.03698471e-05  9.779739993e-06  9.929705433e-06  2.424506221e-06  7.945340883e-06  3.1104
813  8245.699906  0.6420452504  1.969430159e-05  1.036343851e-05  9.773446372e-06  9.920855221e-06  2.423267427e-06  7.940171083e-06  3.0716
814  8245.900305  0.6419168232  1.970747785e-05  1.037170398e-05  9.793817163e-06  9.913660685e-06  2.427057034e-06  7.944646944e-06  3.0766
815  8246.100676  0.6419263584  1.970968903e-05  1.037276878e-05  9.756510375e-06  9.953178656e-06  2.424505703e-06  7.948263075e-06  3.0492
816  8246.301193  0.6417248178  1.968612544e-05  1.036245603e-05  9.776143663e-06  9.909981777e-06  2.420592157e-06  7.941863874e-06  3.0034
817  8246.500622  0.641572687  1.970067312e-05  1.037169143e-05  9.80809679e-06  9.892576333e-06  2.433898081e-06  7.937793348e-06  2.9796
818  8246.700116  0.6414828446  1.97029855e-05  1.037384078e-05  9.790419893e-06  9.912565605e-06  2.423692061e-06  7.950148718e-06  2.9858
819  8246.900057  0.6413578107  1.9688089e-05  1.036729379e-05  9.766912776e-06  9.921176228e-06  2.418935216e-06  7.948358577e-06  3.0182
820  8247.100843  0.6413202026  1.969376663e-05  1.037067351e-05  9.75422178e-06  9.939544851e-06  2.424995744e-06  7.94567777e-06  3.0824
821  8247.300802  0.6410391333  1.972131652e-05  1.038810056e-05  9.815726752e-06  9.905589767e-06  2.4286157e-06  7.959484861e-06  3.088
822  8247.500846  0.641080398  1.96938804e-05  1.037322067e-05  9.768356519e-06  9.925523883e-06  2.428682551e-06  7.944538123e-06  3.118
823  8247.700049  0.6408616625  1.968510537e-05  1.037086689e-05  9.756443397e-06  9.928661977e-06  2.418772829e-06  7.952094063e-06  3.1134
824  8247.900354  0.64083328  1.968649707e-05  1.037189447e-05  9.758512873e-06  9.927984194e-06  2.433693833e-06  7.938200633e-06  3.0924
825  8248.099194  0.6406856352  1.970427953e-05  1.038279607e-05  9.793617787e-06  9.910661746e-06  2.421782506e-06  7.961013562e-06  3.1208
826  8248.300651  0.6405188231  1.967430115e-05  1.036872901e-05  9.757265078e-06  9.917036069e-06  2.425028608e-06  7.943700404e-06  3.0612
827  8248.499992  0.6404753175  1.970724832e-05  1.038654466e-05  9.800196087e-06  9.90705223e-06  2.437265512e-06  7.949279144e-06  3.0364
828  8248.700316  0.6403068337  1.96933421e-05  1.038096437e-05  9.755160099e-06  9.938182002e-06  2.423432902e-06  7.957531473e-06  2.993
829  8248.900372  0.6401176003  1.969571831e-05  1.03841818e-05  9.809265647e-06  9.886452665e-06  2.435941856e-06  7.948239942e-06  2.993
830  8249.100485  0.6400771708  1.968438613e-05  1.037862672e-05  9.74272851e-06  9.941657624e-06  2.419029632e-06  7.959597091e-06  2.9848
831  8249.301135  0.6399927783  1.968669388e-05  1.03807195e-05  9.753422375e-06  9.933271503e-06  2.430057526e-06  7.950661977e-06  3.0284
832  8249.501394  0.639918583  1.968264871e-05  1.037935657e-05  9.786394608e-06  9.896254106e-06  2.427290672e-06  7.952065901e-06  3.0258
833  8249.700617  0.6398306134  1.96988115e-05  1.038879364e-05  9.799926611e-06  9.898884887e-06  2.430909086e-06  7.957884552e-06  3.111
834  8249.901183  0.6396718633  1.970635253e-05  1.039442062e-05  9.78560402e-06  9.920748506e-06  2.437131656e-06  7.957288968e-06  3.1322
835  8250.101359  0.6395252247  1.966649564e-05  1.037491875e-05  9.710233889e-06  9.956261754e-06  2.420717306e-06  7.954201439e-06  3.1304
836  8250.300532  0.6393732359  1.968969595e-05  1.038873676e-05  9.806345811e-06  9.883350144e-06  2.432296543e-06  7.956440213e-06  3.0874
837  8250.500642  0.6392922811  1.968980286e-05  1.038963422e-05  9.786312866e-06  9.90348999e-06  2.432554871e-06  7.957079346e-06  3.1266
838  8250.700883  0.6391867694  1.967328763e-05  1.038201507e-05  9.732072494e-06  9.941215141e-06  2.424407784e-06  7.957607282e-06  3.06
839  8250.900478  0.6390807885  1.967977034e-05  1.038653684e-05  9.776550892e-06  9.903219445e-06  2.437913211e-06  7.948623632e-06  3.0538
840  8251.100244  0.6389480808  1.968685675e-05  1.039165585e-05  9.76693136e-06  9.919925392e-06  2.430266385e-06  7.961389469e-06  3.0162
841  8251.300712  0.6388185821  1.96954976e-05  1.039756328e-05  9.758264803e-06  9.937232793e-06  2.431006607e-06  7.966556677e-06  2.9916
842  8251.500269  0.6387470585  1.967202828e-05  1.038591627e-05  9.761800096e-06  9.910228181e-06  2.433859975e-06  7.952056298e-06  2.9932
843  8251.700279  0.6386033739  1.967797857e-05  1.03905506e-05  9.785304536e-06  9.89267403e-06  2.42807246e-06  7.962478144e-06  3.0134
844  8251.900707  0.6384745182  1.968920172e-05  1.039781649e-05  9.780568307e-06  9.908633413e-06  2.439302636e-06  7.958513854e-06  3.038
845  8252.101135  0.63848367  1.967075503e-05  1.038797977e-05  9.76050152e-06  9.910253509e-06  2.423929788e-06  7.964049983e-06  3.0742
846  8252.300651  0.6383006809  1.967905285e-05  1.039426365e-05  9.770906936e-06  9.908145917e-06  2.434200484e-06  7.960063169e-06  3.0902
847  8252.500246  0.6380921516  1.969262777e-05  1.040360301e-05  9.781689389e-06  9.91093838e-06  2.439636527e-06  7.963966481e-06  3.0866
848  8252.699977  0.6380581302  1.966802609e-05  1.039095947e-05  9.738588333e-06  9.929437761e-06  2.424980201e-06  7.965979266e-06  3.0808
849  8252.900442  0.6379019164  1.968194102e-05  1.039993545e-05  9.803149542e-06  9.878791476e-06  2.442175907e-06  7.957759543e-06  3.0936
850  8253.100124  0.6378579729  1.964759827e-05  1.038224497e-05  9.698679873e-06  9.948918394e-06  2.421154578e-06  7.961090388e-06  3.0564
851  8253.300347  0.6376787234  1.968815558e-05  1.040554141e-05  9.773479894e-06  9.914675683e-06  2.44060673e-06  7.964934676e-06  3.048
852  8253.499816  0.6375887491  1.96762726e-05  1.040019675e-05  9.782985329e-06  9.893287269e-06  2.435833713e-06  7.964363035e-06  3.0354
853  8253.701079  0.6374746812  1.965538418e-05  1.039034099e-05  9.700836613e-06  9.954547565e-06  2.423326866e-06  7.967014123e-06  3.009
854  8253.900318  0.6373391291  1.969690244e-05  1.041370011e-05  9.797630374e-06  9.899272062e-06  2.448039761e-06  7.965660349e-06  3.0052
855  8254.100077  0.6372165814  1.967253513e-05  1.040209185e-05  9.7883681e-06  9.88416703e-06  2.432981647e-06  7.969110207e-06  3.0508
856  8254.301406  0.6370787845  1.966470466e-05  1.03993843e-05  9.762162524e-06  9.902542139e-06  2.433647542e-06  7.965736763e-06  3.0652
857  8254.50081  0.6370697296  1.965793909e-05  1.039590056e-05  9.728691625e-06  9.929247463e-06  2.435996361e-06  7.959904203e-06  3.0608
858  8254.700232  0.6368958653  1.967210003e-05  1.040519837e-05  9.776530618e-06  9.895569412e-06  2.426951798e-06  7.978246572e-06  3.1104
859  8254.900387  0.6368416484  1.967739277e-05  1.040856217e-05  9.802184151e-06  9.875208619e-06  2.449582827e-06  7.958979346e-06  3.1132
860  8255.100132  0.6366526809  1.96558474e-05  1.039913043e-05  9.706099879e-06  9.949747518e-06  2.428380339e-06  7.970750096e-06  3.1292
861  8255.300912  0.6365643028  1.967565901e-05  1.041053199e-05  9.759037957e-06  9.916621048e-06  2.438217275e-06  7.972314719e-06  3.068
862  8255.50045  0.6364437932  1.965609183e-05  1.040143226e-05  9.769442784e-06  9.886649048e-06  2.437147122e-06  7.964285138e-06  3.092
863  8255.700913  0.6363495821  1.965098286e-05  1.039970846e-05  9.749502851e-06  9.901480012e-06  2.433419449e-06  7.966289015e-06  3.023
864  8255.90095  0.6362268839  1.966851123e-05  1.041026208e-05  9.760543346e-06  9.907967883e-06  2.441280748e-06  7.968981333e-06  3.037
865  8256.100658  0.6361566292  1.965032875e-05  1.040136908e-05  9.75966406e-06  9.890664693e-06  2.42704835e-06  7.974320725e-06  3.0126
866  8256.300971  0.636014245  1.968426917e-05  1.042081817e-05  9.819320174e-06  9.864948998e-06  2.455077368e-06  7.965740803e-06  3.0262
867  8256.500582  0.6359165906  1.966495141e-05  1.041160807e-05  9.728052096e-06  9.936899316e-06  2.431567935e-06  7.980040137e-06  3.072
868  8256.700607  0.6357677502  1.965206709e-05  1.040633524e-05  9.754558626e-06  9.897508465e-06  2.436024338e-06  7.970310899e-06  3.0532
869  8256.900686  0.6356809923  1.965728068e-05  1.040999909e-05  9.770076097e-06  9.887204587e-06  2.444362579e-06  7.965636516e-06  3.0908
870  8257.100764  0.6355912233  1.966050393e-05  1.041264074e-05  9.76431202e-06  9.896191911e-06  2.436742268e-06  7.975898468e-06  3.0576
871  8257.300462  0.6354043084  1.966373039e-05  1.041629632e-05  9.788152566e-06  9.875577822e-06  2.443498446e-06  7.972797872e-06  3.1114
872  8257.500446  0.6354390906  1.963618262e-05  1.040134189e-05  9.702490833e-06  9.933691782e-06  2.428874691e-06  7.972467197e-06  3.084
873  8257.699846  0.6353334074  1.967673402e-05  1.042392366e-05  9.775022015e-06  9.901712006e-06  2.44989256e-06  7.974031099e-06  3.0866
874  8257.900533  0.6350794033  1.966496287e-05  1.042033426e-05  9.772017246e-06  9.892945622e-06  2.438801807e-06  7.981532451e-06  3.0846
875  8258.100522  0.6350216469  1.963462453e-05  1.04048591e-05  9.746898419e-06  9.887726107e-06  2.440420399e-06  7.964438701e-06  3.0336
876  8258.300135  0.635010311  1.964471956e-05  1.041032671e-05  9.754028699e-06  9.89069086e-06  2.443167074e-06  7.967159638e-06  3.023
877  8258.49971  0.6348413591  1.966710817e-05  1.042395211e-05  9.791678624e-06  9.875429545e-06  2.439761692e-06  7.984190414e-06  3.0184
878  8258.699983  0.6346666289  1.964240572e-05  1.041267858e-05  9.755172223e-06  9.8872335e-06  2.443126222e-06  7.969552354e-06  3.0134
879  8258.899911  0.6346179351  1.964465514e-05  1.041437812e-05  9.732140295e-06  9.912514844e-06  2.436440449e-06  7.977937673e-06  3.0192
880  8259.100586  0.6345260737  1.96728224e-05  1.043026875e-05  9.778712491e-06  9.894109911e-06  2.446797731e-06  7.983471024e-06  3.0344
881  8259.301296  0.6344517381  1.964304556e-05  1.041525566e-05  9.752443102e-06  9.890602461e-06  2.438224406e-06  7.977031259e-06  3.0612
882  8259.500662  0.6342522984  1.965054264e-05  1.042130903e-05  9.775561319e-06  9.87498132e-06  2.445162946e-06  7.97614608e-06  3.0556
883  8259.700427  0.6341770589  1.965045154e-05  1.042204483e-05  9.74573337e-06  9.904718166e-06  2.441470573e-06  7.980574259e-06  3.0752
884  8259.900804  0.6340007358  1.96310175e-05  1.041357356e-05  9.736038135e-06  9.894979364e-06  2.440469659e-06  7.973103898e-06  3.1154
885  8260.10069  0.6340449109  1.965477052e-05  1.042571314e-05  9.782451847e-06  9.872318671e-06  2.446961814e-06  7.97875133e-06  3.0772
886  8260.300417  0.6338213635  1.96615745e-05  1.043165397e-05  9.790259979e-06  9.871314517e-06  2.447625264e-06  7.984028703e-06  3.0636
887  8260.500492  0.6336629865  1.963697446e-05  1.042025236e-05  9.745206397e-06  9.891768063e-06  2.446010876e-06  7.974241481e-06  3.0584
888  8260.699782  0.6337301125  1.963117237e-05  1.041647427e-05  9.724573183e-06  9.906599187e-06  2.436647526e-06  7.979826746e-06  3.0252
889  8260.89988  0.6334279449  1.965552819e-05  1.043254959e-05  9.798837963e-06  9.856690231e-06  2.453495766e-06  7.979053824e-06  3.0408
890  8261.100595  0.6333740474  1.963845808e-05  1.042405111e-05  9.736960095e-06  9.901497981e-06  2.442341951e-06  7.981709161e-06  3.036
891  8261.301194  0.6333233209  1.962547239e-05  1.041768678e-05  9.740757588e-06  9.884714804e-06  2.438200139e-06  7.979486639e-06  3.0252
892  8261.500596  0.633236358  1.964638882e-05  1.042969669e-05  9.777737602e-06  9.868651218e-06  2.450196626e-06  7.979500067e-06  3.0524
893  8261.700084  0.6330950188  1.966067313e-05  1.043875512e-05  9.77797438e-06  9.882698746e-06  2.447278636e-06  7.99147648e-06  3.0548
894  8261.900319  0.6328671739  1.962967478e-05  1.042467161e-05  9.747789116e-06  9.881885665e-06  2.448659083e-06  7.976012525e-06  3.069
895  8262.099378  0.6328147295  1.962101904e-05  1.042062132e-05  9.719937045e-06  9.901081994e-06  2.437156974e-06  7.983464345e-06  3.0868
896  8262.299888  0.6327358654  1.965207803e-05  1.043793973e-05  9.789319415e-06  9.862758611e-06  2.455631996e-06  7.982307735e-06  3.0386
897  8262.499905  0.6325884611  1.962163765e-05  1.042330806e-05  9.75244331e-06  9.869194344e-06  2.440141637e-06  7.983166424e-06  3.0476
898  8262.699775  0.6324621256  1.96339877e-05  1.043118634e-05  9.755194187e-06  9.878793516e-06  2.446195766e-06  7.984990572e-06  3.0414
899  8262.90021  0.6323139493  1.965404485e-05  1.044338969e-05  9.771959538e-06  9.882085315e-06  2.459505604e-06  7.983884087e-06  3.0318
900  8263.100007  0.6322501286  1.963046538e-05  1.043152621e-05  9.722343871e-06  9.908121511e-06  2.439094531e-06  7.992431678e-06  3.043
901  8263.300095  0.6321085984  1.962907907e-05  1.043226591e-05  9.768047678e-06  9.861031396e-06  2.458677276e-06  7.973588632e-06  3.0364
902  8263.50019  0.6320062913  1.961941476e-05  1.042819644e-05  9.756827315e-06  9.86258744e-06  2.440026674e-06  7.988169763e-06  3.036
903  8263.700625  0.6319285664  1.963652872e-05  1.04381042e-05  9.753661581e-06  9.88286714e-06  2.456472982e-06  7.981631213e-06  3.0296
904  8263.900512  0.6318236555  1.960960016e-05  1.042488352e-05  9.728904662e-06  9.880695498e-06  2.436122119e-06  7.988761406e-06  3.0756
905  8264.100449  0.6317221966  1.964057835e-05  1.044241161e-05  9.792989972e-06  9.847588375e-06  2.459464801e-06  7.982946812e-06  3.0442
906  8264.30097  0.6316334296  1.963288586e-05  1.043924833e-05  9.732753884e-06  9.900131972e-06  2.449869277e-06  7.989379049e-06  3.0646
907  8264.500483  0.631437896  1.960577468e-05  1.042687131e-05  9.733898699e-06  9.871875984e-06  2.439233449e-06  7.987637859e-06  3.0276
908  8264.700869  0.6314369716  1.963196296e-05  1.044080858e-05  9.795922118e-06  9.836040844e-06  2.458412369e-06  7.982396212e-06  3.0812
909  8264.900687  0.631162964  1.961969728e-05  1.043714483e-05  9.73448371e-06  9.885213574e-06  2.440369476e-06  7.996775351e-06  3.054
910  8265.100653  0.6311522928  1.960426857e-05  1.042904846e-05  9.699893193e-06  9.904375374e-06  2.45490746e-06  7.974141e-06  3.0466
911  8265.300228  0.6310601651  1.961710136e-05  1.043683671e-05  9.726591063e-06  9.890510296e-06  2.439294887e-06  7.997541819e-06  3.0446
912  8265.500502  0.6309020455  1.963783201e-05  1.044951812e-05  9.76671014e-06  9.871121872e-06  2.460382383e-06  7.989135742e-06  3.0238
913  8265.70002  0.6308262133  1.962678606e-05  1.044443244e-05  9.738552018e-06  9.888234044e-06  2.452021908e-06  7.992410533e-06  3.0196
914  8265.900553  0.6306579754  1.960702619e-05  1.043567272e-05  9.734136012e-06  9.87289018e-06  2.44107083e-06  7.994601886e-06  3.0634
915  8266.100399  0.6305440323  1.961413462e-05  1.044064569e-05  9.739838897e-06  9.874295719e-06  2.459293303e-06  7.981352384e-06  3.0524
916  8266.300541  0.630452992  1.96207557e-05  1.044512099e-05  9.733571521e-06  9.887184181e-06  2.44417557e-06  8.000945419e-06  3.0456
917  8266.500503  0.6303292805  1.961972538e-05  1.044586469e-05  9.782891032e-06  9.836834347e-06  2.464582627e-06  7.981282061e-06  3.0568
918  8266.700994  0.6303010268  1.960610513e-05  1.043890798e-05  9.713355504e-06  9.89274963e-06  2.435919412e-06  8.002988568e-06  3.0472
919  8266.900363  0.6302186023  1.963901395e-05  1.045729157e-05  9.754159092e-06  9.884854859e-06  2.462184445e-06  7.995107127e-06  3.0616
920  8267.100018  0.6299590206  1.961411614e-05  1.044674553e-05  9.740894719e-06  9.873221422e-06  2.447305165e-06  7.999440369e-06  3.039
921  8267.300418  0.6298696905  1.958553277e-05  1.043245353e-05  9.690201828e-06  9.89533094e-06  2.444553874e-06  7.987899656e-06  3.0592
922  8267.500136  0.6297591924  1.962368903e-05  1.045393297e-05  9.758663652e-06  9.865025383e-06  2.463673011e-06  7.990259958e-06  3.0146
923  8267.69999  0.629751506  1.961337793e-05  1.044852035e-05  9.737381857e-06  9.875996074e-06  2.440289982e-06  8.008230366e-06  3.0486
924  8267.899995  0.6294704966  1.960346821e-05  1.044617626e-05  9.741700858e-06  9.861767351e-06  2.459223787e-06  7.986952474e-06  3.028
925  8268.100102  0.6294803577  1.961439537e-05  1.045189599e-05  9.707079106e-06  9.907316261e-06  2.448891513e-06  8.003004478e-06  3.0476
926  8268.299971  0.6294038704  1.963592529e-05  1.046416896e-05  9.76539801e-06  9.870527283e-06  2.456965738e-06  8.00720322e-06  3.028
927  8268.500031  0.6292353071  1.960436859e-05  1.044911328e-05  9.755369237e-06  9.84899935e-06  2.455141419e-06  7.993971862e-06  3.041
928  8268.700561  0.6290452126  1.959358065e-05  1.044534874e-05  9.712508306e-06  9.881072349e-06  2.450272206e-06  7.995076531e-06  3.0534
929  8268.901196  0.6289859303  1.960958659e-05  1.045450126e-05  9.742671046e-06  9.866915548e-06  2.456653263e-06  7.997847997e-06  3.0442
930  8269.100632  0.6288503751  1.960427914e-05  1.045308856e-05  9.73441864e-06  9.869860503e-06  2.449791545e-06  8.003297017e-06  3.0336
931  8269.300657  0.6288072589  1.961902266e-05  1.046140092e-05  9.745337231e-06  9.873685428e-06  2.459897838e-06  8.001503079e-06  3.032
932  8269.500764  0.6287343733  1.961278994e-05  1.045883973e-05  9.730886664e-06  9.881903278e-06  2.454956874e-06  8.003882857e-06  3.0268
933  8269.700669  0.6286129951  1.96175521e-05  1.046264909e-05  9.745389737e-06  9.872162361e-06  2.452412675e-06  8.010236414e-06  3.0754
934  8269.900633  0.6283696049  1.959661393e-05  1.045402621e-05  9.746647667e-06  9.84996626e-06  2.456948408e-06  7.997077804e-06  3.0348
935  8270.099971  0.6283821711  1.959279088e-05  1.045185543e-05  9.727729027e-06  9.865061856e-06  2.453973068e-06  7.997882358e-06  3.0704
936  8270.299581  0.6283116625  1.960294476e-05  1.045800941e-05  9.73154049e-06  9.871404274e-06  2.455810407e-06  8.002199002e-06  3.0126
937  8270.50058  0.628157194  1.960528857e-05  1.046087556e-05  9.75478965e-06  9.850498918e-06  2.453536554e-06  8.007339007e-06  3.0816
938  8270.700197  0.6280198054  1.961850338e-05  1.046936492e-05  9.744361502e-06  9.874141881e-06  2.463351828e-06  8.006013089e-06  3.0496
939  8270.900565  0.6279219183  1.960133135e-05  1.046122507e-05  9.705819647e-06  9.895511702e-06  2.449372048e-06  8.011853025e-06  3.0588
940  8271.099832  0.6278658334  1.960388695e-05  1.04631758e-05  9.747740178e-06  9.856146769e-06  2.46245914e-06  8.000716664e-06  3.0586
941  8271.300451  0.6277650142  1.959727423e-05  1.046070099e-05  9.721372639e-06  9.875901592e-06  2.447885242e-06  8.012815747e-06  3.0554
942  8271.500243  0.6276110584  1.961641577e-05  1.047253061e-05  9.759943536e-06  9.856472234e-06  2.464494284e-06  8.008036325e-06  3.0566
943  8271.70088  0.6275855378  1.958852833e-05  1.045790935e-05  9.682801264e-06  9.905727069e-06  2.452901121e-06  8.005008231e-06  3.0676
944  8271.900048  0.6275182  1.960042213e-05  1.046496387e-05  9.719365017e-06  9.881057109e-06  2.45319461e-06  8.011769255e-06  3.0238
945  8272.099602  0.6273339731  1.96346563e-05  1.048517349e-05  9.794321729e-06  9.84033457e-06  2.473957441e-06  8.011216044e-06  3.0654
946  8272.300731  0.6271839223  1.959935755e-05  1.046789407e-05  9.725395786e-06  9.873961769e-06  2.446669136e-06  8.021224938e-06  3.0084
947  8272.500786  0.6271093164  1.958933395e-05  1.046332113e-05  9.697843423e-06  9.891490528e-06  2.466021857e-06  7.99729927e-06  3.0346
948  8272.700014  0.6270400101  1.959566514e-05  1.046742826e-05  9.710644501e-06  9.88502064e-06  2.44546624e-06  8.02196202e-06  3.0456
949  8272.900191  0.626866821  1.962213237e-05  1.048338172e-05  9.779470363e-06  9.842662004e-06  2.46934518e-06  8.014036545e-06  3.0718
950  8273.100026  0.6269023776  1.95890596e-05  1.046534005e-05  9.727744052e-06  9.861315552e-06  2.459823019e-06  8.005517031e-06  3.0414
951  8273.300302  0.6266514181  1.95974537e-05  1.047245238e-05  9.712446749e-06  9.885006948e-06  2.451042599e-06  8.021409776e-06  3.0602
952  8273.500344  0.6266585197  1.962618952e-05  1.048773369e-05  9.77419011e-06  9.851999407e-06  2.473349324e-06  8.014384369e-06  3.0828
953  8273.700521  0.6265209806  1.958761843e-05  1.046856203e-05  9.713660416e-06  9.87395801e-06  2.448455911e-06  8.020106115e-06  3.0412
954  8273.900878  0.6263378491  1.961578817e-05  1.048553734e-05  9.775161743e-06  9.840626429e-06  2.473420148e-06  8.012117196e-06  3.0672
955  8274.100079  0.6262656954  1.958237756e-05  1.046843315e-05  9.692485828e-06  9.889891729e-06  2.45283542e-06  8.015597729e-06  3.0554
956  8274.300463  0.6262042777  1.959728222e-05  1.04770444e-05  9.760773439e-06  9.836508781e-06  2.465124241e-06  8.011920163e-06  3.0168
957  8274.500031  0.6261861161  1.961118033e-05  1.048466499e-05  9.778373172e-06  9.832807162e-06  2.465841871e-06  8.01882312e-06  3.069
958  8274.700907  0.625958799  1.960154762e-05  1.048189753e-05  9.71445257e-06  9.887095049e-06  2.45901773e-06  8.022879798e-06  3.0252
959  8274.900495  0.6258171866  1.960235908e-05  1.048381599e-05  9.742132718e-06  9.860226365e-06  2.470679236e-06  8.013136754e-06  3.0516
960  8275.100518  0.6258565796  1.959188609e-05  1.047780202e-05  9.729910133e-06  9.861975957e-06  2.450507162e-06  8.027294857e-06  3.0372
961  8275.300234  0.6255154135  1.961573953e-05  1.049413855e-05  9.775113664e-06  9.84062587e-06  2.474555906e-06  8.019582644e-06  3.0176
962  8275.500817  0.6254057401  1.959127436e-05  1.048219959e-05  9.699133765e-06  9.89214059e-06  2.461854151e-06  8.020345435e-06  3.0536
963  8275.700207  0.6255283625  1.958667165e-05  1.047845196e-05  9.72856785e-06  9.858103798e-06  2.456783288e-06  8.021668674e-06  3.0056
964  8275.900062  0.6252655214  1.961629253e-05  1.04970572e-05  9.761834263e-06  9.854458265e-06  2.469927701e-06  8.027129496e-06  3.0258
965  8276.099911  0.6252236719  1.962128187e-05  1.050016651e-05  9.749728549e-06  9.871553318e-06  2.473340966e-06  8.02682554e-06  3.0446
966  8276.30048  0.6251046324  1.958183851e-05  1.048030622e-05  9.714169737e-06  9.867668777e-06  2.458106995e-06  8.022199224e-06  3.0512
967  8276.500284  0.6249626687  1.959586371e-05  1.048930157e-05  9.746308475e-06  9.84955523e-06  2.461289968e-06  8.028011604e-06  3.0436
968  8276.700165  0.6249221377  1.961971339e-05  1.050249353e-05  9.77551941e-06  9.844193983e-06  2.478202419e-06  8.024291115e-06  3.046
969  8276.900409  0.6247905789  1.959339431e-05  1.048978478e-05  9.711023841e-06  9.882370474e-06  2.459510136e-06  8.030274646e-06  3.0298
970  8277.100584  0.6247395891  1.958877185e-05  1.04878448e-05  9.711693378e-06  9.877078474e-06  2.464533593e-06  8.023311205e-06  3.0282
971  8277.300138  0.6245300077  1.963235949e-05  1.051338483e-05  9.792152155e-06  9.840207334e-06  2.474640706e-06  8.038744129e-06  3.049
972  8277.500656  0.6244697186  1.960785037e-05  1.050089295e-05  9.725957777e-06  9.881892595e-06  2.46889671e-06  8.031996242e-06  3.05
973  8277.700621  0.6243743054  1.958189701e-05  1.048799439e-05  9.714038748e-06  9.867858259e-06  2.465176018e-06  8.022818377e-06  3.0424
974  8277.900463  0.6242296187  1.960558813e-05  1.050220269e-05  9.747065176e-06  9.85852295e-06  2.467758506e-06  8.034444186e-06  3.03
975  8278.100048  0.6241530985  1.962345544e-05  1.051257814e-05  9.781537737e-06  9.841917707e-06  2.474335151e-06  8.038242991e-06  3.0784
976  8278.300745  0.6240679792  1.958128601e-05  1.049088028e-05  9.731221782e-06  9.850064226e-06  2.462045193e-06  8.028835091e-06  3.0644
977  8278.500683  0.623962817  1.961050676e-05  1.050764056e-05  9.781408701e-06  9.829098055e-06  2.480582502e-06  8.027058055e-06  3.0452
978  8278.700469  0.6238092836  1.961351127e-05  1.051086407e-05  9.751408475e-06  9.862102792e-06  2.468188388e-06  8.04267568e-06  3.025
979  8278.900912  0.6236915168  1.960698902e-05  1.05086063e-05  9.754818786e-06  9.852170237e-06  2.469530561e-06  8.039075735e-06  3.0358
980  8279.100807  0.6235594153  1.95892271e-05  1.050047361e-05  9.747317601e-06  9.841909503e-06  2.471036376e-06  8.029437238e-06  3.0286
981  8279.300668  0.6234817792  1.958683876e-05  1.050000853e-05  9.733166489e-06  9.853672268e-06  2.472355421e-06  8.027653108e-06  3.0132
982  8279.49982  0.6233424704  1.96055428e-05  1.051149954e-05  9.775605532e-06  9.829937271e-06  2.473750476e-06  8.037749061e-06  3.0324
983  8279.700545  0.6231865449  1.96007022e-05  1.051054299e-05  9.747994382e-06  9.852707822e-06  2.469879987e-06  8.040663e-06  3.0114
984  8279.900681  0.6230942512  1.959770479e-05  1.050990563e-05  9.712517889e-06  9.885186898e-06  2.472845881e-06  8.037059746e-06  3.042
985  8280.100974  0.6230628276  1.960152077e-05  1.05122824e-05  9.729221527e-06  9.872299245e-06  2.468527166e-06  8.043755236e-06  3.0166
986  8280.299966  0.6228843849  1.959657716e-05  1.051150668e-05  9.773339583e-06  9.823237577e-06  2.474885511e-06  8.036621169e-06  3.0478
987  8280.500989  0.6227722708  1.959903346e-05  1.051400293e-05  9.772815107e-06  9.826218355e-06  2.471215815e-06  8.042787115e-06  3.035
988  8280.700502  0.6226556226  1.959331663e-05  1.051216226e-05  9.725558758e-06  9.867757873e-06  2.475390748e-06  8.036771511e-06  3.0398
989  8280.900209  0.6226230158  1.960030106e-05  1.051625242e-05  9.737078349e-06  9.863222708e-06  2.468337887e-06  8.047914536e-06  3.033
990  8281.100476  0.6224839243  1.959648383e-05  1.051566689e-05  9.718763828e-06  9.877720005e-06  2.475887725e-06  8.039779161e-06  3.0404
991  8281.29969  0.6223113471  1.960408652e-05  1.052156219e-05  9.720218639e-06  9.883867878e-06  2.473095348e-06  8.048466839e-06  2.9934
992  8281.499602  0.6222493671  1.961556801e-05  1.052837686e-05  9.784042384e-06  9.831525624e-06  2.480569931e-06  8.04780693e-06  3.0376
993  8281.700851  0.6220499219  1.957251106e-05  1.050736209e-05  9.698977502e-06  9.873533561e-06  2.466847538e-06  8.040514553e-06  3.0594
994  8281.901336  0.6220929796  1.959016743e-05  1.051638796e-05  9.727828447e-06  9.862338982e-06  2.472804123e-06  8.043583841e-06  3.0108
995  8282.101033  0.6218870622  1.960384313e-05  1.052589659e-05  9.759258874e-06  9.844584255e-06  2.480442364e-06  8.045454228e-06  3.0662
996  8282.300807  0.6218033476  1.957771774e-05  1.051274911e-05  9.717864607e-06  9.859853134e-06  2.468310153e-06  8.044438961e-06  2.9852
997  8282.500698  0.6217639889  1.959598629e-05  1.052297304e-05  9.734286133e-06  9.861700158e-06  2.477516061e-06  8.045456974e-06  3.0426
998  8282.699776  0.6216533644  1.962486117e-05  1.053964462e-05  9.802108115e-06  9.822753057e-06  2.480246361e-06  8.059398258e-06  3.0546
999  8282.90105  0.6214614212  1.95703259e-05  1.051237373e-05  9.690184194e-06  9.880141711e-06  2.472420115e-06  8.039953611e-06  3.0482
1000  8283.100028  0.6212762331  1.959210726e-05  1.052602289e-05  9.75006304e-06  9.842044223e-06  2.475972042e-06  8.050050845e-06  3.0466
1001  8283.299772  0.6212653227  1.958579704e-05  1.052274748e-05  9.723774644e-06  9.8620224e-06  2.479651279e-06  8.043096198e-06  3.052
1002  8283.499874  0.6211768313  1.959236937e-05  1.052721008e-05  9.758416039e-06  9.83395333e-06  2.473459197e-06  8.053750882e-06  3.0368
1003  8283.700064  0.6210577806  1.958794295e-05  1.052608477e-05  9.729547784e-06  9.858395164e-06  2.477947147e-06  8.048137627e-06  3.0302
1004  8283.900707  0.6210183575  1.96045345e-05  1.0535416e-05  9.77265819e-06  9.831876313e-06  2.483429435e-06  8.051986568e-06  3.0196
1005  8284.100417  0.6209691838  1.95925579e-05  1.052949758e-05  9.73541662e-06  9.857141284e-06  2.474754183e-06  8.054743394e-06  3.0366
1006  8284.299743  0.620767102  1.958715381e-05  1.052872074e-05  9.738568717e-06  9.848585097e-06  2.479428001e-06  8.04929274e-06  2.989
1007  8284.500279  0.6206637757  1.957364484e-05  1.052254644e-05  9.703688819e-06  9.869956024e-06  2.469878142e-06  8.052668296e-06  3.0254
1008  8284.701097  0.6205137192  1.960158261e-05  1.053914678e-05  9.782345561e-06  9.819237047e-06  2.492099451e-06  8.047047328e-06  3.0056
1009  8284.900302  0.6204596751  1.956965612e-05  1.052254959e-05  9.730324863e-06  9.839331256e-06  2.466948076e-06  8.055601514e-06  3.024
1010  8285.100585  0.6203531418  1.958387331e-05  1.053131601e-05  9.719564734e-06  9.864308574e-06  2.484965057e-06  8.046350951e-06  3.0322
1011  8285.299609  0.6202103661  1.958857398e-05  1.05353479e-05  9.698367119e-06  9.890206864e-06  2.47453928e-06  8.060808621e-06  3.0416
1012  8285.499573  0.6201154804  1.959015297e-05  1.053719691e-05  9.768816967e-06  9.821336001e-06  2.477179584e-06  8.060017327e-06  3.0204
1013  8285.700685  0.61996006  1.957602858e-05  1.053123629e-05  9.731702152e-06  9.844326429e-06  2.48040134e-06  8.050834954e-06  3.0726
1014  8285.900886  0.6199246683  1.956630127e-05  1.052637587e-05  9.66932077e-06  9.896980502e-06  2.468269488e-06  8.058106386e-06  2.997
1015  8286.099956  0.6198333462  1.958664214e-05  1.053828129e-05  9.742136297e-06  9.844505845e-06  2.484858079e-06  8.053423211e-06  3.0674
1016  8286.29972  0.6196869747  1.958597139e-05  1.053946297e-05  9.736841661e-06  9.84912973e-06  2.472350873e-06  8.067112095e-06  3.0286
1017  8286.500406  0.6195914774  1.958361981e-05  1.053920397e-05  9.715956644e-06  9.867663165e-06  2.484905019e-06  8.054298949e-06  3.0592
1018  8286.700693  0.6195393242  1.957910487e-05  1.053732373e-05  9.712637971e-06  9.866466901e-06  2.47522272e-06  8.06210101e-06  3.023
1019  8286.90023  0.6193947042  1.957508125e-05  1.053668195e-05  9.720444128e-06  9.854637121e-06  2.478129258e-06  8.058552695e-06  3.0322
1020  8287.099284  0.6192838029  1.959434092e-05  1.054821861e-05  9.751278833e-06  9.843062091e-06  2.486023556e-06  8.062195052e-06  3.0226
1021  8287.300112  0.6191430293  1.957168081e-05  1.053750329e-05  9.694148277e-06  9.877532536e-06  2.471998877e-06  8.065504413e-06  3.0672
1022  8287.500711  0.6191501142  1.957012575e-05  1.053659139e-05  9.722217794e-06  9.847907957e-06  2.484248843e-06  8.052342543e-06  3.0172
1023  8287.700345  0.6190757893  1.959529321e-05  1.055092576e-05  9.762192397e-06  9.833100814e-06  2.480982205e-06  8.069943554e-06  3.057
1024  8287.900812  0.6188882158  1.958595739e-05  1.054787728e-05  9.722668627e-06  9.863288767e-06  2.485782579e-06  8.062094703e-06  3.0466
1025  8288.10026  0.6187342612  1.955614671e-05  1.05334445e-05  9.691140993e-06  9.865005719e-06  2.473928084e-06  8.059516417e-06  3.036
1026  8288.299825  0.618762779  1.957356332e-05  1.054252488e-05  9.749480878e-06  9.82408244e-06  2.481127003e-06  8.061397876e-06  3.072
1027  8288.500461  0.6184573662  1.958844599e-05  1.05537636e-05  9.775536311e-06  9.812909678e-06  2.493420651e-06  8.060342952e-06  3.0396
1028  8288.700844  0.618426244  1.956052497e-05  1.053904845e-05  9.688554266e-06  9.871970702e-06  2.475134972e-06  8.063913478e-06  3.0314
1029  8288.900556  0.6183869865  1.956577522e-05  1.05422911e-05  9.729110186e-06  9.836665038e-06  2.481242444e-06  8.061048656e-06  3.0176
1030  8289.100526  0.618265205  1.958963454e-05  1.055643231e-05  9.762384094e-06  9.827250451e-06  2.488449211e-06  8.067983097e-06  3.0072
1031  8289.300215  0.6181100072  1.958701037e-05  1.055665644e-05  9.737209617e-06  9.849800755e-06  2.487538086e-06  8.069118354e-06  3.0182
1032  8289.500521  0.6180283806  1.954831602e-05  1.053666169e-05  9.689281628e-06  9.859034389e-06  2.476731424e-06  8.059930263e-06  3.0088
1033  8289.700509  0.6179003012  1.957475329e-05  1.055226298e-05  9.740607888e-06  9.834145398e-06  2.487687592e-06  8.064575384e-06  3.0288
1034  8289.900013  0.6178422317  1.958218369e-05  1.055688154e-05  9.741560618e-06  9.84062307e-06  2.485167248e-06  8.071714289e-06  3.0626
1035  8290.100396  0.6177471419  1.955885392e-05  1.054530701e-05  9.725363843e-06  9.833490074e-06  2.482140714e-06  8.063166296e-06  3.08
1036  8290.300638  0.6176563271  1.9571441e-05  1.055305177e-05  9.732030191e-06  9.839410813e-06  2.490989424e-06  8.062062341e-06  3.0694
1037  8290.500401  0.617554293  1.957706672e-05  1.055716232e-05  9.725720114e-06  9.851346607e-06  2.48351994e-06  8.073642384e-06  3.0254
1038  8290.700941  0.617489203  1.957085129e-05  1.055449755e-05  9.72115484e-06  9.849696447e-06  2.488487455e-06  8.066010094e-06  3.0656
1039  8290.900433  0.6173440029  1.955242601e-05  1.054609204e-05  9.710465238e-06  9.841960768e-06  2.477388097e-06  8.06870394e-06  3.0096
1040  8291.10068  0.6172674008  1.956338491e-05  1.055281133e-05  9.726642427e-06  9.836742483e-06  2.492754455e-06  8.060056877e-06  3.0454
1041  8291.300738  0.6171469138  1.957658343e-05  1.056120324e-05  9.734580842e-06  9.84200259e-06  2.481308934e-06  8.07989431e-06  3.0118
1042  8291.500638  0.617141101  1.956055283e-05  1.055261637e-05  9.712716036e-06  9.847836795e-06  2.487054742e-06  8.06556163e-06  3.0102
1043  8291.699648  0.6170140649  1.957350584e-05  1.056094586e-05  9.725712386e-06  9.847793453e-06  2.489577969e-06  8.071367887e-06  3.0136
1044  8291.900912  0.6168836484  1.956600655e-05  1.055827648e-05  9.696460636e-06  9.869545915e-06  2.481016593e-06  8.077259882e-06  3.0332
1045  8292.100708  0.6168096496  1.957082859e-05  1.056166008e-05  9.778262213e-06  9.792566379e-06  2.497742053e-06  8.06391803e-06  3.0142
1046  8292.300131  0.616741947  1.9534196e-05  1.054260455e-05  9.667628826e-06  9.866567177e-06  2.472607956e-06  8.069996598e-06  3.0326
1047  8292.501224  0.6165584868  1.95769428e-05  1.056761356e-05  9.762798424e-06  9.814144377e-06  2.50008044e-06  8.067533117e-06  2.9886
1048  8292.700102  0.6165074031  1.954196011e-05  1.054926882e-05  9.697837326e-06  9.844122783e-06  2.478959175e-06  8.070309642e-06  3.0304
1049  8292.899814  0.6165116817  1.957733368e-05  1.056831919e-05  9.780322582e-06  9.797011097e-06  2.491655868e-06  8.076663324e-06  3.0354
1050  8293.10047  0.6162463136  1.956464526e-05  1.056427272e-05  9.705623646e-06  9.859021609e-06  2.493293109e-06  8.070979613e-06  3.0346
1051  8293.300135  0.6163044426  1.955258461e-05  1.055714667e-05  9.708006075e-06  9.844578532e-06  2.48471408e-06  8.07243259e-06  3.0324
1052  8293.500368  0.6161915927  1.954758666e-05  1.055563924e-05  9.740486018e-06  9.807100645e-06  2.491350776e-06  8.064288459e-06  3.009
1053  8293.699609  0.6160416402  1.955146978e-05  1.055931938e-05  9.741731694e-06  9.809738084e-06  2.483073159e-06  8.076246224e-06  3.0414
1054  8293.900755  0.6159260372  1.956761971e-05  1.056926338e-05  9.744392785e-06  9.823226929e-06  2.498643237e-06  8.070620139e-06  3.0346
1055  8294.100981  0.6159333495  1.953515128e-05  1.05516487e-05  9.698668279e-06  9.836483002e-06  2.48292145e-06  8.068727255e-06  3.0414
1056  8294.301007  0.6157682696  1.955775078e-05  1.056559954e-05  9.737290136e-06  9.820460642e-06  2.487218617e-06  8.078380926e-06  3.022
1057  8294.500517  0.6157174422  1.958182532e-05  1.057914293e-05  9.778965721e-06  9.802859598e-06  2.502257481e-06  8.076885444e-06  3.0268
1058  8294.700292  0.6155958804  1.953200041e-05  1.055350769e-05  9.710497927e-06  9.821502485e-06  2.481598376e-06  8.071909311e-06  3.0436
1059  8294.900824  0.6155727048  1.95381524e-05  1.055707638e-05  9.71665942e-06  9.821492975e-06  2.494981119e-06  8.062095264e-06  3.0266
1060  8295.100565  0.6153771618  1.955732105e-05  1.05695004e-05  9.721883346e-06  9.835437706e-06  2.486895297e-06  8.082605103e-06  3.0534
1061  8295.300229  0.6153239654  1.954794644e-05  1.056499602e-05  9.722548753e-06  9.825397688e-06  2.491828931e-06  8.073167087e-06  3.005
1062  8295.500523  0.615301388  1.953613844e-05  1.055885259e-05  9.696842256e-06  9.839296185e-06  2.489186834e-06  8.069665752e-06  3.0502
1063  8295.700576  0.6150148054  1.956282961e-05  1.057630913e-05  9.741961204e-06  9.820868407e-06  2.499144355e-06  8.077164774e-06  3.0122
1064  8295.900391  0.6150531141  1.956264521e-05  1.057580428e-05  9.731587381e-06  9.831057831e-06  2.495088165e-06  8.080716117e-06  3.0106
1065  8296.100083  0.6148788001  1.953017033e-05  1.056008858e-05  9.680153566e-06  9.850016767e-06  2.482930658e-06  8.07715792e-06  3.005
1066  8296.299944  0.6148779465  1.953909674e-05  1.056492416e-05  9.709907981e-06  9.829188756e-06  2.500250103e-06  8.064674057e-06  2.977
1067  8296.50025  0.6147396401  1.955164985e-05  1.057317395e-05  9.739856344e-06  9.811793503e-06  2.490374979e-06  8.08279897e-06  3.0428
1068  8296.700319  0.6147292249  1.953379482e-05  1.05636283e-05  9.725779156e-06  9.808015665e-06  2.494567161e-06  8.06906114e-06  3.009
1069  8296.900081  0.6146792511  1.953973786e-05  1.05673703e-05  9.711418342e-06  9.828319518e-06  2.490739459e-06  8.076630841e-06  3.0152
1070  8297.100074  0.6145118558  1.955793777e-05  1.05789838e-05  9.722942566e-06  9.834995207e-06  2.500510389e-06  8.078473409e-06  3.03
1071  8297.300241  0.6144305003  1.95443448e-05  1.057249139e-05  9.731433399e-06  9.812911404e-06  2.494255839e-06  8.07823555e-06  3.0104
1072  8297.500522  0.6142819943  1.952399202e-05  1.056305013e-05  9.684872195e-06  9.839119825e-06  2.481615987e-06  8.081434146e-06  3.0364
1073  8297.700928  0.6142348978  1.953914554e-05  1.057174651e-05  9.732084813e-06  9.807060723e-06  2.504698098e-06  8.067048412e-06  3.0118
1074  8297.900816  0.6141172615  1.953132528e-05  1.056875852e-05  9.714434673e-06  9.816890609e-06  2.489884726e-06  8.078873794e-06  3.0142
1075  8298.100259  0.6141577021  1.954617398e-05  1.05763657e-05  9.74876656e-06  9.797407418e-06  2.497104424e-06  8.079261275e-06  3.0244
1076  8298.300973  0.61409207  1.952449981e-05  1.056533128e-05  9.674839604e-06  9.849660204e-06  2.490001785e-06  8.075329499e-06  3.0374
1077  8298.500845  0.6140138838  1.954813177e-05  1.057894639e-05  9.73481864e-06  9.81331313e-06  2.494510619e-06  8.08443577e-06  3.0272
1078  8298.700089  0.6137987646  1.954217368e-05  1.057799731e-05  9.76274124e-06  9.779432436e-06  2.504455364e-06  8.073541944e-06  3.0198
1079  8298.900579  0.6137873991  1.951399366e-05  1.056286378e-05  9.66999887e-06  9.843994792e-06  2.48485346e-06  8.078010321e-06  3.0458
1080  8299.10019  0.6137349412  1.953751655e-05  1.057615143e-05  9.721607597e-06  9.815908951e-06  2.497843645e-06  8.078307787e-06  2.9972
1081  8299.299613  0.6137187697  1.952181192e-05  1.056782102e-05  9.709170623e-06  9.812641301e-06  2.49102195e-06  8.076799069e-06  3.0364
1082  8299.49994  0.6135107263  1.953593654e-05  1.057766754e-05  9.714709493e-06  9.821227045e-06  2.49700049e-06  8.080667049e-06  3.031
1083  8299.70054  0.613534772  1.952643363e-05  1.0572268e-05  9.681539346e-06  9.844894283e-06  2.495827201e-06  8.076440799e-06  3.0224
1084  8299.900296  0.6134775561  1.951464314e-05  1.056648879e-05  9.707140962e-06  9.807502179e-06  2.484758992e-06  8.081729794e-06  3.0272
1085  8300.100784  0.6133448616  1.953281946e-05  1.057773413e-05  9.733899855e-06  9.798919602e-06  2.501625225e-06  8.076108907e-06  3.0212
1086  8300.300791  0.6133696992  1.951927602e-05  1.057013733e-05  9.663017854e-06  9.856258165e-06  2.491291627e-06  8.0788457e-06  3.0184
1087  8300.500837  0.6132944832  1.952133689e-05  1.057204849e-05  9.675165642e-06  9.846171248e-06  2.490199354e-06  8.08184914e-06  2.992
1088  8300.700421  0.6131755322  1.951706533e-05  1.057099253e-05  9.729228826e-06  9.787836506e-06  2.494927157e-06  8.076065371e-06  2.9832
1089  8300.900094  0.6130345029  1.951930594e-05  1.05736972e-05  9.707778474e-06  9.811527468e-06  2.495255645e-06  8.078441557e-06  3.0104
1090  8301.100512  0.6130149995  1.952008792e-05  1.057432703e-05  9.671058907e-06  9.849029012e-06  2.495988525e-06  8.07833851e-06  3.0292
1091  8301.300689  0.6129520407  1.95144084e-05  1.057191593e-05  9.68752366e-06  9.826884736e-06  2.491056211e-06  8.080859714e-06  3.0136
1092  8301.499677  0.6128317678  1.95198755e-05  1.057614967e-05  9.698388272e-06  9.821487224e-06  2.494702505e-06  8.081447165e-06  3.0146
1093  8301.700661  0.6127147817  1.951812317e-05  1.057643746e-05  9.690752155e-06  9.82737102e-06  2.497854421e-06  8.07858304e-06  3.0418
1094  8301.900798  0.6127864802  1.948647601e-05  1.055853151e-05  9.647074013e-06  9.839401999e-06  2.484689678e-06  8.07384183e-06  3.034
1095  8302.100211  0.6126619066  1.954280083e-05  1.059036969e-05  9.787263933e-06  9.755536894e-06  2.504582626e-06  8.085787059e-06  3.0202
1096  8302.301181  0.6125640366  1.952445347e-05  1.058146269e-05  9.701813418e-06  9.822640052e-06  2.502623837e-06  8.078838854e-06  3.0578
1097  8302.500439  0.6124723122  1.95038765e-05  1.057128041e-05  9.639613688e-06  9.864262813e-06  2.488042367e-06  8.083238041e-06  2.9782
1098  8302.701057  0.6124694916  1.949636102e-05  1.056723675e-05  9.704358305e-06  9.792002714e-06  2.493915843e-06  8.073320911e-06  3.0144
1099  8302.900817  0.6124440997  1.951233214e-05  1.057616182e-05  9.737454441e-06  9.774877697e-06  2.497307633e-06  8.078854183e-06  3.0162
1100  8303.10106  0.6123689616  1.952141036e-05  1.058187751e-05  9.708077567e-06  9.813332795e-06  2.498787281e-06  8.083090228e-06  3.0116
1101  8303.300866  0.6123166195  1.949897541e-05  1.057026955e-05  9.69120082e-06  9.807774586e-06  2.49870269e-06  8.071566865e-06  3.0478
1102  8303.500817  0.6122420777  1.949653751e-05  1.056973585e-05  9.654234583e-06  9.842302929e-06  2.485717949e-06  8.084017897e-06  3.0362
1103  8303.700736  0.6121577515  1.953436617e-05  1.059113712e-05  9.733731629e-06  9.80063454e-06  2.509285411e-06  8.081851709e-06  3.0504
1104  8303.900455  0.6120658908  1.949313063e-05  1.056975095e-05  9.685690779e-06  9.807439854e-06  2.488416496e-06  8.081334453e-06  3.039
1105  8304.100896  0.6120543032  1.950122423e-05  1.057426207e-05  9.724960958e-06  9.776263276e-06  2.50518389e-06  8.069078177e-06  3.0274
1106  8304.300108  0.6120529143  1.949832822e-05  1.057270643e-05  9.679161891e-06  9.819166325e-06  2.495765749e-06  8.076940678e-06  3.0258
1107  8304.499493  0.6118567358  1.951133015e-05  1.058183227e-05  9.708955411e-06  9.802374736e-06  2.492252598e-06  8.089579676e-06  2.9964
1108  8304.700137  0.611884131  1.949230489e-05  1.057122446e-05  9.678134573e-06  9.814170322e-06  2.504964197e-06  8.066260261e-06  3.034
1109  8304.900334  0.6118988033  1.950674057e-05  1.057889811e-05  9.658275604e-06  9.848464966e-06  2.485222371e-06  8.093675741e-06  3.0032
1110  8305.100532  0.611716166  1.953082156e-05  1.059389238e-05  9.736503182e-06  9.794318378e-06  2.510574328e-06  8.083318053e-06  3.0054
1111  8305.300561  0.6116837328  1.947369262e-05  1.056324714e-05  9.657300773e-06  9.816391844e-06  2.489827369e-06  8.073419772e-06  3.0408
1112  8305.501203  0.6116524469  1.949137039e-05  1.0573167e-05  9.663141618e-06  9.82822877e-06  2.49196205e-06  8.08120495e-06  3.0362
1113  8305.701014  0.611607683  1.951216463e-05  1.058492073e-05  9.712208607e-06  9.799956025e-06  2.505966061e-06  8.078954665e-06  3.053
1114  8305.900721  0.6116188988  1.946501914e-05  1.05592269e-05  9.629080347e-06  9.835938791e-06  2.483043386e-06  8.076183515e-06  3.0172
1115  8306.100507  0.6115295851  1.950968619e-05  1.058440281e-05  9.719600234e-06  9.790085954e-06  2.502725481e-06  8.081677332e-06  3.0118
1116  8306.299856  0.6115366901  1.950109632e-05  1.057966747e-05  9.675088682e-06  9.826007642e-06  2.495043905e-06  8.084623563e-06  3.0392
1117  8306.499907  0.6113162939  1.949366231e-05  1.057796548e-05  9.67714357e-06  9.816518736e-06  2.496087256e-06  8.081878221e-06  3.0252
1118  8306.700214  0.6113871483  1.948679309e-05  1.057348879e-05  9.697181928e-06  9.789611164e-06  2.49950089e-06  8.073987898e-06  3.0422
1119  8306.900612  0.6112962836  1.947633173e-05  1.056877276e-05  9.66317586e-06  9.813155873e-06  2.493664546e-06  8.075108218e-06  2.9978
1120  8307.100158  0.6112525238  1.950444857e-05  1.058449345e-05  9.699963888e-06  9.804484685e-06  2.500027466e-06  8.084465981e-06  2.9996
1121  8307.300161  0.6112337717  1.948513993e-05  1.05742135e-05  9.715497867e-06  9.769642058e-06  2.495288126e-06  8.07892537e-06  3.035
1122  8307.501076  0.6112498742  1.949702193e-05  1.058049126e-05  9.703539539e-06  9.793482395e-06  2.502152399e-06  8.078338863e-06  3.0192
1123  8307.700889  0.6111840157  1.950844602e-05  1.058738804e-05  9.689389742e-06  9.819056278e-06  2.504087467e-06  8.083300575e-06  2.99
1124  8307.900408  0.6111095035  1.94771549e-05  1.057119376e-05  9.678142983e-06  9.799011922e-06  2.489276668e-06  8.081917091e-06  2.9832
1125  8308.100955  0.6110957646  1.949253399e-05  1.057968609e-05  9.718300575e-06  9.774233416e-06  2.506440819e-06  8.073245267e-06  3.0132
1126  8308.300162  0.6110127057  1.948417727e-05  1.057602882e-05  9.691094081e-06  9.793083191e-06  2.495287641e-06  8.080741183e-06  3.002
1127  8308.499905  0.6110293076  1.948464993e-05  1.05761098e-05  9.714662774e-06  9.76998716e-06  2.501154181e-06  8.074955619e-06  3.044
1128  8308.700439  0.610995744  1.948049194e-05  1.057420778e-05  9.677128415e-06  9.803363524e-06  2.497072927e-06  8.07713485e-06  3.0384
1129  8308.899974  0.6109274602  1.950647405e-05  1.058903416e-05  9.733537333e-06  9.772936714e-06  2.508076927e-06  8.080957236e-06  3.0204
1130  8309.100276  0.6108843356  1.946995467e-05  1.056966552e-05  9.643944327e-06  9.826010338e-06  2.494633469e-06  8.075032054e-06  3.0366
1131  8309.300309  0.6108755641  1.948212702e-05  1.05763663e-05  9.6947869e-06  9.787340116e-06  2.498811394e-06  8.07755491e-06  2.9956
1132  8309.500259  0.6107663653  1.948807824e-05  1.058075242e-05  9.729634216e-06  9.758444022e-06  2.509402029e-06  8.071350388e-06  3.021
1133  8309.700481  0.6107505053  1.946709738e-05  1.056952882e-05  9.635661199e-06  9.831436183e-06  2.488317075e-06  8.081211741e-06  2.9906
1134  8309.900649  0.6108723698  1.947578202e-05  1.057295553e-05  9.688590331e-06  9.787191686e-06  2.502583712e-06  8.070371821e-06  3.005
1135  8310.10041  0.6108402392  1.948790289e-05  1.057987561e-05  9.701189512e-06  9.78671338e-06  2.498540103e-06  8.081335507e-06  3.0138
1136  8310.300362  0.6106928985  1.950002362e-05  1.058801582e-05  9.691322125e-06  9.808701493e-06  2.50815124e-06  8.079864577e-06  3.0286
1137  8310.500516  0.610660632  1.944658509e-05  1.055934076e-05  9.626298053e-06  9.820287035e-06  2.489256882e-06  8.070083882e-06  3.037
1138  8310.699946  0.6107976467  1.948425115e-05  1.057834365e-05  9.719476049e-06  9.764775103e-06  2.500188386e-06  8.078155264e-06  3.0068
1139  8310.900647  0.6106562968  1.948160597e-05  1.057840268e-05  9.688630538e-06  9.792975434e-06  2.505917951e-06  8.072484734e-06  3.028
1140  8311.100316  0.6107771094  1.944937359e-05  1.055962487e-05  9.633248058e-06  9.816125529e-06  2.487603687e-06  8.072021181e-06  3.0198
1141  8311.300313  0.6106513508  1.945172687e-05  1.056223074e-05  9.680924146e-06  9.770802723e-06  2.499123063e-06  8.063107677e-06  3.0086
1142  8311.500262  0.6106554716  1.944993579e-05  1.056121467e-05  9.662556924e-06  9.787378863e-06  2.497448756e-06  8.063765912e-06  3.0266
1143  8311.700766  0.6106959304  1.945099488e-05  1.056136244e-05  9.694365946e-06  9.756628938e-06  2.498503543e-06  8.0628589e-06  2.9948
1144  8311.900026  0.6106012749  1.940629096e-05  1.053808687e-05  9.646968173e-06  9.759322789e-06  2.48891789e-06  8.049168977e-06  2.9946
1145  8312.100251  0.6106480167  1.941231192e-05  1.054086368e-05  9.646758526e-06  9.765553395e-06  2.495780387e-06  8.045083296e-06  3.009
1146  8312.300173  0.6105967774  1.941798967e-05  1.054448697e-05  9.664081059e-06  9.753908611e-06  2.492662008e-06  8.051824966e-06  3.0042
1147  8312.500271  0.6106792453  1.940559069e-05  1.053688501e-05  9.648452759e-06  9.757137934e-06  2.491605377e-06  8.04527963e-06  2.9998
1148  8312.700754  0.6105659673  1.9429748e-05  1.055119714e-05  9.667589181e-06  9.762158822e-06  2.496458985e-06  8.054738156e-06  3.0128
1149  8312.900719  0.6107011467  1.943816886e-05  1.05543432e-05  9.690323635e-06  9.747845221e-06  2.497688344e-06  8.056654859e-06  3.0142
1150  8313.100562  0.6105850697  1.944103273e-05  1.055712357e-05  9.681315762e-06  9.759716964e-06  2.499428808e-06  8.057694759e-06  3.0156
1151  8313.300416  0.6106484573  1.943560122e-05  1.05535051e-05  9.649987078e-06  9.78561414e-06  2.492034063e-06  8.061471033e-06  3.0088
1152  8313.50006  0.6105811981  1.945989937e-05  1.056740969e-05  9.681493241e-06  9.778406131e-06  2.499605267e-06  8.067804425e-06  3.0214
1153  8313.700266  0.6106832752  1.945358684e-05  1.056290348e-05  9.653068504e-06  9.800518335e-06  2.494856973e-06  8.068046506e-06  2.9954
1154  8313.90026  0.6106785823  1.947406186e-05  1.057407062e-05  9.737833473e-06  9.736228385e-06  2.504926092e-06  8.069144531e-06  3.0114
1155  8314.100296  0.6106207089  1.945181116e-05  1.056260016e-05  9.634215058e-06  9.817596104e-06  2.494097617e-06  8.068502547e-06  2.9924
1156  8314.299927  0.6106681301  1.947908991e-05  1.057691131e-05  9.681937929e-06  9.797151976e-06  2.502330659e-06  8.074580656e-06  2.9978
1157  8314.499955  0.6106086188  1.946194267e-05  1.056822948e-05  9.68239975e-06  9.779542923e-06  2.498972448e-06  8.069257037e-06  3
1158  8314.700234  0.6106175478  1.944951231e-05  1.056138524e-05  9.65932741e-06  9.7901849e-06  2.493871902e-06  8.06751334e-06  2.9956
1159  8314.900794  0.6107777291  1.945578835e-05  1.056310108e-05  9.649186568e-06  9.806601784e-06  2.503717911e-06  8.059383172e-06  3.0256
1160  8315.100759  0.6107413714  1.946417236e-05  1.056803722e-05  9.697668076e-06  9.766504288e-06  2.491546313e-06  8.076490911e-06  3.003
1161  8315.300411  0.6107828956  1.945342955e-05  1.056176585e-05  9.658025987e-06  9.795403559e-06  2.501104059e-06  8.060661794e-06  3.032
1162  8315.500032  0.6108890681  1.946445755e-05  1.056663129e-05  9.628119642e-06  9.836337905e-06  2.498173226e-06  8.068458066e-06  3.0314
1163  8315.700318  0.6108126087  1.947500567e-05  1.057316592e-05  9.682947289e-06  9.792058385e-06  2.499612267e-06  8.073553652e-06  3.0176
1164  8315.900123  0.6108905509  1.944345352e-05  1.055521322e-05  9.648785913e-06  9.794667604e-06  2.49495687e-06  8.060256355e-06  3.034
1165  8316.100096  0.6109722423  1.944980399e-05  1.055779817e-05  9.663532657e-06  9.786271335e-06  2.49523093e-06  8.062567243e-06  3.0074
1166  8316.300384  0.6109701973  1.94814351e-05  1.057498989e-05  9.719721897e-06  9.761713201e-06  2.511445731e-06  8.063544155e-06  3.0248
1167  8316.500388  0.6110878138  1.943639675e-05  1.054930115e-05  9.623521436e-06  9.812875315e-06  2.484768395e-06  8.064532753e-06  2.9766
1168  8316.700764  0.6111403463  1.947545232e-05  1.056994367e-05  9.669065475e-06  9.806386845e-06  2.505497804e-06  8.064445869e-06  2.9612
1169  8316.899978  0.6112927672  1.948379593e-05  1.057286036e-05  9.68312885e-06  9.800667075e-06  2.501064446e-06  8.071795917e-06  3.0182
1170  8317.100839  0.6112227316  1.944474982e-05  1.055241106e-05  9.637804479e-06  9.80694534e-06  2.49373787e-06  8.058673185e-06  2.9784
1171  8317.300018  0.6112677699  1.945616277e-05  1.055812918e-05  9.692338308e-06  9.763824463e-06  2.502248573e-06  8.05588061e-06  3.0006
1172  8317.49948  0.6114394884  1.946667417e-05  1.056201948e-05  9.692333221e-06  9.774340947e-06  2.498151461e-06  8.063868014e-06  3.0024
1173  8317.700155  0.6113849175  1.946698346e-05  1.056276369e-05  9.679525823e-06  9.787457636e-06  2.502419699e-06  8.060343992e-06  3.0082
1174  8317.900124  0.6116428796  1.943341147e-05  1.054182782e-05  9.623165162e-06  9.810246309e-06  2.488612722e-06  8.053215102e-06  3.0454
1175  8318.100239  0.611710135  1.947995699e-05  1.056636619e-05  9.70945454e-06  9.770502454e-06  2.501310138e-06  8.065056051e-06  2.9892
1176  8318.300085  0.6117840004  1.946386438e-05  1.055685738e-05  9.654892044e-06  9.80897234e-06  2.500480058e-06  8.056377322e-06  3.0186
1177  8318.499976  0.6119277686  1.945286466e-05  1.054937455e-05  9.68576409e-06  9.767100568e-06  2.494003283e-06  8.055371267e-06  2.9956
1178  8318.700553  0.6120128592  1.943948856e-05  1.054122364e-05  9.621054909e-06  9.818433651e-06  2.490900339e-06  8.050323297e-06  3.0282
1179  8318.900268  0.6120316008  1.947519989e-05  1.056039048e-05  9.705846227e-06  9.769353661e-06  2.503126407e-06  8.057264072e-06  3.017
1180  8319.10077  0.6122033886  1.944202019e-05  1.054058795e-05  9.638574108e-06  9.803446081e-06  2.488943252e-06  8.051644698e-06  3.0222
1181  8319.30044  0.6122755271  1.945217578e-05  1.05453331e-05  9.677068075e-06  9.775107702e-06  2.495781771e-06  8.049551328e-06  3.003
1182  8319.500179  0.6123954401  1.945842134e-05  1.054745406e-05  9.652441329e-06  9.805980009e-06  2.496244286e-06  8.051209778e-06  2.9778
1183  8319.699647  0.6124703186  1.947188236e-05  1.055396033e-05  9.675672424e-06  9.796209933e-06  2.497096109e-06  8.056864219e-06  3.031
1184  8319.900953  0.6126699198  1.944101978e-05  1.053512946e-05  9.636413498e-06  9.80460628e-06  2.487968483e-06  8.047160976e-06  3.0228
1185  8320.100571  0.6128486513  1.945161804e-05  1.053898886e-05  9.672317251e-06  9.779300785e-06  2.494536478e-06  8.044452382e-06  3.0038
1186  8320.30039  0.6129556902  1.946174332e-05  1.054334619e-05  9.664385323e-06  9.797358002e-06  2.497243928e-06  8.046102257e-06  3.0376
1187  8320.500605  0.6132027377  1.943781471e-05  1.052778174e-05  9.636770248e-06  9.801044464e-06  2.486611303e-06  8.041170438e-06  2.9984
1188  8320.700232  0.6133023085  1.946695444e-05  1.054251443e-05  9.692773709e-06  9.774180731e-06  2.499893038e-06  8.042621393e-06  3.0376
1189  8320.900254  0.6134945211  1.947037347e-05  1.054233948e-05  9.665057997e-06  9.805315477e-06  2.494492861e-06  8.047846615e-06  3.0324
1190  8321.100292  0.6137138716  1.944049052e-05  1.052385052e-05  9.63696423e-06  9.803526291e-06  2.487535982e-06  8.036314541e-06  3.0192
1191  8321.300049  0.6139068141  1.944663608e-05  1.05251464e-05  9.663867792e-06  9.782768288e-06  2.491714871e-06  8.033431524e-06  3.008
1192  8321.500182  0.6141142947  1.94595514e-05  1.05299516e-05  9.670929411e-06  9.788621994e-06  2.493181118e-06  8.036770481e-06  3.0148
1193  8321.701196  0.6143673735  1.944911444e-05  1.052164081e-05  9.666010159e-06  9.783104284e-06  2.492447912e-06  8.029192898e-06  3.0156
1194  8321.900714  0.6146838741  1.943756386e-05  1.051206454e-05  9.645826166e-06  9.791737695e-06  2.483143469e-06  8.02892107e-06  2.9688
1195  8322.100113  0.6148176614  1.946454135e-05  1.052524604e-05  9.664844481e-06  9.799696867e-06  2.49513459e-06  8.030111455e-06  3.0246
1196  8322.300031  0.6151151841  1.946272549e-05  1.05211334e-05  9.683738911e-06  9.778986579e-06  2.492589349e-06  8.028544049e-06  3.0104
1197  8322.500029  0.6153461416  1.944350115e-05  1.050831388e-05  9.678198497e-06  9.765302658e-06  2.486450958e-06  8.02186292e-06  3.003
1198  8322.700608  0.6156266462  1.944202634e-05  1.050456982e-05  9.643775774e-06  9.798250566e-06  2.492856804e-06  8.011713012e-06  2.9882
1199  8322.899922  0.6160690514  1.945484788e-05  1.050684801e-05  9.679615913e-06  9.775231964e-06  2.482840821e-06  8.024007187e-06  3.0166
1200  8323.100211  0.6162238149  1.945654825e-05  1.050614022e-05  9.700701884e-06  9.755846365e-06  2.49520946e-06  8.010930762e-06  3.0226
1201  8323.300846  0.6166087063  1.941874563e-05  1.048169249e-05  9.578235137e-06  9.840510491e-06  2.477294109e-06  8.004398378e-06  3.0046
1202  8323.501083  0.6170234112  1.946595467e-05  1.050281813e-05  9.69131905e-06  9.774635622e-06  2.489264955e-06  8.013553171e-06  2.9804
1203  8323.700525  0.6173021887  1.947148472e-05  1.050287348e-05  9.721543702e-06  9.749941018e-06  2.494795536e-06  8.008077945e-06  3.0124
1204  8323.900488  0.6177051931  1.942991339e-05  1.047622719e-05  9.642148572e-06  9.787764819e-06  2.473483482e-06  8.002743705e-06  3.0118
1205  8324.100565  0.618208627  1.944111679e-05  1.047699204e-05  9.645153167e-06  9.795963625e-06  2.490218836e-06  7.986773203e-06  2.9962
1206  8324.299309  0.6186687059  1.946668688e-05  1.048594652e-05  9.695954986e-06  9.770731894e-06  2.480767863e-06  8.005178654e-06  3.0216
1207  8324.500662  0.6190781417  1.943570773e-05  1.046497364e-05  9.65653038e-06  9.779177348e-06  2.477747091e-06  7.98722655e-06  3.0004
1208  8324.70023  0.6195952579  1.943746367e-05  1.046050841e-05  9.640572749e-06  9.796890919e-06  2.480114573e-06  7.98039384e-06  3.0058
1209  8324.900117  0.6200175969  1.946437963e-05  1.04705705e-05  9.680855433e-06  9.783524195e-06  2.481704775e-06  7.988865725e-06  3.0006
1210  8325.099957  0.6205158431  1.944150862e-05  1.045305789e-05  9.672734595e-06  9.76877402e-06  2.482913061e-06  7.970144828e-06  3.0196
1211  8325.300322  0.6212319548  1.942085304e-05  1.043447714e-05  9.60240181e-06  9.818451233e-06  2.459217829e-06  7.975259313e-06  2.9948
1212  8325.500617  0.6217844618  1.947380776e-05  1.045714952e-05  9.702951171e-06  9.770856585e-06  2.48923628e-06  7.967913238e-06  3.0124
1213  8325.70104  0.6224071189  1.943555179e-05  1.043011022e-05  9.65498674e-06  9.780565053e-06  2.469158046e-06  7.960952176e-06  3.0124
1214  8325.900546  0.6231869993  1.943545943e-05  1.042192962e-05  9.65143348e-06  9.784025946e-06  2.466863552e-06  7.955066072e-06  2.9782
1215  8326.099808  0.6238053585  1.946355205e-05  1.043054199e-05  9.682858049e-06  9.780694e-06  2.47837817e-06  7.952163822e-06  3.0248
1216  8326.300095  0.6246380944  1.944816602e-05  1.041362119e-05  9.641491312e-06  9.806674709e-06  2.462855166e-06  7.950766027e-06  2.9968
1217  8326.499748  0.6253861988  1.94451112e-05  1.040419913e-05  9.675979614e-06  9.769131587e-06  2.472221285e-06  7.931977849e-06  2.991
1218  8326.700251  0.6264019566  1.944090187e-05  1.039138642e-05  9.659859667e-06  9.781042207e-06  2.459540573e-06  7.931845846e-06  3.013
1219  8326.900894  0.6273697619  1.944591879e-05  1.038401345e-05  9.663819788e-06  9.782099006e-06  2.462715098e-06  7.921298356e-06  2.9928
1220  8327.1001  0.6284450257  1.944288298e-05  1.037123454e-05  9.689367416e-06  9.753515569e-06  2.458449718e-06  7.912784819e-06  2.99
1221  8327.300123  0.6294838542  1.945199792e-05  1.036532325e-05  9.654760282e-06  9.797237643e-06  2.460808003e-06  7.904515243e-06  3.016
1222  8327.501021  0.6307244408  1.945615979e-05  1.035468711e-05  9.649270354e-06  9.806889435e-06  2.452334018e-06  7.902353089e-06  2.9902
1223  8327.700606  0.6320246909  1.944713274e-05  1.033643416e-05  9.667704656e-06  9.77942808e-06  2.453160812e-06  7.883273351e-06  2.99
1224  8327.900571  0.6333825504  1.944341866e-05  1.032043686e-05  9.703821826e-06  9.739596832e-06  2.44623765e-06  7.874199206e-06  3.004
1225  8328.100539  0.6348356602  1.942288927e-05  1.029456998e-05  9.638678811e-06  9.784210457e-06  2.444732792e-06  7.849837185e-06  3.0242
1226  8328.300359  0.6365895114  1.945551184e-05  1.029379106e-05  9.678123171e-06  9.777388667e-06  2.441870898e-06  7.851920159e-06  3.0198
1227  8328.50033  0.6384347542  1.943690088e-05  1.026498524e-05  9.663794873e-06  9.77310601e-06  2.430377635e-06  7.834607604e-06  2.994
1228  8328.700612  0.6402359165  1.945438129e-05  1.025572809e-05  9.672804967e-06  9.781576323e-06  2.44422951e-06  7.811498578e-06  2.9822
1229  8328.900076  0.6426511663  1.944029717e-05  1.022358104e-05  9.625561403e-06  9.814735765e-06  2.420355731e-06  7.803225313e-06  3.0318
1230  8329.100905  0.6449113158  1.945074272e-05  1.020598119e-05  9.719141006e-06  9.731601715e-06  2.427726173e-06  7.778255018e-06  3.0024
1231  8329.299942  0.6476969446  1.942644929e-05  1.016487915e-05  9.634381642e-06  9.792067644e-06  2.412276308e-06  7.752602842e-06  3.0052
1232  8329.499897  0.6508518102  1.943646925e-05  1.013808728e-05  9.641394527e-06  9.79507472e-06  2.408607895e-06  7.729479386e-06  2.9662
1233  8329.699934  0.6544581086  1.944126979e-05  1.010408711e-05  9.680787283e-06  9.760482507e-06  2.401354357e-06  7.702732757e-06  2.9882
1234  8329.900594  0.6585885192  1.944111314e-05  1.006235808e-05  9.652581303e-06  9.788531839e-06  2.386573354e-06  7.675784724e-06  2.9674
1235  8330.100771  0.6631275449  1.9454516e-05  1.002369393e-05  9.67366787e-06  9.780848126e-06  2.388821541e-06  7.634872385e-06  2.9934
1236  8330.301253  0.6688535211  1.9445235e-05  9.961707889e-06  9.654400244e-06  9.790834754e-06  2.359547599e-06  7.60216029e-06  2.9692
1237  8330.500766  0.6753111412  1.943647738e-05  9.893128613e-06  9.671828026e-06  9.764649355e-06  2.355506591e-06  7.537622022e-06  2.996
1238  8330.701332  0.6834725851  1.943460803e-05  9.811771227e-06  9.64447838e-06  9.790129646e-06  2.335266062e-06  7.476505165e-06  2.9932
1239  8330.900878  0.6934268347  1.94344457e-05  9.714505768e-06  9.617863973e-06  9.816581726e-06  2.305359332e-06  7.409146436e-06  2.9984
1240  8331.100242  0.7051774287  1.943881203e-05  9.603179665e-06  9.701990527e-06  9.736821501e-06  2.291637497e-06  7.311542169e-06  3.0108
1241  8331.30022  0.7206558379  1.942472032e-05  9.448827507e-06  9.632475672e-06  9.792244651e-06  2.245738636e-06  7.203088871e-06  3.0242
1242  8331.500245  0.7392072527  1.945820394e-05  9.291142481e-06  9.663996641e-06  9.794207302e-06  2.2198049e-06  7.071337581e-06  3.0074
1243  8331.700856  0.762040696  1.943047884e-05  9.068457753e-06  9.645846695e-06  9.784632144e-06  2.159409539e-06  6.909048214e-06  2.9918
1244  8331.900143  0.7881393949  1.942190997e-05  8.830948385e-06  9.65463384e-06  9.767276128e-06  2.109712791e-06  6.721235593e-06  3.0016
1245  8332.099728  0.8183551729  1.943672382e-05  8.57464064e-06  9.66787654e-06  9.768847282e-06  2.051877091e-06  6.522763549e-06  3.0202
1246  8332.300331  0.8518683879  1.942227576e-05  8.285874972e-06  9.637684363e-06  9.784591396e-06  1.979209862e-06  6.30666511e-06  3.012
1247  8332.500158  0.8873565838  1.942594461e-05  7.998491329e-06  9.64829472e-06  9.777649894e-06  1.920221867e-06  6.078269462e-06  2.994
1248  8332.70049  0.9248808943  1.942743601e-05  7.704506367e-06  9.629493254e-06  9.797942758e-06  1.845080079e-06  5.859426288e-06  2.991
1249  8332.899291  0.9612076639  1.945721758e-05  7.44103849e-06  9.693629412e-06  9.763588167e-06  1.792977281e-06  5.64806121e-06  3.0048
1250  8333.100424  0.9992074341  1.939906175e-05  7.142174396e-06  9.589277454e-06  9.809784295e-06  1.710755833e-06  5.431418563e-06  2.9714
1251  8333.300152  1.033566062  1.945090838e-05  6.919390659e-06  9.728549471e-06  9.722358908e-06  1.669913234e-06  5.249477425e-06  2.9804
1252  8333.500736  1.069712687  1.941514747e-05  6.661474604e-06  9.609327911e-06  9.805819558e-06  1.603633179e-06  5.057841425e-06  2.967
1253  8333.699706  1.102292191  1.94200631e-05  6.449576832e-06  9.647977432e-06  9.772085663e-06  1.550532091e-06  4.899044741e-06  2.983
1254  8333.900486  1.133429704  1.94322507e-05  6.255770947e-06  9.663248774e-06  9.769001924e-06  1.515844671e-06  4.739926277e-06  3.016
1255  8334.100767  1.163018418  1.942340698e-05  6.070618326e-06  9.627533597e-06  9.79587338e-06  1.462643665e-06  4.607974662e-06  2.9898
1256  8334.300734  1.190051197  1.941700719e-05  5.906764054e-06  9.630771925e-06  9.786235264e-06  1.426664849e-06  4.480099205e-06  2.9736
1257  8334.499329  1.214642775  1.943023285e-05  5.767204489e-06  9.703377589e-06  9.726855259e-06  1.396493272e-06  4.370711218e-06  2.983
1258  8334.700519  1.238124384  1.940307426e-05  5.62548483e-06  9.598938014e-06  9.804136248e-06  1.355978467e-06  4.269506362e-06  2.997
1259  8334.900569  1.258233608  1.941080285e-05  5.51568665e-06  9.606589247e-06  9.804213607e-06  1.336486228e-06  4.179200422e-06  2.9824
1260  8335.10023  1.276167851  1.942437808e-05  5.421437645e-06  9.689212163e-06  9.735165914e-06  1.308649317e-06  4.112788328e-06  3.0006
1261  8335.300739  1.291903301  1.942003285e-05  5.335602721e-06  9.653952752e-06  9.766080098e-06  1.293736805e-06  4.041865915e-06  3.0062
1262  8335.50088  1.306296433  1.940434286e-05  5.255107529e-06  9.583568414e-06  9.820774441e-06  1.270609364e-06  3.984498166e-06  2.9944
1263  8335.699934  1.318090197  1.942765072e-05  5.199732327e-06  9.680768683e-06  9.746882036e-06  1.258073084e-06  3.941659243e-06  2.9944
1264  8335.900058  1.32911892  1.941397629e-05  5.139081227e-06  9.650562939e-06  9.763413354e-06  1.247035955e-06  3.892045272e-06  3.0388
1265  8336.100407  1.339172316  1.939757391e-05  5.083376398e-06  9.592704268e-06  9.804869645e-06  1.226479044e-06  3.856897354e-06  3.0188
1266  8336.300127  1.347704235  1.941818946e-05  5.0455466e-06  9.66338795e-06  9.754801508e-06  1.225819184e-06  3.819727415e-06  3.0148
1267  8336.500269  1.355943089  1.940632884e-05  5.001091321e-06  9.648733139e-06  9.757595698e-06  1.210276286e-06  3.790815036e-06  3.0024
1268  8336.700377  1.363562596  1.941539391e-05  4.965448648e-06  9.63521233e-06  9.780181581e-06  1.204303849e-06  3.761144799e-06  3.0152
1269  8336.900926  1.371281171  1.943029726e-05  4.93105219e-06  9.661037119e-06  9.769260145e-06  1.194536985e-06  3.736515205e-06  2.9848
1270  8337.100536  1.379030643  1.94018961e-05  4.885834772e-06  9.630603185e-06  9.771292914e-06  1.185303499e-06  3.700531273e-06  2.9954
1271  8337.299966  1.387254957  1.939350367e-05  4.843720825e-06  9.609196061e-06  9.784307605e-06  1.170602535e-06  3.67311829e-06  3.0384
1272  8337.501264  1.396469284  1.939992366e-05  4.800882941e-06  9.620364243e-06  9.779559417e-06  1.164012415e-06  3.636870527e-06  3.0094
1273  8337.70084  1.406657456  1.940588633e-05  4.753679657e-06  9.660708745e-06  9.745177587e-06  1.154963811e-06  3.598715846e-06  3.0008
1274  8337.900075  1.418344519  1.940239247e-05  4.697600577e-06  9.645810918e-06  9.756581548e-06  1.138807581e-06  3.558792996e-06  2.985
1275  8338.100649  1.431378827  1.939796269e-05  4.635709297e-06  9.627240159e-06  9.770722533e-06  1.126064887e-06  3.509644409e-06  2.9898
1276  8338.300044  1.445608781  1.939575513e-05  4.569690386e-06  9.621010462e-06  9.77474467e-06  1.105973244e-06  3.463717143e-06  3.0008
1277  8338.500718  1.460414277  1.940870588e-05  4.505538622e-06  9.685674295e-06  9.723031581e-06  1.097248823e-06  3.4082898e-06  2.9948
1278  8338.700144  1.476395884  1.937670875e-05  4.426795154e-06  9.607383434e-06  9.76932532e-06  1.072421433e-06  3.354373721e-06  2.985
1279  8338.900525  1.49230606  1.939256435e-05  4.360486579e-06  9.615934235e-06  9.776630114e-06  1.060037214e-06  3.300449365e-06  2.9878
1280  8339.100086  1.507933683  1.939236387e-05  4.292827861e-06  9.643157323e-06  9.749206543e-06  1.041021665e-06  3.251806196e-06  3.0018
1281  8339.300341  1.523172384  1.939752225e-05  4.229031278e-06  9.647100636e-06  9.750421616e-06  1.029033311e-06  3.199997967e-06  2.9948
1282  8339.500581  1.53814083  1.940543227e-05  4.167899578e-06  9.630728799e-06  9.774703472e-06  1.015816687e-06  3.152082891e-06  3.0076
1283  8339.700198  1.552388208  1.93785853e-05  4.103254328e-06  9.609246294e-06  9.769339005e-06  9.931693424e-07  3.110084986e-06  2.9578
1284  8339.900498  1.565657131  1.938527362e-05  4.05056572e-06  9.63789622e-06  9.747377396e-06  9.888626099e-07  3.06170311e-06  2.999
1285  8340.100782  1.578789047  1.938657441e-05  3.997990013e-06  9.636246598e-06  9.750327808e-06  9.705906426e-07  3.02739937e-06  2.9796
1286  8340.300839  1.591296771  1.938956908e-05  3.948905588e-06  9.649699667e-06  9.739869414e-06  9.621414771e-07  2.98676411e-06  2.9924
1287  8340.500843  1.603982869  1.938737371e-05  3.898684332e-06  9.627921411e-06  9.759452299e-06  9.487268254e-07  2.949957506e-06  3.0036
1288  8340.700377  1.616635081  1.938598684e-05  3.8493927e-06  9.607919322e-06  9.778067514e-06  9.341634115e-07  2.915229289e-06  3.0034
1289  8340.900708  1.628866092  1.941043483e-05  3.807393016e-06  9.686343302e-06  9.724091523e-06  9.318268539e-07  2.875566163e-06  2.9808
1290  8341.100321  1.642756506  1.934678277e-05  3.742559122e-06  9.560356267e-06  9.786426506e-06  9.072905759e-07  2.835268547e-06  3.0128
1291  8341.300319  1.656141635  1.938664691e-05  3.700407283e-06  9.651823044e-06  9.734823863e-06  9.034727732e-07  2.796934509e-06  3
1292  8341.500219  1.671293169  1.93862673e-05  3.644691684e-06  9.638038979e-06  9.748228325e-06  8.871405829e-07  2.757551101e-06  2.995
1293  8341.699741  1.686871208  1.936859526e-05  3.585083429e-06  9.619155297e-06  9.749439967e-06  8.714608923e-07  2.713622537e-06  2.991
1294  8341.899887  1.703591205  1.938443519e-05  3.528522504e-06  9.633562477e-06  9.750872711e-06  8.622371712e-07  2.666285333e-06  2.9888
1295  8342.100406  1.721788258  1.939107582e-05  3.46608146e-06  9.625420204e-06  9.76565562e-06  8.437545164e-07  2.622326943e-06  2.9888
1296  8342.300643  1.740401329  1.938848256e-05  3.401708747e-06  9.661579611e-06  9.726902947e-06  8.313785087e-07  2.570330238e-06  2.9874
1297  8342.500434  1.761285958  1.935310809e-05  3.325323868e-06  9.60376358e-06  9.749344508e-06  8.106296539e-07  2.514694214e-06  2.999
1298  8342.700458  1.78310769  1.936607488e-05  3.255725465e-06  9.613391787e-06  9.752683097e-06  7.932581311e-07  2.462467334e-06  2.99
1299  8342.900358  1.805644229  1.938921163e-05  3.186976243e-06  9.651281846e-06  9.737929787e-06  7.822616935e-07  2.404714549e-06  2.9852
1300  8343.099571  1.83029364  1.935600485e-05  3.104054186e-06  9.624697452e-06  9.731307397e-06  7.546929452e-07  2.349361241e-06  2.9914
1301  8343.300218  1.855197502  1.937714008e-05  3.031011896e-06  9.640166414e-06  9.736973669e-06  7.4395427e-07  2.287057626e-06  2.9724
1302  8343.500139  1.882451823  1.937649725e-05  2.949421434e-06  9.596527202e-06  9.779970051e-06  7.183867284e-07  2.231034705e-06  2.9858
1303  8343.700305  1.908705512  1.938261314e-05  2.873902673e-06  9.688098319e-06  9.694514819e-06  7.031744119e-07  2.170728261e-06  2.98
1304  8343.901041  1.936783248  1.935303283e-05  2.790067794e-06  9.622149643e-06  9.730883187e-06  6.840921485e-07  2.105975645e-06  2.9908
1305  8344.100619  1.966811774  1.933088081e-05  2.704432478e-06  9.541905679e-06  9.788975129e-06  6.584903172e-07  2.045942161e-06  3.0114
1306  8344.301129  1.99425493  1.938689767e-05  2.638848189e-06  9.700810056e-06  9.68608761e-06  6.491884812e-07  1.989659708e-06  3.0046
1307  8344.500372  2.025553443  1.932198291e-05  2.548971681e-06  9.579183566e-06  9.742799342e-06  6.213277855e-07  1.927643896e-06  3.0192
1308  8344.700449  2.055028019  1.934755458e-05  2.478213689e-06  9.610968395e-06  9.736586182e-06  6.084625451e-07  1.869751144e-06  2.9536
1309  8344.900396  2.086119825  1.936887379e-05  2.404994239e-06  9.647095105e-06  9.72177868e-06  5.896238847e-07  1.815370355e-06  3.025
1310  8345.101089  2.117721832  1.932659213e-05  2.32509325e-06  9.599224193e-06  9.727367939e-06  5.686255589e-07  1.756467691e-06  2.979
1311  8345.301374  2.14915603  1.928955474e-05  2.248824677e-06  9.54165243e-06  9.747902313e-06  5.519964707e-07  1.696828206e-06  2.9882
1312  8345.500407  2.179801479  1.931252785e-05  2.183551146e-06  9.629489757e-06  9.683038089e-06  5.35368807e-07  1.648182339e-06  2.9722
1313  8345.70101  2.211769816  1.926425063e-05  2.109563943e-06  9.583368877e-06  9.680881756e-06  5.174655402e-07  1.592098402e-06  2.9784
1314  8345.90032  2.243549072  1.922553798e-05  2.039470929e-06  9.546077613e-06  9.679460365e-06  4.999898018e-07  1.539481128e-06  2.9706
1315  8346.100272  2.275528322  1.91852896e-05  1.971146784e-06  9.490703736e-06  9.694585864e-06  4.838376726e-07  1.487309111e-06  2.9784
1316  8346.299666  2.306092473  1.914261363e-05  1.907559081e-06  9.516269249e-06  9.626344386e-06  4.672082479e-07  1.440350833e-06  2.9808
1317  8346.499884  2.337051373  1.908741221e-05  1.844074818e-06  9.492568075e-06  9.594844134e-06  4.530800287e-07  1.390994789e-06  2.9868
1318  8346.700465  2.367520393  1.907032301e-05  1.787133545e-06  9.471106008e-06  9.599217006e-06  4.386971097e-07  1.348436436e-06  2.975
1319  8346.900704  2.397066092  1.906493171e-05  1.734613322e-06  9.440422058e-06  9.62450965e-06  4.256613133e-07  1.308952008e-06  2.9532
1320  8347.100534  2.424032064  1.905270737e-05  1.687380197e-06  9.473998081e-06  9.578709292e-06  4.150972064e-07  1.27228299e-06  2.9938
1321  8347.300258  2.449947219  1.906376567e-05  1.645167544e-06  9.477605608e-06  9.586160065e-06  4.040598829e-07  1.241107661e-06  2.937
1322  8347.500214  2.473408485  1.907641792e-05  1.608085632e-06  9.489039739e-06  9.587378184e-06  3.969383876e-07  1.211147245e-06  3.0008
1323  8347.700121  2.495113213  1.907534269e-05  1.573469933e-06  9.500962466e-06  9.574380219e-06  3.860459433e-07  1.18742399e-06  2.9538
1324  8347.900392  2.513930149  1.910401792e-05  1.546460121e-06  9.492979225e-06  9.611038692e-06  3.815520705e-07  1.164908051e-06  2.9974
1325  8348.099579  2.530883847  1.912686471e-05  1.522281246e-06  9.488588183e-06  9.638276522e-06  3.736272439e-07  1.148654002e-06  2.995
1326  8348.30083  2.544382291  1.918470094e-05  1.506412271e-06  9.560702129e-06  9.62399881e-06  3.716604325e-07  1.134751839e-06  3.004
1327  8348.500891  2.555908714  1.921683558e-05  1.491642756e-06  9.572450373e-06  9.644385205e-06  3.6693093e-07  1.124711826e-06  3.0188
1328  8348.70118  2.565625743  1.925484739e-05  1.480140622e-06  9.553418567e-06  9.701428821e-06  3.639743875e-07  1.116166235e-06  2.9836
1329  8348.900264  2.572959826  1.932837359e-05  1.474935595e-06  9.626859029e-06  9.701514562e-06  3.631705602e-07  1.111765035e-06  3.0008
1330  8349.100174  2.578717717  1.931133302e-05  1.465174591e-06  9.565838669e-06  9.745494352e-06  3.589754948e-07  1.106199096e-06  2.9938
1331  8349.300541  2.582660765  1.934119787e-05  1.461665678e-06  9.603779521e-06  9.737418345e-06  3.597161628e-07  1.101949515e-06  3.0212
1332  8349.499443  2.58526061  1.934380977e-05  1.458067384e-06  9.58228767e-06  9.761522096e-06  3.575314974e-07  1.100535887e-06  2.9482
1333  8349.69905  2.586650339  1.936099968e-05  1.457336388e-06  9.649956107e-06  9.711043572e-06  3.593545614e-07  1.097981826e-06  2.9926
1334  8349.900848  2.58674794  1.932846732e-05  1.454745629e-06  9.554222629e-06  9.774244687e-06  3.564759447e-07  1.098269684e-06  2.9938
1335  8350.101268  2.585898455  1.937486425e-05  1.459476944e-06  9.629747297e-06  9.745116954e-06  3.587830289e-07  1.100693915e-06  2.9436
1336  8350.300713  2.5841739  1.936155795e-05  1.460991992e-06  9.626742543e-06  9.734815409e-06  3.592906805e-07  1.101701312e-06  2.9876
1337  8350.5005  2.581560579  1.933875302e-05  1.463089699e-06  9.597695701e-06  9.741057317e-06  3.593253767e-07  1.103764323e-06  2.9576
1338  8350.700656  2.578030582  1.932941848e-05  1.467554818e-06  9.56594936e-06  9.763469118e-06  3.605695525e-07  1.106985266e-06  2.9694
1339  8350.900626  2.574202875  1.938274095e-05  1.477246902e-06  9.691875682e-06  9.690865268e-06  3.636506666e-07  1.113596235e-06  2.9736
1340  8351.100713  2.569454264  1.932856965e-05  1.480130161e-06  9.57177714e-06  9.756792509e-06  3.633319255e-07  1.116798235e-06  2.9916
1341  8351.300543  2.564690166  1.934308719e-05  1.488315493e-06  9.575700919e-06  9.767386267e-06  3.651466497e-07  1.123168843e-06  2.991
1342  8351.500552  2.559352411  1.936241137e-05  1.497775815e-06  9.609957284e-06  9.752454088e-06  3.686356943e-07  1.12914012e-06  2.993
1343  8351.700926  2.553909426  1.934958903e-05  1.50495313e-06  9.630334854e-06  9.719254176e-06  3.698698044e-07  1.135083326e-06  2.9986
1344  8351.900737  2.548363764  1.931636561e-05  1.510723887e-06  9.580049243e-06  9.736316368e-06  3.708118969e-07  1.13991199e-06  2.9834
1345  8352.100169  2.543019624  1.933320877e-05  1.520143374e-06  9.607282311e-06  9.72592646e-06  3.738893323e-07  1.146254042e-06  2.9716
1346  8352.299693  2.537649919  1.933700281e-05  1.528627976e-06  9.614897891e-06  9.722104918e-06  3.759784762e-07  1.1526495e-06  2.9916
1347  8352.500415  2.532797866  1.928468873e-05  1.531907338e-06  9.530995644e-06  9.753693085e-06  3.755963028e-07  1.156311035e-06  2.9948
1348  8352.700275  2.528529309  1.929412358e-05  1.539213025e-06  9.572136422e-06  9.721987156e-06  3.782846772e-07  1.160928347e-06  2.9966
1349  8352.900192  2.524863473  1.927536866e-05  1.54336419e-06  9.589568428e-06  9.685800227e-06  3.796140486e-07  1.163750141e-06  2.993
1350  8353.10076  2.521708734  1.922678321e-05  1.544338296e-06  9.556027379e-06  9.670755827e-06  3.80006495e-07  1.164331801e-06  3.0076
1351  8353.301225  2.519893644  1.920788739e-05  1.545623444e-06  9.512164786e-06  9.695722606e-06  3.787788185e-07  1.166844626e-06  2.9596
1352  8353.500523  2.5186473  1.921866517e-05  1.548419373e-06  9.540520924e-06  9.678144248e-06  3.805217202e-07  1.167897653e-06  2.9944
1353  8353.700256  2.518467369  1.921309099e-05  1.548248822e-06  9.552247003e-06  9.660843982e-06  3.807148712e-07  1.16753395e-06  3.0216
1354  8353.900253  2.519761046  1.922566482e-05  1.54725911e-06  9.53880602e-06  9.686858801e-06  3.797234711e-07  1.167535639e-06  3.0052
1355  8354.100471  2.522261028  1.926705542e-05  1.546718572e-06  9.552931387e-06  9.714124035e-06  3.8045022e-07  1.166268352e-06  2.9892
1356  8354.300546  2.526215359  1.929327021e-05  1.542710573e-06  9.585631789e-06  9.707638417e-06  3.78685316e-07  1.164025257e-06  2.9956
1357  8354.500353  2.531062678  1.928713621e-05  1.53476255e-06  9.569051797e-06  9.718084415e-06  3.771006522e-07  1.157661898e-06  2.9854
1358  8354.700401  2.537497975  1.930216364e-05  1.526105736e-06  9.569335425e-06  9.73282822e-06  3.748451682e-07  1.151260568e-06  2.9736
1359  8354.90039  2.54489092  1.93346621e-05  1.517415454e-06  9.644558522e-06  9.690103579e-06  3.740830797e-07  1.143332374e-06  2.9856
1360  8355.100999  2.553962021  1.930002827e-05  1.501019494e-06  9.586298021e-06  9.713730246e-06  3.678905681e-07  1.133128926e-06  2.9522
1361  8355.300871  2.563530227  1.930763398e-05  1.487311806e-06  9.561547642e-06  9.746086338e-06  3.659729183e-07  1.121338887e-06  2.9838
1362  8355.499969  2.573337599  1.932058657e-05  1.473784511e-06  9.60108525e-06  9.719501315e-06  3.631388819e-07  1.110645629e-06  2.96
1363  8355.699966  2.584449447  1.925834196e-05  1.452803109e-06  9.549899077e-06  9.70844288e-06  3.564118301e-07  1.096391278e-06  2.9854
1364  8355.899957  2.595379747  1.92310798e-05  1.434975768e-06  9.57108254e-06  9.659997259e-06  3.531759685e-07  1.081799799e-06  2.9542
1365  8356.10038  2.606983148  1.918242719e-05  1.414832941e-06  9.521682127e-06  9.660745066e-06  3.481191297e-07  1.066713812e-06  2.9922
1366  8356.300731  2.617679248  1.912747063e-05  1.395770101e-06  9.495495641e-06  9.63197499e-06  3.436818551e-07  1.052088246e-06  3.0118
1367  8356.500717  2.628662621  1.904382769e-05  1.374486796e-06  9.430867513e-06  9.61296018e-06  3.372667948e-07  1.037220001e-06  3.0012
1368  8356.700968  2.638194646  1.905408632e-05  1.36218079e-06  9.490238362e-06  9.563847962e-06  3.362385352e-07  1.025942255e-06  2.9838
1369  8356.900226  2.647593971  1.903126949e-05  1.347821274e-06  9.449284786e-06  9.5819847e-06  3.317641568e-07  1.016057118e-06  2.9618
1370  8357.100698  2.655347812  1.901415537e-05  1.33620821e-06  9.451619373e-06  9.562535994e-06  3.284931342e-07  1.007715076e-06  2.9976
1371  8357.300544  2.66178055  1.907160138e-05  1.331651419e-06  9.483738714e-06  9.587862668e-06  3.284704605e-07  1.003180958e-06  2.9808
1372  8357.50045  2.666989106  1.914882596e-05  1.33009757e-06  9.531321942e-06  9.617504017e-06  3.277669177e-07  1.002330652e-06  2.9824
1373  8357.70023  2.67051983  1.917695566e-05  1.327356675e-06  9.493955724e-06  9.682999939e-06  3.265323799e-07  1.000824295e-06  2.9752
1374  8357.90006  2.672655389  1.926073667e-05  1.330311687e-06  9.59524908e-06  9.665487594e-06  3.274570754e-07  1.002854612e-06  2.9758
1375  8358.100803  2.673404431  1.930485251e-05  1.332360336e-06  9.59334062e-06  9.71151189e-06  3.293191089e-07  1.003041227e-06  2.9838
1376  8358.300619  2.673147266  1.930688116e-05  1.332843064e-06  9.569433071e-06  9.737448084e-06  3.267992263e-07  1.006043837e-06  2.9788
1377  8358.500478  2.671227063  1.931392426e-05  1.335892005e-06  9.633471342e-06  9.680452923e-06  3.299718255e-07  1.00592018e-06  2.9798
1378  8358.700169  2.668498772  1.929840586e-05  1.338465386e-06  9.575659466e-06  9.722746397e-06  3.292579587e-07  1.009207427e-06  2.9868
1379  8358.900755  2.664998614  1.931167422e-05  1.344081904e-06  9.555247668e-06  9.756426553e-06  3.308657053e-07  1.013216199e-06  2.9604
1380  8359.101142  2.660915814  1.933963507e-05  1.35153476e-06  9.662203821e-06  9.677431247e-06  3.335486162e-07  1.017986144e-06  2.9798
1381  8359.30095  2.655940568  1.931419949e-05  1.356489322e-06  9.581166466e-06  9.73303302e-06  3.327975177e-07  1.023691805e-06  2.9808
1382  8359.500766  2.650852945  1.933122784e-05  1.364610263e-06  9.608284923e-06  9.722942917e-06  3.377366661e-07  1.026873596e-06  3.006
1383  8359.700815  2.645198695  1.931496492e-05  1.37119344e-06  9.587436111e-06  9.727528805e-06  3.362049477e-07  1.034988492e-06  3.0072
1384  8359.900818  2.639607776  1.933083453e-05  1.380014062e-06  9.631057323e-06  9.699777206e-06  3.409315376e-07  1.039082524e-06  2.9308
1385  8360.100127  2.63373707  1.931726841e-05  1.387165369e-06  9.57541617e-06  9.74185224e-06  3.409759827e-07  1.046189386e-06  2.9934
1386  8360.300009  2.628344051  1.933690957e-05  1.396084639e-06  9.625761158e-06  9.711148412e-06  3.433859449e-07  1.052698694e-06  2.9572
1387  8360.500757  2.622980947  1.931572339e-05  1.402054275e-06  9.590688289e-06  9.725035105e-06  3.457563918e-07  1.056297883e-06  3.0208
1388  8360.700457  2.61803462  1.931264453e-05  1.408781884e-06  9.570264573e-06  9.742379958e-06  3.459793764e-07  1.062802507e-06  2.947
1389  8360.899932  2.613108829  1.935420085e-05  1.418784707e-06  9.660275993e-06  9.693924855e-06  3.504886304e-07  1.068296077e-06  2.9498
1390  8361.100743  2.608532069  1.93177789e-05  1.42261082e-06  9.600479382e-06  9.717299517e-06  3.497186228e-07  1.072892197e-06  2.9762
1391  8361.300099  2.604315144  1.930667858e-05  1.42780162e-06  9.57650509e-06  9.730173489e-06  3.514902079e-07  1.076311412e-06  2.9564
1392  8361.500123  2.600341981  1.932838071e-05  1.435097136e-06  9.609565034e-06  9.718815671e-06  3.531502802e-07  1.081946855e-06  2.997
1393  8361.699951  2.596332555  1.932095293e-05  1.440308889e-06  9.592629763e-06  9.728323169e-06  3.545713585e-07  1.08573753e-06  2.9688
1394  8361.900657  2.59236094  1.932091197e-05  1.44603755e-06  9.588345321e-06  9.732566653e-06  3.561577281e-07  1.089879822e-06  2.9604
1395  8362.100163  2.588544131  1.934789894e-05  1.453594858e-06  9.654469953e-06  9.693428984e-06  3.587079766e-07  1.094886882e-06  2.9922
1396  8362.300476  2.584756238  1.932146012e-05  1.457117491e-06  9.571782973e-06  9.749677145e-06  3.58420294e-07  1.098697197e-06  2.9938
1397  8362.500179  2.580757765  1.932700854e-05  1.463375508e-06  9.60375297e-06  9.723255574e-06  3.598980303e-07  1.103477478e-06  2.9762
1398  8362.700659  2.576553295  1.929741803e-05  1.467291247e-06  9.548626427e-06  9.748791606e-06  3.615284126e-07  1.105762834e-06  2.977
1399  8362.900476  2.57189445  1.933756671e-05  1.477210063e-06  9.638750249e-06  9.698816459e-06  3.642258002e-07  1.112984262e-06  2.9366
1400  8363.100972  2.567112555  1.933026041e-05  1.483730034e-06  9.645135796e-06  9.685124612e-06  3.658547706e-07  1.117875263e-06  2.9724
1401  8363.300417  2.561726119  1.931105187e-05  1.490261263e-06  9.552784701e-06  9.758267171e-06  3.667245478e-07  1.123536715e-06  2.9852
1402  8363.500111  2.556468168  1.932802623e-05  1.499434461e-06  9.567380521e-06  9.760645713e-06  3.684920744e-07  1.130942387e-06  2.9284
1403  8363.698497  2.550695478  1.933775233e-05  1.508874164e-06  9.641909045e-06  9.695843288e-06  3.726710196e-07  1.136203145e-06  3.0104
1404  8363.901045  2.544691103  1.932169336e-05  1.516700679e-06  9.611365163e-06  9.710328192e-06  3.731789222e-07  1.143521757e-06  2.9266
1405  8364.101046  2.538291028  1.931038681e-05  1.525545574e-06  9.587596712e-06  9.722790102e-06  3.760169801e-07  1.149528594e-06  2.9396
1406  8364.299897  2.532440753  1.934207174e-05  1.53701443e-06  9.647718212e-06  9.694353526e-06  3.78241123e-07  1.158773307e-06  2.981
1407  8364.50043  2.526295729  1.93115037e-05  1.544044444e-06  9.570498459e-06  9.741005237e-06  3.801047145e-07  1.163939729e-06  2.9946
1408  8364.700324  2.520252956  1.932543369e-05  1.554523519e-06  9.583378795e-06  9.742054891e-06  3.830780871e-07  1.171445432e-06  2.991
1409  8364.89987  2.514602947  1.934201782e-05  1.564673024e-06  9.627214638e-06  9.71480318e-06  3.857389656e-07  1.178934059e-06  2.9592
1410  8365.100293  2.508904981  1.93187101e-05  1.571717673e-06  9.619931985e-06  9.698778115e-06  3.877975767e-07  1.183920096e-06  3.0208
1411  8365.3011  2.504137408  1.930773379e-05  1.578331572e-06  9.571871774e-06  9.735862013e-06  3.874125625e-07  1.190919009e-06  2.9712
1412  8365.500675  2.499346952  1.93188962e-05  1.586827503e-06  9.599529152e-06  9.719367043e-06  3.921973903e-07  1.194630113e-06  3.0112
1413  8365.699921  2.495027062  1.927287453e-05  1.589900731e-06  9.575556575e-06  9.697317956e-06  3.901719642e-07  1.199728767e-06  2.944
1414  8365.900685  2.491025805  1.925723726e-05  1.59497992e-06  9.570626841e-06  9.68661042e-06  3.937942324e-07  1.201185688e-06  2.9574
1415  8366.100367  2.487721376  1.922823243e-05  1.59784886e-06  9.536085614e-06  9.692146819e-06  3.926106469e-07  1.205238213e-06  2.95
1416  8366.300851  2.484600692  1.922098067e-05  1.602238531e-06  9.548285679e-06  9.672694986e-06  3.949804451e-07  1.207258086e-06  2.9668
1417  8366.500282  2.481594575  1.918160089e-05  1.603769758e-06  9.511222582e-06  9.670378303e-06  3.95740098e-07  1.20802966e-06  2.9702
1418  8366.700148  2.479274063  1.915069953e-05  1.604905989e-06  9.456975464e-06  9.693724068e-06  3.929798197e-07  1.211926169e-06  2.9662
1419  8366.900832  2.477058502  1.92261622e-05  1.614803802e-06  9.602382287e-06  9.623779913e-06  3.999293934e-07  1.214874409e-06  2.9708
1420  8367.099882  2.475069554  1.920278148e-05  1.616051105e-06  9.544348196e-06  9.658433289e-06  3.968929643e-07  1.219158141e-06  2.9754
1421  8367.300628  2.473302852  1.922324375e-05  1.620633799e-06  9.504046127e-06  9.719197625e-06  3.993035328e-07  1.221330266e-06  2.9674
1422  8367.499583  2.471799753  1.929622875e-05  1.629233929e-06  9.586404111e-06  9.709824634e-06  4.018921411e-07  1.227341788e-06  2.9746
1423  8367.699924  2.470282993  1.929698158e-05  1.631770621e-06  9.602295893e-06  9.694685688e-06  4.010046187e-07  1.230766002e-06  2.985
1424  8367.901012  2.468927893  1.928747995e-05  1.633178775e-06  9.580412793e-06  9.707067153e-06  4.033825658e-07  1.229796209e-06  2.974
1425  8368.100247  2.467667293  1.928178632e-05  1.63475614e-06  9.535825171e-06  9.745961144e-06  4.006085428e-07  1.234147597e-06  2.9412
1426  8368.300052  2.466379739  1.931490107e-05  1.639673498e-06  9.613051167e-06  9.701849907e-06  4.053993161e-07  1.234274182e-06  2.9856
1427  8368.500492  2.465168139  1.929569052e-05  1.640028538e-06  9.587739138e-06  9.707951386e-06  4.031076367e-07  1.236920901e-06  2.982
1428  8368.700631  2.464089518  1.930043068e-05  1.642201784e-06  9.571905056e-06  9.728525627e-06  4.042076303e-07  1.237994154e-06  2.9754
1429  8368.900341  2.463365843  1.932615806e-05  1.645581266e-06  9.604365289e-06  9.721792773e-06  4.068130648e-07  1.238768202e-06  2.9542
1430  8369.100124  2.462256872  1.929106465e-05  1.644415736e-06  9.572733587e-06  9.718331061e-06  4.033301144e-07  1.241085621e-06  2.9834
1431  8369.300537  2.46148706  1.931221329e-05  1.647486262e-06  9.644741411e-06  9.667471878e-06  4.0732536e-07  1.240160902e-06  2.977
1432  8369.500833  2.461025953  1.929313137e-05  1.646617514e-06  9.552312096e-06  9.740819278e-06  4.048482803e-07  1.241769233e-06  2.9976
1433  8369.700405  2.460773826  1.930983984e-05  1.648459106e-06  9.596987812e-06  9.712852029e-06  4.06671476e-07  1.24178763e-06  2.9758
1434  8369.900402  2.460661569  1.92932497e-05  1.647227727e-06  9.576571523e-06  9.716678181e-06  4.056483696e-07  1.241579357e-06  3.0048
1435  8370.100488  2.460689962  1.932027488e-05  1.649488261e-06  9.62325692e-06  9.697017957e-06  4.065150352e-07  1.242973225e-06  2.9844
1436  8370.300592  2.46116573  1.931633997e-05  1.648367885e-06  9.582534739e-06  9.733805229e-06  4.072973815e-07  1.241070503e-06  3.0116
1437  8370.499993  2.461674156  1.92763606e-05  1.644120105e-06  9.539660961e-06  9.736699643e-06  4.040120996e-07  1.240108005e-06  2.9922
1438  8370.699972  2.463017439  1.92939726e-05  1.643413215e-06  9.576313387e-06  9.717659216e-06  4.05353217e-07  1.238059998e-06  2.9554
1439  8370.899994  2.463861743  1.933465367e-05  1.645488449e-06  9.635535432e-06  9.699118238e-06  4.057100945e-07  1.239778354e-06  2.9576
1440  8371.101016  2.4655363  1.929786165e-05  1.639609321e-06  9.578323364e-06  9.719538285e-06  4.040360532e-07  1.235573268e-06  2.9484
1441  8371.300948  2.467518579  1.928901931e-05  1.635612591e-06  9.565599503e-06  9.723419811e-06  4.030585815e-07  1.23255401e-06  2.946
1442  8371.50015  2.469641854  1.931613121e-05  1.634437497e-06  9.593075664e-06  9.723055543e-06  4.029434589e-07  1.231494038e-06  2.9752
1443  8371.700093  2.472034149  1.931930439e-05  1.630799971e-06  9.62353138e-06  9.695773012e-06  4.02333616e-07  1.228466355e-06  2.971
1444  8371.900321  2.474898687  1.92778827e-05  1.622648641e-06  9.539612871e-06  9.738269825e-06  3.990476972e-07  1.223600944e-06  2.9634
1445  8372.100054  2.47790321  1.930597795e-05  1.620138397e-06  9.598228738e-06  9.707749212e-06  4.002048602e-07  1.219933537e-06  2.9584
1446  8372.300587  2.481458928  1.931325213e-05  1.614996147e-06  9.60098966e-06  9.712262472e-06  3.981810888e-07  1.216815058e-06  3.0008
1447  8372.500653  2.485211522  1.929427118e-05  1.607365816e-06  9.571236193e-06  9.723034989e-06  3.962017302e-07  1.211164085e-06  2.9912
1448  8372.700858  2.489082091  1.929503518e-05  1.601219822e-06  9.569026328e-06  9.726008853e-06  3.94582684e-07  1.206637138e-06  2.9606
1449  8372.900218  2.493133135  1.931510085e-05  1.596404771e-06  9.609911644e-06  9.705189204e-06  3.948086238e-07  1.201596147e-06  2.9524
1450  8373.100101  2.497723393  1.931692181e-05  1.589243468e-06  9.642620279e-06  9.674301533e-06  3.926320831e-07  1.196611385e-06  2.9718
1451  8373.300334  2.502385179  1.927929053e-05  1.578770393e-06  9.549323933e-06  9.729966602e-06  3.883476515e-07  1.190422741e-06  2.9622
1452  8373.499772  2.507124852  1.930051941e-05  1.573035442e-06  9.581521596e-06  9.718997809e-06  3.889674854e-07  1.184067957e-06  2.9944
1453  8373.700082  2.512337586  1.930134108e-05  1.564923583e-06  9.594990065e-06  9.706351016e-06  3.856591617e-07  1.179264421e-06  2.9772
1454  8373.900448  2.517468598  1.929533585e-05  1.556430102e-06  9.608221533e-06  9.68711432e-06  3.84996663e-07  1.171433439e-06  2.9904
1455  8374.10092  2.523125446  1.930085726e-05  1.548093334e-06  9.592063435e-06  9.708793822e-06  3.812672091e-07  1.166826124e-06  2.931
1456  8374.300785  2.52875757  1.931314388e-05  1.540378744e-06  9.605059053e-06  9.708084827e-06  3.812923078e-07  1.159086436e-06  2.9652
1457  8374.500448  2.534554926  1.927418271e-05  1.528384952e-06  9.543191849e-06  9.73099086e-06  3.763198853e-07  1.152065067e-06  2.9978
1458  8374.700156  2.540269375  1.928511668e-05  1.520538071e-06  9.573511027e-06  9.711605654e-06  3.749762713e-07  1.1455618e-06  2.9526
1459  8374.900406  2.546373554  1.930981652e-05  1.513220318e-06  9.640469309e-06  9.669347213e-06  3.746282933e-07  1.138592025e-06  2.949
1460  8375.100079  2.552558314  1.928999173e-05  1.502346297e-06  9.595356311e-06  9.694635424e-06  3.697692742e-07  1.132577023e-06  2.9504
1461  8375.300596  2.559015152  1.928594384e-05  1.492363911e-06  9.576335369e-06  9.709608475e-06  3.691878095e-07  1.123176101e-06  2.9808
1462  8375.500265  2.5654292  1.930784037e-05  1.48450599e-06  9.592243495e-06  9.715596875e-06  3.659076148e-07  1.118598376e-06  2.984
1463  8375.701253  2.571843881  1.930647412e-05  1.47490946e-06  9.588584384e-06  9.717889734e-06  3.65108606e-07  1.109800854e-06  2.9626
1464  8375.900306  2.578479471  1.927909268e-05  1.463077008e-06  9.575583129e-06  9.703509553e-06  3.60725092e-07  1.102351916e-06  2.947
1465  8376.0997  2.585102595  1.928503428e-05  1.453866813e-06  9.602313859e-06  9.682720424e-06  3.588372378e-07  1.095029575e-06  2.9468
1466  8376.299907  2.59180514  1.930815666e-05  1.445886302e-06  9.626096537e-06  9.682060127e-06  3.583862714e-07  1.087500031e-06  2.9876
1467  8376.500344  2.598899741  1.927369564e-05  1.433102258e-06  9.540302906e-06  9.733392735e-06  3.526690833e-07  1.080433174e-06  2.9732
1468  8376.700037  2.605425091  1.929160917e-05  1.425104511e-06  9.591894809e-06  9.699714365e-06  3.524447694e-07  1.072659742e-06  2.9668
1469  8376.900055  2.612283655  1.930230277e-05  1.416148338e-06  9.610563006e-06  9.691739764e-06  3.498323585e-07  1.06631598e-06  2.977
1470  8377.100996  2.619617031  1.929150557e-05  1.405014807e-06  9.583224769e-06  9.708280804e-06  3.475729037e-07  1.057441904e-06  2.9762
1471  8377.30058  2.626704015  1.927172558e-05  1.393662272e-06  9.554299148e-06  9.717426429e-06  3.439642932e-07  1.049697979e-06  2.9594
1472  8377.500367  2.633746715  1.928952876e-05  1.385160037e-06  9.593186602e-06  9.696342161e-06  3.422621913e-07  1.042897845e-06  2.9784
1473  8377.700394  2.640979054  1.929690086e-05  1.375703796e-06  9.616784261e-06  9.680116599e-06  3.406157984e-07  1.035087997e-06  2.965
1474  8377.900158  2.648126322  1.927217506e-05  1.364156143e-06  9.582342721e-06  9.689832341e-06  3.370377649e-07  1.027118378e-06  2.9442
1475  8378.100356  2.655526267  1.928375594e-05  1.354912414e-06  9.553239135e-06  9.73051681e-06  3.34663975e-07  1.020248439e-06  2.9404
1476  8378.300256  2.662499246  1.931047133e-05  1.347361531e-06  9.613887832e-06  9.696583498e-06  3.343037381e-07  1.013057793e-06  2.9544
1477  8378.500376  2.669569326  1.926448681e-05  1.334683271e-06  9.563265551e-06  9.701221261e-06  3.285514268e-07  1.006131844e-06  2.9796
1478  8378.700377  2.676762552  1.928756067e-05  1.326704187e-06  9.606215913e-06  9.68134476e-06  3.287795115e-07  9.979246754e-07  2.9496
1479  8378.900167  2.683996157  1.924748799e-05  1.314405406e-06  9.513310759e-06  9.734177228e-06  3.251592626e-07  9.892461433e-07  2.9658
1480  8379.100111  2.690522229  1.930603981e-05  1.309827909e-06  9.647355668e-06  9.658684143e-06  3.234528842e-07  9.863750249e-07  2.922
1481  8379.300515  2.696974912  1.926666879e-05  1.298749249e-06  9.557893756e-06  9.708775038e-06  3.214579548e-07  9.772912944e-07  2.9562
1482  8379.500338  2.703704853  1.927387334e-05  1.290520484e-06  9.568450671e-06  9.705422666e-06  3.185823585e-07  9.719381252e-07  2.976
1483  8379.700883  2.709551715  1.929252985e-05  1.284238906e-06  9.60109556e-06  9.691434293e-06  3.188147416e-07  9.654241639e-07  2.9586
1484  8379.901122  2.715504619  1.925957303e-05  1.274435861e-06  9.578696499e-06  9.680876532e-06  3.142729687e-07  9.601628921e-07  2.975
1485  8380.101408  2.720868963  1.926599012e-05  1.268040009e-06  9.55695911e-06  9.709031009e-06  3.138184426e-07  9.542215662e-07  2.9352
1486  8380.300546  2.726101254  1.927987949e-05  1.262331975e-06  9.581665091e-06  9.698214402e-06  3.125233264e-07  9.498086491e-07  2.9588
1487  8380.499777  2.730879988  1.925703556e-05  1.254825464e-06  9.575479681e-06  9.68155588e-06  3.098672809e-07  9.449581827e-07  2.9696
1488  8380.699991  2.735339398  1.926416241e-05  1.249704473e-06  9.57439429e-06  9.689768115e-06  3.096913093e-07  9.400131635e-07  2.9862
1489  8380.899926  2.73968483  1.927506418e-05  1.244989902e-06  9.563731826e-06  9.711332353e-06  3.073044979e-07  9.376854046e-07  2.9728
1490  8381.100387  2.743206312  1.927751281e-05  1.240771006e-06  9.568674689e-06  9.708838117e-06  3.072431156e-07  9.335278902e-07  2.9674
1491  8381.3004  2.746407614  1.925489781e-05  1.235354343e-06  9.575720318e-06  9.679177494e-06  3.057042785e-07  9.296500642e-07  2.9522
1492  8381.499998  2.749176797  1.926515082e-05  1.232594145e-06  9.577137923e-06  9.6880129e-06  3.048844538e-07  9.277096917e-07  2.9772
1493  8381.700511  2.751380993  1.926131971e-05  1.229635682e-06  9.549661758e-06  9.711657951e-06  3.040682346e-07  9.255674471e-07  2.9692
1494  8381.900148  2.753029945  1.925760601e-05  1.227373052e-06  9.565984837e-06  9.691621175e-06  3.029200974e-07  9.244529542e-07  2.9326
1495  8382.100174  2.754052853  1.926124418e-05  1.226349844e-06  9.548568081e-06  9.7126761e-06  3.039959959e-07  9.223538476e-07  2.9616
1496  8382.300105  2.754950456  1.9280599e-05  1.226480764e-06  9.580659053e-06  9.699939949e-06  3.032766349e-07  9.232041291e-07  2.9286
1497  8382.500375  2.755104887  1.925946249e-05  1.22494704e-06  9.554607804e-06  9.704854682e-06  3.024014911e-07  9.22545549e-07  2.9614
1498  8382.700617  2.754856888  1.924525174e-05  1.224346803e-06  9.542058052e-06  9.70319369e-06  3.030350553e-07  9.213117477e-07  2.9702
1499  8382.900612  2.754117095  1.924920916e-05  1.225504851e-06  9.541072748e-06  9.708136411e-06  3.026409182e-07  9.228639327e-07  2.9472
1500  8383.347999  2.750723906  1.926162694e-05  1.230463552e-06  9.57010049e-06  9.691526448e-06  3.045181252e-07  9.259454263e-07  10.3116
1501  8384.042991  2.74156527  1.924754768e-05  1.240877002e-06  9.553241637e-06  9.69430604e-06  3.070396468e-07  9.338373552e-07  10.3312
1502  8384.743816  2.72787032  1.925477223e-05  1.258459832e-06  9.574062827e-06  9.6807094e-06  3.11402479e-07  9.470573528e-07  10.4294
1503  8385.450839  2.709743582  1.923974926e-05  1.280479774e-06  9.54875261e-06  9.69099665e-06  3.168532979e-07  9.636264758e-07  10.581
1504  8386.160799  2.687607951  1.924599011e-05  1.309564687e-06  9.564023385e-06  9.681966725e-06  3.241280334e-07  9.854366535e-07  10.5856
1505  8386.875348  2.662405478  1.923172423e-05  1.34199289e-06  9.54755767e-06  9.684166555e-06  3.318476833e-07  1.010145207e-06  10.6692
1506  8387.596262  2.635887862  1.923347313e-05  1.378180693e-06  9.540104188e-06  9.693368943e-06  3.408934053e-07  1.037287288e-06  10.7238
1507  8388.32194  2.609263832  1.92227274e-05  1.414575471e-06  9.543593461e-06  9.67913394e-06  3.496950722e-07  1.064880399e-06  10.8624
1508  8389.050357  2.584008951  1.922740362e-05  1.45110826e-06  9.541659512e-06  9.685744108e-06  3.588748983e-07  1.092233362e-06  10.7956
1509  8389.784283  2.560864229  1.922594416e-05  1.484972711e-06  9.577449541e-06  9.648494616e-06  3.677184403e-07  1.117254271e-06  10.9414
1510  8390.524224  2.539331334  1.921043413e-05  1.516071184e-06  9.529021607e-06  9.681412526e-06  3.748707507e-07  1.141200434e-06  11.0124
1511  8391.267568  2.519508307  1.922415701e-05  1.547528835e-06  9.568922366e-06  9.655234647e-06  3.836104358e-07  1.163918399e-06  11.0308
1512  8392.018353  2.501556955  1.920614376e-05  1.574083597e-06  9.518485909e-06  9.687657848e-06  3.889287061e-07  1.185154891e-06  11.0952
1513  8392.771821  2.485735527  1.921803964e-05  1.600176403e-06  9.549871685e-06  9.668167954e-06  3.966351301e-07  1.203541273e-06  11.2588
1514  8393.529108  2.472166429  1.920469842e-05  1.620911312e-06  9.542650211e-06  9.662048212e-06  4.006807073e-07  1.220230605e-06  11.313
1515  8394.293302  2.461655212  1.92116843e-05  1.638634772e-06  9.556201657e-06  9.655482648e-06  4.06094229e-07  1.232540543e-06  11.3244
1516  8395.06156  2.454285229  1.919674714e-05  1.649472625e-06  9.544924243e-06  9.651822892e-06  4.078838981e-07  1.241588727e-06  11.3436
1517  8395.832559  2.450224239  1.920843943e-05  1.65719348e-06  9.555453052e-06  9.652986376e-06  4.108177593e-07  1.24637572e-06  11.4222
1518  8396.610189  2.448805596  1.91933739e-05  1.658244502e-06  9.518957346e-06  9.674416551e-06  4.101788925e-07  1.24806561e-06  11.4918
1519  8397.392466  2.449247945  1.919880036e-05  1.657979763e-06  9.535282853e-06  9.663517507e-06  4.107338014e-07  1.247245962e-06  11.6668
1520  8398.178895  2.449970816  1.920307488e-05  1.657150565e-06  9.546359977e-06  9.656714905e-06  4.106116213e-07  1.246538943e-06  11.7198
1521  8398.972142  2.44984627  1.919127559e-05  1.65633861e-06  9.533737586e-06  9.657538008e-06  4.105975744e-07  1.245741035e-06  11.7306
1522  8399.768175  2.448582088  1.918683176e-05  1.658049828e-06  9.525326053e-06  9.661505707e-06  4.104146319e-07  1.247635197e-06  11.7372
1523  8400.57028  2.445681594  1.918459047e-05  1.662671728e-06  9.530523388e-06  9.654067085e-06  4.11644932e-07  1.251026796e-06  11.8448
1524  8401.375501  2.44181535  1.919356371e-05  1.669893161e-06  9.538388829e-06  9.655174879e-06  4.140618923e-07  1.255831269e-06  11.9902
1525  8402.187269  2.437708533  1.918582403e-05  1.676089064e-06  9.51330181e-06  9.672522219e-06  4.149903323e-07  1.261098731e-06  12.0768
1526  8403.002065  2.434549133  1.918253958e-05  1.681105033e-06  9.517481148e-06  9.665058429e-06  4.163792939e-07  1.264725739e-06  12.112
1527  8403.822222  2.432535006  1.918703579e-05  1.684889234e-06  9.537607787e-06  9.649428003e-06  4.178357173e-07  1.267053517e-06  12.1562
1528  8404.646243  2.432594432  1.917776454e-05  1.683975014e-06  9.530705097e-06  9.647059441e-06  4.172626975e-07  1.266712317e-06  12.2392
1529  8405.477413  2.434817498  1.918634895e-05  1.680987698e-06  9.53526924e-06  9.651079707e-06  4.168280581e-07  1.26415964e-06  12.338
1530  8406.313223  2.439463419  1.918256573e-05  1.67286615e-06  9.522820751e-06  9.659744983e-06  4.150991925e-07  1.257766958e-06  12.3928
1531  8407.151728  2.446164692  1.917668365e-05  1.661183758e-06  9.520888261e-06  9.655795391e-06  4.118799366e-07  1.249303822e-06  12.4078
1532  8407.996809  2.454061149  1.917520782e-05  1.647991109e-06  9.521882191e-06  9.653325629e-06  4.085182981e-07  1.23947281e-06  12.4862
1533  8408.846853  2.461807454  1.917549573e-05  1.635299137e-06  9.526216116e-06  9.649279615e-06  4.056236464e-07  1.22967549e-06  12.577
1534  8409.701177  2.468441623  1.918187969e-05  1.625027021e-06  9.544822961e-06  9.63705673e-06  4.03618411e-07  1.22140861e-06  12.6466
1535  8410.559464  2.473993859  1.917652172e-05  1.615578092e-06  9.537573147e-06  9.638948576e-06  4.010634852e-07  1.214514607e-06  12.6624
1536  8411.421561  2.47875554  1.916769612e-05  1.607163507e-06  9.518896563e-06  9.648799562e-06  3.988487859e-07  1.208314721e-06  12.8342
1537  8412.290482  2.483811252  1.91715501e-05  1.599380173e-06  9.518560472e-06  9.652989626e-06  3.972084369e-07  1.202171736e-06  12.7394
1538  8413.165283  2.490034532  1.916996104e-05  1.589325945e-06  9.522087124e-06  9.647873919e-06  3.946473239e-07  1.194678621e-06  12.894
1539  8414.041446  2.49818959  1.915954878e-05  1.575561368e-06  9.530727884e-06  9.628820897e-06  3.912086899e-07  1.184352678e-06  12.9732
1540  8414.922403  2.508074674  1.916307946e-05  1.56035102e-06  9.522856846e-06  9.640222609e-06  3.875924328e-07  1.172758587e-06  13.03
1541  8415.810099  2.519576886  1.9162947e-05  1.542495693e-06  9.513670267e-06  9.649276733e-06  3.832313506e-07  1.159264342e-06  13.1456
1542  8416.703872  2.531908987  1.915222343e-05  1.522737692e-06  9.503595483e-06  9.648627944e-06  3.779840688e-07  1.144753624e-06  13.1
1543  8417.601605  2.54391076  1.915609495e-05  1.504875512e-06  9.510452063e-06  9.645642884e-06  3.73914028e-07  1.130961484e-06  13.2152
1544  8418.502302  2.555230591  1.915364412e-05  1.487746264e-06  9.521277067e-06  9.632367052e-06  3.698789189e-07  1.117867345e-06  13.3534
1545  8419.408228  2.566104678  1.914066296e-05  1.470658625e-06  9.509015021e-06  9.631647941e-06  3.655384389e-07  1.105120186e-06  13.4148
1546  8420.319573  2.576956653  1.914179183e-05  1.454871158e-06  9.505382122e-06  9.63640971e-06  3.617295496e-07  1.093141609e-06  13.5272
1547  8421.236861  2.588141002  1.913882968e-05  1.438467394e-06  9.496042726e-06  9.642786957e-06  3.576009248e-07  1.080866469e-06  13.5344
1548  8422.157866  2.599888814  1.912496972e-05  1.420637881e-06  9.494207394e-06  9.630762324e-06  3.531317628e-07  1.067506118e-06  13.588
1549  8423.083972  2.612960878  1.906985208e-05  1.398146995e-06  9.473801639e-06  9.596050437e-06  3.478675772e-07  1.050279418e-06  13.625
1550  8424.014325  2.627527251  1.901188195e-05  1.373739933e-06  9.455562601e-06  9.556319352e-06  3.418912495e-07  1.031848684e-06  13.7382
1551  8424.950164  2.643324168  1.909847633e-05  1.358368559e-06  9.500488176e-06  9.597988156e-06  3.381960416e-07  1.020172518e-06  13.7814
1552  8425.889263  2.6597615  1.911516286e-05  1.33739058e-06  9.493996091e-06  9.621166769e-06  3.33132799e-07  1.004257781e-06  13.84
1553  8426.833984  2.676228138  1.911703092e-05  1.315677144e-06  9.503664035e-06  9.613366885e-06  3.277296921e-07  9.879474516e-07  13.9104
1554  8427.782954  2.691841116  1.910472911e-05  1.294461509e-06  9.499286379e-06  9.605442728e-06  3.223101207e-07  9.721513884e-07  14
1555  8428.737374  2.705936957  1.910177347e-05  1.276145524e-06  9.498765628e-06  9.603007844e-06  3.180254318e-07  9.581200923e-07  14.017
1556  8429.697008  2.717691359  1.909311244e-05  1.260661151e-06  9.47689822e-06  9.616214217e-06  3.140659095e-07  9.465952411e-07  14.0784
1557  8430.660513  2.726138731  1.90917608e-05  1.249968236e-06  9.481114944e-06  9.610645857e-06  3.116511524e-07  9.383170831e-07  14.1688
1558  8431.628704  2.730128632  1.908744775e-05  1.244709664e-06  9.491517112e-06  9.595930635e-06  3.102694165e-07  9.344402471e-07  14.2934
1559  8432.601883  2.729396763  1.908045465e-05  1.245164601e-06  9.471264239e-06  9.609190412e-06  3.104858505e-07  9.346787507e-07  14.3062
1560  8433.581353  2.724071073  1.908220705e-05  1.251928622e-06  9.484917567e-06  9.597289483e-06  3.11999316e-07  9.399293057e-07  14.267
1561  8434.564011  2.714157793  1.906907398e-05  1.263530853e-06  9.465906169e-06  9.603167813e-06  3.14809266e-07  9.487215875e-07  14.5046
1562  8435.552751  2.700194792  1.907142665e-05  1.281455366e-06  9.467946833e-06  9.603479821e-06  3.193111649e-07  9.621442006e-07  14.574
1563  8436.543326  2.683566554  1.906611889e-05  1.302579235e-06  9.459011702e-06  9.60710719e-06  3.246436267e-07  9.779356086e-07  14.6358
1564  8437.542873  2.664801624  1.907024618e-05  1.327540132e-06  9.479850348e-06  9.590395828e-06  3.310372964e-07  9.965028353e-07  14.6708
1565  8438.543105  2.645233249  1.90518284e-05  1.352466317e-06  9.462128799e-06  9.589699605e-06  3.371545464e-07  1.01531177e-06  14.7322
1566  8439.550559  2.625328625  1.905750638e-05  1.380067533e-06  9.47198526e-06  9.585521123e-06  3.442684842e-07  1.035799048e-06  14.7926
1567  8440.564552  2.604642938  1.905220016e-05  1.408520202e-06  9.458780852e-06  9.59341931e-06  3.51140384e-07  1.057379818e-06  14.8054
1568  8441.578727  2.583309788  1.905807625e-05  1.43933496e-06  9.480482943e-06  9.577593308e-06  3.592118028e-07  1.080123157e-06  14.9686
1569  8442.601112  2.561831511  1.904540929e-05  1.469606356e-06  9.466126079e-06  9.579283212e-06  3.665527074e-07  1.103053648e-06  14.9868
1570  8443.625803  2.541470733  1.905345397e-05  1.500468906e-06  9.473243146e-06  9.580210829e-06  3.744700737e-07  1.125998833e-06  15.0632
1571  8444.657217  2.522975579  1.904869877e-05  1.528097067e-06  9.461161515e-06  9.587537257e-06  3.810483114e-07  1.147048755e-06  15.064
1572  8445.693687  2.5078556  1.90509096e-05  1.551557475e-06  9.461743325e-06  9.58916628e-06  3.870636187e-07  1.164493856e-06  15.1756
1573  8446.732228  2.495373641  1.904736448e-05  1.570752971e-06  9.466609323e-06  9.580755156e-06  3.919462428e-07  1.178806728e-06  15.234
1574  8447.779222  2.483819011  1.905054014e-05  1.589272626e-06  9.472818418e-06  9.57772172e-06  3.966494149e-07  1.192623211e-06  15.2922
1575  8448.827963  2.471271456  1.903643215e-05  1.60814794e-06  9.446668285e-06  9.589763867e-06  4.010127969e-07  1.207135143e-06  15.4108
1576  8449.883535  2.456274292  1.904068502e-05  1.632812053e-06  9.45281449e-06  9.587870528e-06  4.071459887e-07  1.225666065e-06  15.3742
1577  8450.943901  2.438572273  1.902414007e-05  1.660529338e-06  9.449019874e-06  9.575120198e-06  4.142454359e-07  1.246283902e-06  15.52
1578  8452.007601  2.4186297  1.895170544e-05  1.687527136e-06  9.413808838e-06  9.537896606e-06  4.211324219e-07  1.266394714e-06  15.6286
1579  8453.077741  2.397678789  1.899794341e-05  1.727459691e-06  9.43283667e-06  9.565106739e-06  4.310493518e-07  1.296410339e-06  15.6918
1580  8454.150673  2.376765456  1.903196926e-05  1.76712636e-06  9.456126057e-06  9.575843205e-06  4.408748632e-07  1.326251497e-06  15.7424
1581  8455.228223  2.357269895  1.903015427e-05  1.801743654e-06  9.456291501e-06  9.573862768e-06  4.497328696e-07  1.352010784e-06  15.778
1582  8456.312957  2.340543948  1.901467924e-05  1.830643098e-06  9.438648073e-06  9.576031171e-06  4.565889018e-07  1.374054196e-06  15.8282
1583  8457.400563  2.327726109  1.902577234e-05  1.855340785e-06  9.454751075e-06  9.57102127e-06  4.630451899e-07  1.392295595e-06  15.881
1584  8458.493728  2.319093185  1.902218383e-05  1.871074161e-06  9.459372576e-06  9.562811255e-06  4.672535858e-07  1.403820575e-06  16.0164
1585  8459.591528  2.314934534  1.90219578e-05  1.87884918e-06  9.456415505e-06  9.56554229e-06  4.692585512e-07  1.409590629e-06  16.0866
1586  8460.693409  2.315134044  1.901355556e-05  1.877644623e-06  9.439622777e-06  9.573932781e-06  4.690590237e-07  1.408585599e-06  16.0594
1587  8461.802158  2.31905837  1.900673905e-05  1.86962006e-06  9.447771495e-06  9.558967557e-06  4.67175622e-07  1.402444438e-06  16.142
1588  8462.913854  2.32629192  1.900273762e-05  1.855754095e-06  9.445031944e-06  9.557705672e-06  4.638229549e-07  1.39193114e-06  16.2368
1589  8464.030089  2.336508965  1.899952161e-05  1.836579428e-06  9.438034915e-06  9.561486694e-06  4.591124256e-07  1.377467002e-06  16.2854
1590  8465.152886  2.349181271  1.899266174e-05  1.812797822e-06  9.430691781e-06  9.561969964e-06  4.532621425e-07  1.359535679e-06  16.3546
1591  8466.279797  2.36359755  1.89852585e-05  1.78615499e-06  9.424988259e-06  9.560270237e-06  4.467933645e-07  1.339361625e-06  16.3738
1592  8467.41009  2.379005338  1.897399646e-05  1.75780188e-06  9.417585242e-06  9.556411216e-06  4.398788896e-07  1.31792299e-06  16.5088
1593  8468.547598  2.395009398  1.897053997e-05  1.729578694e-06  9.423229018e-06  9.547310947e-06  4.327472997e-07  1.296831394e-06  16.5574
1594  8469.686569  2.410591713  1.896428796e-05  1.702275552e-06  9.409194901e-06  9.555093059e-06  4.261227884e-07  1.276152764e-06  16.6788
1595  8470.832386  2.425261414  1.895748309e-05  1.676884028e-06  9.408026055e-06  9.549457038e-06  4.198242074e-07  1.25705982e-06  16.7514
1596  8471.981627  2.437920879  1.895376263e-05  1.655464424e-06  9.412356736e-06  9.541405889e-06  4.146665699e-07  1.240797854e-06  16.7026
1597  8473.137849  2.447721318  1.894925432e-05  1.638929463e-06  9.41285606e-06  9.536398257e-06  4.108290969e-07  1.228100366e-06  16.851
1598  8474.297665  2.453714462  1.894446698e-05  1.628724913e-06  9.408756916e-06  9.535710064e-06  4.082620038e-07  1.220462909e-06  16.9334
1599  8475.462639  2.456054316  1.893531596e-05  1.624133482e-06  9.398857964e-06  9.536457994e-06  4.070665261e-07  1.217066956e-06  16.8758
1600  8476.630753  2.454874377  1.893038249e-05  1.625627334e-06  9.406410465e-06  9.523972022e-06  4.07715815e-07  1.217911519e-06  17.0842
1601  8477.80666  2.450719317  1.888791454e-05  1.62873389e-06  9.388573173e-06  9.49934137e-06  4.086387824e-07  1.220095108e-06  17.0778
1602  8478.986038  2.445266918  1.869090489e-05  1.620557326e-06  9.281459226e-06  9.409445667e-06  4.066472307e-07  1.213910096e-06  17.0934
1603  8480.168827  2.439867578  1.876290913e-05  1.635607712e-06  9.320172609e-06  9.442736522e-06  4.110273891e-07  1.224580323e-06  17.1792
1604  8481.358917  2.436045065  1.882093663e-05  1.646949576e-06  9.343908069e-06  9.477028556e-06  4.133704547e-07  1.233579122e-06  17.3166
1605  8482.551296  2.436286613  1.866985631e-05  1.633334527e-06  9.274449335e-06  9.395406972e-06  4.099718951e-07  1.223362632e-06  17.2522
1606  8483.750152  2.442075264  1.885639751e-05  1.640132421e-06  9.363622317e-06  9.492775189e-06  4.117507956e-07  1.228381625e-06  17.4086
1607  8484.953599  2.454856614  1.88898722e-05  1.622177369e-06  9.365086154e-06  9.524786042e-06  4.069598088e-07  1.21521756e-06  17.4726
1608  8486.160975  2.474848099  1.889953711e-05  1.590883197e-06  9.37278765e-06  9.526749462e-06  3.994361566e-07  1.19144704e-06  17.5348
1609  8487.371468  2.501008082  1.89002618e-05  1.549864785e-06  9.387408624e-06  9.512853177e-06  3.897138264e-07  1.160150958e-06  17.6554
1610  8488.589393  2.531152083  1.889746476e-05  1.503620234e-06  9.380526662e-06  9.516938095e-06  3.780327687e-07  1.125587466e-06  17.6402
1611  8489.814091  2.562310851  1.889618937e-05  1.457393301e-06  9.379608746e-06  9.516580622e-06  3.665211552e-07  1.090872146e-06  17.7814
1612  8491.038229  2.591149634  1.889595525e-05  1.415946564e-06  9.379381008e-06  9.516574238e-06  3.561494484e-07  1.059797116e-06  17.7998
1613  8492.270283  2.615927736  1.889179989e-05  1.380989434e-06  9.384046068e-06  9.50775382e-06  3.474910093e-07  1.033498425e-06  17.8146
1614  8493.506916  2.635448153  1.889248182e-05  1.354342237e-06  9.39950138e-06  9.492980441e-06  3.410903671e-07  1.01325187e-06  17.8896
1615  8494.74983  2.649508491  1.889396661e-05  1.335537928e-06  9.389319404e-06  9.504647207e-06  3.364324411e-07  9.991054874e-07  18.024
1616  8495.99157  2.658576864  1.888846048e-05  1.323095829e-06  9.375899489e-06  9.512560992e-06  3.332249504e-07  9.898708781e-07  18.005
1617  8497.245675  2.663987459  1.889416781e-05  1.316354053e-06  9.392485471e-06  9.501682341e-06  3.318486593e-07  9.845053939e-07  18.0834
1618  8498.500062  2.667010609  1.888361553e-05  1.31164757e-06  9.379766846e-06  9.503848688e-06  3.303570662e-07  9.812905042e-07  18.1258
1619  8499.760071  2.667746759  1.888188581e-05  1.310562299e-06  9.380531468e-06  9.501354342e-06  3.303738911e-07  9.801884079e-07  18.2364
1620  8501.024653  2.666328142  1.887728749e-05  1.312103188e-06  9.363948852e-06  9.513338635e-06  3.307454143e-07  9.813577737e-07  18.2872
1621  8502.298645  2.661623991  1.887640091e-05  1.318228146e-06  9.367114318e-06  9.50928659e-06  3.321953173e-07  9.860328288e-07  18.3592
1622  8503.569069  2.653108567  1.887069098e-05  1.329099186e-06  9.383257071e-06  9.487433907e-06  3.352802937e-07  9.938188926e-07  18.431
1623  8504.849046  2.640123631  1.886437686e-05  1.346019463e-06  9.363566001e-06  9.500810858e-06  3.393441812e-07  1.006675281e-06  18.5224
1624  8506.134125  2.622446658  1.886002485e-05  1.369708491e-06  9.357605862e-06  9.502418988e-06  3.453491465e-07  1.024359345e-06  18.605
1625  8507.422383  2.600291572  1.885311824e-05  1.399880327e-06  9.361748029e-06  9.491370211e-06  3.531176147e-07  1.046762713e-06  18.6026
1626  8508.716522  2.574140226  1.884839263e-05  1.436611783e-06  9.372458298e-06  9.475934336e-06  3.623068425e-07  1.074304941e-06  18.6774
1627  8510.015139  2.544735964  1.884203576e-05  1.478982505e-06  9.365874979e-06  9.47616078e-06  3.733396543e-07  1.105642851e-06  18.7284
1628  8511.319631  2.512077063  1.882572189e-05  1.526758801e-06  9.339044932e-06  9.48667696e-06  3.84974524e-07  1.141784277e-06  18.8176
1629  8512.627399  2.476491989  1.881405657e-05  1.581086536e-06  9.349038214e-06  9.46501836e-06  3.989627632e-07  1.182123773e-06  18.8606
1630  8513.940853  2.438786145  1.881106718e-05  1.641580064e-06  9.357943328e-06  9.453123852e-06  4.143230615e-07  1.227257002e-06  18.9394
1631  8515.257315  2.399312338  1.87992103e-05  1.706599042e-06  9.332028997e-06  9.467181305e-06  4.304887987e-07  1.276110243e-06  18.868
1632  8516.581137  2.359813512  1.878943543e-05  1.774433567e-06  9.317829419e-06  9.471606011e-06  4.476839828e-07  1.326749584e-06  19.1224
1633  8517.905423  2.32211025  1.878102864e-05  1.841788288e-06  9.326388198e-06  9.454640443e-06  4.648409218e-07  1.376947366e-06  19.0446
1634  8519.240043  2.286998113  1.878037504e-05  1.907539766e-06  9.336468872e-06  9.443906165e-06  4.813145485e-07  1.426225217e-06  19.1778
1635  8520.5759  2.256969159  1.877055183e-05  1.964661746e-06  9.311452115e-06  9.459099715e-06  4.953615638e-07  1.469300182e-06  19.2602
1636  8521.918111  2.233357841  1.876673012e-05  2.011192412e-06  9.309363279e-06  9.457366837e-06  5.073681971e-07  1.503824215e-06  19.373
1637  8523.264142  2.217740594  1.875916621e-05  2.04202488e-06  9.318286296e-06  9.44087991e-06  5.155427333e-07  1.526482146e-06  19.367
1638  8524.612982  2.210336514  1.875753246e-05  2.057021142e-06  9.321738221e-06  9.435794238e-06  5.192575817e-07  1.53776356e-06  19.4612
1639  8525.97037  2.210859499  1.875864498e-05  2.056067571e-06  9.311843084e-06  9.446801897e-06  5.193985915e-07  1.53666898e-06  19.4546
1640  8527.332594  2.218785235  1.875662693e-05  2.039616685e-06  9.308679933e-06  9.447946994e-06  5.15166589e-07  1.524450096e-06  19.5648
1641  8528.697882  2.232729624  1.875552636e-05  2.011254837e-06  9.333730472e-06  9.421795886e-06  5.087470183e-07  1.502507819e-06  19.639
1642  8530.066618  2.251461798  1.87544556e-05  1.973817644e-06  9.320481602e-06  9.433973995e-06  4.992424318e-07  1.474575212e-06  19.6336
1643  8531.440334  2.272862137  1.874868771e-05  1.931431859e-06  9.304021889e-06  9.444665824e-06  4.883884327e-07  1.443043427e-06  19.7368
1644  8532.825244  2.295394921  1.874861801e-05  1.88839096e-06  9.312357933e-06  9.436260074e-06  4.779902314e-07  1.410400729e-06  19.7276
1645  8534.205996  2.317317652  1.874629858e-05  1.84721421e-06  9.326345375e-06  9.419953201e-06  4.67820742e-07  1.379393468e-06  19.923
1646  8535.596765  2.338019212  1.867334555e-05  1.802325767e-06  9.270917711e-06  9.402427837e-06  4.562867676e-07  1.346038999e-06  19.8374
1647  8536.990228  2.356989266  1.870577478e-05  1.771529011e-06  9.279928515e-06  9.425846263e-06  4.486693421e-07  1.322859669e-06  20.005
1648  8538.390192  2.373254056  1.872469328e-05  1.744711292e-06  9.295155065e-06  9.429538214e-06  4.418662437e-07  1.302845049e-06  20.1014
1649  8539.792536  2.386851074  1.872482981e-05  1.721161523e-06  9.307879692e-06  9.416950122e-06  4.364831323e-07  1.284678391e-06  20.154
1650  8541.202727  2.397207407  1.87204058e-05  1.703026124e-06  9.291852246e-06  9.428553555e-06  4.317343748e-07  1.271291749e-06  20.2122
1651  8542.614518  2.403637705  1.871981503e-05  1.692056892e-06  9.294356581e-06  9.425458445e-06  4.290915339e-07  1.262965358e-06  20.1818
1652  8544.032939  2.406610929  1.871936941e-05  1.686993342e-06  9.304594652e-06  9.414774759e-06  4.28169657e-07  1.258823685e-06  20.272
1653  8545.455808  2.406464496  1.87123577e-05  1.686608401e-06  9.297259944e-06  9.415097755e-06  4.279111718e-07  1.25869723e-06  20.4214
1654  8546.884511  2.403883638  1.870895027e-05  1.690659003e-06  9.292574964e-06  9.416375304e-06  4.290925717e-07  1.261566431e-06  20.4046
1655  8548.315543  2.399895046  1.870655601e-05  1.697198593e-06  9.300100984e-06  9.406455024e-06  4.311175824e-07  1.26608101e-06  20.4516
1656  8549.753597  2.395110877  1.869778981e-05  1.704538582e-06  9.296449352e-06  9.401340457e-06  4.329329802e-07  1.271605601e-06  20.4318
1657  8551.195362  2.389906687  1.868479293e-05  1.712241437e-06  9.272507835e-06  9.412285093e-06  4.347497517e-07  1.277491685e-06  20.6874
1658  8552.642647  2.384533904  1.867991303e-05  1.721016101e-06  9.27087508e-06  9.409037946e-06  4.372051797e-07  1.283810921e-06  20.5742
1659  8554.0941  2.37877117  1.867157886e-05  1.73019021e-06  9.271821224e-06  9.399757634e-06  4.395164672e-07  1.290673743e-06  20.7356
1660  8555.551259  2.372156464  1.866057593e-05  1.740646499e-06  9.257807253e-06  9.402768674e-06  4.421259635e-07  1.298520536e-06  20.865
1661  8557.010008  2.364424157  1.866028337e-05  1.75413038e-06  9.263604529e-06  9.39667884e-06  4.458052682e-07  1.308325112e-06  20.8548
1662  8558.478303  2.355429082  1.86533668e-05  1.769324037e-06  9.260676065e-06  9.392690738e-06  4.496861005e-07  1.319637936e-06  20.9342
1663  8559.9466  2.346301858  1.864982268e-05  1.785207723e-06  9.264041349e-06  9.385781328e-06  4.538000237e-07  1.3314077e-06  20.9244
1664  8561.424111  2.338283276  1.86297828e-05  1.797646392e-06  9.252083035e-06  9.377699764e-06  4.572555353e-07  1.340390857e-06  21.0302
1665  8562.903573  2.333373053  1.859233177e-05  1.802863389e-06  9.236115683e-06  9.356216091e-06  4.588073698e-07  1.344056019e-06  21.1324
1666  8564.38747  2.332930557  1.8616183e-05  1.805975158e-06  9.244655083e-06  9.371527921e-06  4.595126952e-07  1.346462463e-06  21.1102
1667  8565.877085  2.338041815  1.861787109e-05  1.796930831e-06  9.247329445e-06  9.37054164e-06  4.571723667e-07  1.339758464e-06  21.1398
1668  8567.373158  2.34874807  1.861302e-05  1.777331826e-06  9.233083938e-06  9.379936066e-06  4.524231226e-07  1.324908704e-06  21.278
1669  8568.871615  2.364279541  1.860576586e-05  1.7492585e-06  9.23490258e-06  9.370863278e-06  4.454131396e-07  1.303845361e-06  21.3074
1670  8570.377055  2.382606675  1.860440088e-05  1.717365592e-06  9.23610303e-06  9.368297847e-06  4.374690991e-07  1.279896493e-06  21.3962
1671  8571.88667  2.401266933  1.859359439e-05  1.684637152e-06  9.221505306e-06  9.372089079e-06  4.290750386e-07  1.255562113e-06  21.4266
1672  8573.399124  2.41845009  1.858507819e-05  1.655178604e-06  9.230527187e-06  9.354550999e-06  4.217782816e-07  1.233400322e-06  21.6152
1673  8574.916869  2.432818836  1.852419888e-05  1.626221277e-06  9.194044327e-06  9.33015455e-06  4.144097083e-07  1.211811569e-06  21.5418
1674  8576.439673  2.444730655  1.812900698e-05  1.572682242e-06  8.991341763e-06  9.137665222e-06  4.009451059e-07  1.171737136e-06  21.6202
1675  8577.968292  2.454034522  1.849204343e-05  1.589319653e-06  9.189541944e-06  9.302501489e-06  4.05609926e-07  1.183709727e-06  21.6876
1676  8579.502669  2.460990161  1.860113812e-05  1.58761455e-06  9.239573432e-06  9.361564684e-06  4.051144757e-07  1.182500074e-06  21.7888
1677  8581.037887  2.465418984  1.859731399e-05  1.580273886e-06  9.234813458e-06  9.362500532e-06  4.033456611e-07  1.176928224e-06  21.83
1678  8582.581678  2.467184083  1.859619109e-05  1.577391757e-06  9.237520832e-06  9.358670259e-06  4.026888904e-07  1.174702867e-06  21.7858
1679  8584.130205  2.465995919  1.859331928e-05  1.579023184e-06  9.238311353e-06  9.355007922e-06  4.033000063e-07  1.175723178e-06  21.9138
1680  8585.678887  2.461535085  1.858519761e-05  1.585389869e-06  9.22181793e-06  9.363379678e-06  4.0490312e-07  1.180486749e-06  21.9618
1681  8587.238343  2.453182598  1.857452609e-05  1.597769316e-06  9.212324181e-06  9.362201907e-06  4.08011577e-07  1.189757739e-06  22.0526
1682  8588.798636  2.441226497  1.856773053e-05  1.616395482e-06  9.216105235e-06  9.351625296e-06  4.130315305e-07  1.203363951e-06  22.0606
1683  8590.364928  2.425459143  1.856391173e-05  1.641746022e-06  9.218731136e-06  9.345180598e-06  4.194841914e-07  1.222261831e-06  22.2686
1684  8591.935912  2.406517611  1.855443456e-05  1.672285426e-06  9.201776021e-06  9.352658538e-06  4.272272777e-07  1.245058148e-06  22.233
1685  8593.512104  2.385101538  1.854768546e-05  1.707864006e-06  9.205878726e-06  9.341806734e-06  4.36586737e-07  1.271277269e-06  22.2584
1686  8595.092439  2.362456613  1.854722287e-05  1.746936101e-06  9.21275273e-06  9.334470142e-06  4.466901251e-07  1.300245976e-06  22.3652
1687  8596.677782  2.339476859  1.853537317e-05  1.786403017e-06  9.20613334e-06  9.329239826e-06  4.567407006e-07  1.329662316e-06  22.382
1688  8598.267776  2.317124426  1.852810786e-05  1.826067043e-06  9.195932866e-06  9.33217499e-06  4.668606253e-07  1.359206417e-06  22.5504
1689  8599.863131  2.296163695  1.852357949e-05  1.864290949e-06  9.204811856e-06  9.318767631e-06  4.770597788e-07  1.38723117e-06  22.394
1690  8601.464768  2.277106041  1.851305933e-05  1.899081507e-06  9.186974188e-06  9.326085143e-06  4.85690009e-07  1.413391498e-06  22.5866
1691  8603.06709  2.261012297  1.850452735e-05  1.929002687e-06  9.185711367e-06  9.318815982e-06  4.933678783e-07  1.435634809e-06  22.6308
1692  8604.676397  2.247869312  1.849871179e-05  1.953908615e-06  9.189049361e-06  9.309662432e-06  4.99864902e-07  1.454043713e-06  22.6212
1693  8606.291138  2.237896533  1.84915321e-05  1.972726055e-06  9.170356794e-06  9.321175307e-06  5.047797822e-07  1.467946273e-06  22.8104
1694  8607.909395  2.231110396  1.848593055e-05  1.985557112e-06  9.171923263e-06  9.314007285e-06  5.080369623e-07  1.477520149e-06  22.8306
1695  8609.532117  2.227298957  1.848120185e-05  1.992629538e-06  9.176334564e-06  9.304867291e-06  5.098781669e-07  1.482751372e-06  22.8996
1696  8611.161661  2.225833505  1.848250082e-05  1.99569204e-06  9.17693829e-06  9.30556253e-06  5.109926702e-07  1.48469937e-06  22.9382
1697  8612.794868  2.225923471  1.847739025e-05  1.994960729e-06  9.168362307e-06  9.309027943e-06  5.10940212e-07  1.484020517e-06  23.0218
1698  8614.434637  2.226337873  1.847413433e-05  1.993782796e-06  9.180354948e-06  9.293779386e-06  5.107959243e-07  1.482986872e-06  23.0542
1699  8616.074188  2.22647832  1.84699433e-05  1.993050548e-06  9.173255805e-06  9.296687492e-06  5.107583979e-07  1.48229215e-06  23.0512
1700  8617.723445  2.226217761  1.847500057e-05  1.994115786e-06  9.182652178e-06  9.292348391e-06  5.113254189e-07  1.482790367e-06  23.1308
1701  8619.376093  2.225522575  1.846093716e-05  1.993983547e-06  9.165722848e-06  9.295214316e-06  5.108704951e-07  1.483113052e-06  23.21
1702  8621.032472  2.224744476  1.846531913e-05  1.996009335e-06  9.173701209e-06  9.291617921e-06  5.118771582e-07  1.484132177e-06  23.3004
1703  8622.695892  2.223858151  1.845915002e-05  1.997111792e-06  9.157057843e-06  9.302092173e-06  5.121321112e-07  1.48497968e-06  23.2426
1704  8624.360602  2.222832446  1.845074631e-05  1.998251152e-06  9.162496143e-06  9.288250172e-06  5.123784136e-07  1.485872738e-06  23.4456
1705  8626.032774  2.221672815  1.844775791e-05  2.000245705e-06  9.161094563e-06  9.286663345e-06  5.132119723e-07  1.487033733e-06  23.5048
1706  8627.70969  2.22077891  1.844387865e-05  2.001613539e-06  9.147784683e-06  9.296093968e-06  5.134555851e-07  1.488157954e-06  23.53
1707  8629.388886  2.220475551  1.844071796e-05  2.001877721e-06  9.159270616e-06  9.281447341e-06  5.138204378e-07  1.488057283e-06  23.5726
1708  8631.075766  2.22127048  1.843395371e-05  1.999553278e-06  9.162503574e-06  9.271450132e-06  5.135038941e-07  1.486049384e-06  23.59
1709  8632.764529  2.223222484  1.842606297e-05  1.994799699e-06  9.14679828e-06  9.279264688e-06  5.124527286e-07  1.482346971e-06  23.7224
1710  8634.462102  2.226336333  1.842061087e-05  1.988009449e-06  9.151709673e-06  9.268901197e-06  5.108413294e-07  1.477168119e-06  23.7016
1711  8636.162039  2.230274378  1.84087178e-05  1.978917479e-06  9.148154946e-06  9.260562858e-06  5.085733345e-07  1.470344145e-06  23.7422
1712  8637.86721  2.234694296  1.839913524e-05  1.969164557e-06  9.134566574e-06  9.264568664e-06  5.062425206e-07  1.462922036e-06  23.9024
1713  8639.578382  2.239291591  1.839235605e-05  1.95941029e-06  9.130202604e-06  9.262153446e-06  5.037127805e-07  1.455697509e-06  23.8396
1714  8641.29086  2.243691189  1.838302509e-05  1.949818908e-06  9.127874116e-06  9.255150972e-06  5.017005825e-07  1.448118325e-06  23.9526
1715  8643.009675  2.247600087  1.837196081e-05  1.941043172e-06  9.111888443e-06  9.260072366e-06  4.992652103e-07  1.441777962e-06  24.088
1716  8644.734034  2.250919492  1.836773416e-05  1.93416567e-06  9.116025523e-06  9.251708636e-06  4.976814226e-07  1.436484247e-06  24.0934
1717  8646.463809  2.253443528  1.83599402e-05  1.928471269e-06  9.123566108e-06  9.23637409e-06  4.966160132e-07  1.431855256e-06  24.2294
1718  8648.198109  2.255410604  1.835269165e-05  1.923921677e-06  9.110335782e-06  9.242355866e-06  4.954909092e-07  1.428430768e-06  24.1184
1719  8649.935468  2.256837607  1.835275092e-05  1.921184399e-06  9.116512752e-06  9.236238168e-06  4.949447651e-07  1.426239634e-06  24.2864
1720  8651.677158  2.25803135  1.833978347e-05  1.917536541e-06  9.112753684e-06  9.227029789e-06  4.941158251e-07  1.423420716e-06  24.2486
1721  8653.426971  2.259287141  1.833562396e-05  1.914695671e-06  9.1065225e-06  9.229101465e-06  4.937169977e-07  1.420978673e-06  24.342
1722  8655.178497  2.260740487  1.832989946e-05  1.911318064e-06  9.1028107e-06  9.227088761e-06  4.929233675e-07  1.418394696e-06  24.4472
1723  8656.9368  2.262537738  1.832343323e-05  1.907212987e-06  9.099834631e-06  9.2235986e-06  4.917422841e-07  1.415470703e-06  24.3882
1724  8658.697215  2.264686681  1.831557651e-05  1.902302875e-06  9.084545405e-06  9.231031101e-06  4.904496169e-07  1.411853258e-06  24.533
1725  8660.465811  2.267236335  1.831229749e-05  1.89711914e-06  9.095921204e-06  9.216376285e-06  4.895673468e-07  1.407551793e-06  24.6568
1726  8662.236066  2.270349077  1.830747762e-05  1.890725302e-06  9.095089639e-06  9.21238798e-06  4.882875214e-07  1.40243778e-06  24.6388
1727  8664.013922  2.273899486  1.830037378e-05  1.8832933e-06  9.083546509e-06  9.216827276e-06  4.859982187e-07  1.397295081e-06  24.789
1728  8665.796866  2.277674697  1.829778071e-05  1.875931025e-06  9.089729456e-06  9.208051259e-06  4.845854679e-07  1.391345557e-06  24.7292
1729  8667.582376  2.28072856  1.829058829e-05  1.869475793e-06  9.088400072e-06  9.202188217e-06  4.830105638e-07  1.386465229e-06  24.8132
1730  8669.371421  2.282331971  1.828990105e-05  1.866410526e-06  9.078318237e-06  9.211582808e-06  4.823071822e-07  1.384103344e-06  24.8378
1731  8671.169318  2.281723071  1.828851257e-05  1.867405555e-06  9.09767933e-06  9.19083324e-06  4.829598585e-07  1.384445697e-06  24.878
1732  8672.96929  2.279005463  1.827877701e-05  1.871490547e-06  9.0826505e-06  9.196126506e-06  4.839160158e-07  1.387574531e-06  25.0378
1733  8674.776344  2.27408141  1.826745526e-05  1.879563682e-06  9.069067247e-06  9.198388009e-06  4.857226944e-07  1.393840987e-06  24.9306
1734  8676.583537  2.267510035  1.826270197e-05  1.891463374e-06  9.077537625e-06  9.185164348e-06  4.896454183e-07  1.401817955e-06  25.1116
1735  8678.400509  2.259551033  1.825027935e-05  1.905280713e-06  9.063687785e-06  9.186591565e-06  4.925384476e-07  1.412742265e-06  25.209
1736  8680.219446  2.250288191  1.824193213e-05  1.92213148e-06  9.04960262e-06  9.192329514e-06  4.971745285e-07  1.424956952e-06  25.236
1737  8682.044673  2.240235792  1.823485917e-05  1.940798156e-06  9.065726574e-06  9.169132598e-06  5.023287726e-07  1.438469383e-06  25.2482
1738  8683.872945  2.229604953  1.822058871e-05  1.960005442e-06  9.05146785e-06  9.169120864e-06  5.071576662e-07  1.452847776e-06  25.3502
1739  8685.708324  2.218701956  1.821823376e-05  1.981236196e-06  9.048572292e-06  9.169661467e-06  5.131296312e-07  1.468106565e-06  25.3528
1740  8687.545709  2.208306053  1.820204837e-05  2.00016181e-06  9.049220122e-06  9.152828246e-06  5.177953953e-07  1.482366414e-06  25.3972
1741  8689.389751  2.19891937  1.819048991e-05  2.017742989e-06  9.037337917e-06  9.153151991e-06  5.227063086e-07  1.495036681e-06  25.3898
1742  8691.236216  2.191145068  1.817629101e-05  2.031903391e-06  9.01942062e-06  9.15687039e-06  5.261042232e-07  1.505799168e-06  25.5748
1743  8693.091289  2.185499317  1.816760064e-05  2.04243047e-06  9.024033729e-06  9.143566912e-06  5.292952684e-07  1.513135202e-06  25.526
1744  8694.949692  2.181979186  1.814873615e-05  2.047504508e-06  9.001098565e-06  9.147637584e-06  5.303186645e-07  1.517185844e-06  25.6912
1745  8696.81161  2.180210589  1.813891596e-05  2.050019067e-06  9.000176385e-06  9.138739575e-06  5.310941229e-07  1.518924944e-06  25.7368
1746  8698.67842  2.179617886  1.813005248e-05  2.050232154e-06  9.001575008e-06  9.128477468e-06  5.316212137e-07  1.518610941e-06  25.7392
1747  8700.552051  2.179461354  1.812239324e-05  2.049686829e-06  8.992655636e-06  9.1297376e-06  5.315962969e-07  1.518090532e-06  25.874
1748  8702.42776  2.178880827  1.810198098e-05  2.048567056e-06  8.987302187e-06  9.114678793e-06  5.311725594e-07  1.517394496e-06  25.8182
1749  8704.310924  2.176911637  1.807315702e-05  2.049336666e-06  8.982252537e-06  9.090904484e-06  5.321103639e-07  1.517226302e-06  25.9384
1750  8706.195161  2.173138676  1.801750095e-05  2.050748573e-06  8.942302612e-06  9.075198335e-06  5.320524722e-07  1.5186961e-06  25.8754
1751  8708.087255  2.167325561  1.771012606e-05  2.027515211e-06  8.803244099e-06  8.906881961e-06  5.262831483e-07  1.501232062e-06  26.0222
1752  8709.9836  2.15987374  1.574578214e-05  1.816113519e-06  7.818563423e-06  7.927218716e-06  4.709187073e-07  1.345194812e-06  26.0738
1753  8711.885927  2.149660677  1.777456575e-05  2.071157993e-06  8.812977003e-06  8.961588746e-06  5.378819664e-07  1.533276026e-06  26.0866
1754  8713.789739  2.139748289  1.811456366e-05  2.131802675e-06  8.99096492e-06  9.123598742e-06  5.537390151e-07  1.57806366e-06  26.2658
1755  8715.701408  2.130998172  1.8120112e-05  2.151196737e-06  8.985973931e-06  9.134138067e-06  5.589785954e-07  1.592218142e-06  26.242
1756  8717.615095  2.124417228  1.810654142e-05  2.163778609e-06  8.982950126e-06  9.123591293e-06  5.623399683e-07  1.60143864e-06  26.305
1757  8719.536105  2.120383942  1.809594154e-05  2.171251538e-06  8.993170218e-06  9.102771324e-06  5.647227915e-07  1.606528747e-06  26.367
1758  8721.460477  2.118463853  1.80834027e-05  2.173917168e-06  8.972349735e-06  9.111052966e-06  5.654289092e-07  1.608488259e-06  26.3706
1759  8723.3905  2.117540446  1.807171718e-05  2.17451942e-06  8.978732292e-06  9.092984891e-06  5.659644188e-07  1.608555001e-06  26.4488
1760  8725.325006  2.116635064  1.80570463e-05  2.174722177e-06  8.972389226e-06  9.084657071e-06  5.661262341e-07  1.608595943e-06  26.4686
1761  8727.266018  2.115381842  1.803805112e-05  2.175158718e-06  8.938964019e-06  9.099087104e-06  5.660633365e-07  1.609095382e-06  26.5658
1762  8729.207024  2.114150892  1.802259094e-05  2.175971282e-06  8.951825337e-06  9.070765599e-06  5.668295189e-07  1.609141763e-06  26.5306
1763  8731.155814  2.113100825  1.800252318e-05  2.175831955e-06  8.929819472e-06  9.072703705e-06  5.667858984e-07  1.609046056e-06  26.7092
1764  8733.109765  2.112677251  1.798343954e-05  2.174446301e-06  8.914439857e-06  9.068999683e-06  5.66192429e-07  1.608253872e-06  26.785
1765  8735.069308  2.112559052  1.79653182e-05  2.172511953e-06  8.925632076e-06  9.039686119e-06  5.663967968e-07  1.606115156e-06  26.818
1766  8737.032547  2.112626248  1.794825218e-05  2.170302352e-06  8.898959748e-06  9.049292431e-06  5.658108809e-07  1.604491471e-06  26.7874
1767  8738.999882  2.112916079  1.792593394e-05  2.166975483e-06  8.897328939e-06  9.028605e-06  5.65321702e-07  1.601653781e-06  26.9086
1768  8740.972447  2.113377159  1.79031624e-05  2.163225098e-06  8.898160642e-06  9.00500176e-06  5.646714889e-07  1.598553609e-06  26.877
1769  8742.951507  2.114026161  1.78752055e-05  2.158445796e-06  8.867423446e-06  9.007782053e-06  5.633844517e-07  1.595061345e-06  27
1770  8744.933697  2.114890609  1.783531123e-05  2.151767635e-06  8.855946105e-06  8.97936512e-06  5.620502993e-07  1.589717335e-06  27.014
1771  8746.920157  2.115795338  1.778048375e-05  2.143212988e-06  8.822050243e-06  8.958433506e-06  5.599285143e-07  1.583284474e-06  27.0234
1772  8748.911805  2.116669833  1.770833598e-05  2.132650676e-06  8.78050192e-06  8.92783406e-06  5.571922943e-07  1.575458382e-06  27.1438
1773  8750.90494  2.117512304  1.758804594e-05  2.116380163e-06  8.733757089e-06  8.854288854e-06  5.536653431e-07  1.56271482e-06  27.2506
1774  8752.909931  2.118588898  1.733453986e-05  2.083631191e-06  8.617949412e-06  8.716590444e-06  5.458996371e-07  1.537731554e-06  27.3154
1775  8754.91502  2.119645069  1.64471145e-05  1.974874758e-06  8.216177129e-06  8.230937369e-06  5.20614081e-07  1.454260677e-06  27.2586
1776  8756.926102  2.120820289  1.526041701e-05  1.830230772e-06  7.60749081e-06  7.652926201e-06  4.832168345e-07  1.347013937e-06  27.3212
1777  8758.938546  2.121070849  1.550468548e-05  1.859060807e-06  7.57558545e-06  7.929100028e-06  4.816126623e-07  1.377448145e-06  27.4126
1778  8760.961872  2.121302204  1.657344066e-05  1.986748236e-06  8.153629233e-06  8.41981143e-06  5.150459248e-07  1.471702311e-06  27.4006
1779  8762.986948  2.121431426  1.789546978e-05  2.144949844e-06  8.892574511e-06  9.002895265e-06  5.621768759e-07  1.582772968e-06  27.5328
1780  8765.017679  2.121722424  1.768089039e-05  2.118613771e-06  8.782174949e-06  8.898715442e-06  5.562570248e-07  1.562356746e-06  27.4874
1781  8767.053129  2.122072713  1.731525387e-05  2.074074699e-06  8.605231756e-06  8.710022111e-06  5.440243952e-07  1.530050304e-06  27.6498
1782  8769.091645  2.122501182  1.59218706e-05  1.90635395e-06  7.911873001e-06  8.009997594e-06  4.991527795e-07  1.407201171e-06  27.7312
1783  8771.13625  2.122601933  1.572273513e-05  1.882321452e-06  7.788279632e-06  7.9344555e-06  4.920593077e-07  1.390262144e-06  27.7136
1784  8773.185226  2.121581501  1.752215732e-05  2.099889475e-06  8.697033117e-06  8.825124206e-06  5.509567536e-07  1.548932721e-06  27.7588
1785  8775.240306  2.120662403  1.787603187e-05  2.144268376e-06  8.863357741e-06  9.012674128e-06  5.634943507e-07  1.580774025e-06  27.8128
1786  8777.295422  2.119090913  1.802925759e-05  2.166049382e-06  8.958773427e-06  9.070484168e-06  5.693619654e-07  1.596687417e-06  27.8368
1787  8779.36056  2.1167632  1.799424726e-05  2.166881226e-06  8.932430422e-06  9.061816842e-06  5.690970135e-07  1.597784213e-06  27.8934
1788  8781.429711  2.113561025  1.815658889e-05  2.193443084e-06  9.001195748e-06  9.155393137e-06  5.759462056e-07  1.617496879e-06  27.9652
1789  8783.503069  2.109431781  1.812379543e-05  2.198540999e-06  9.003297031e-06  9.120498401e-06  5.774939348e-07  1.621047064e-06  27.9472
1790  8785.58076  2.104209294  1.809784936e-05  2.206888968e-06  8.973589767e-06  9.124259596e-06  5.796309633e-07  1.627258005e-06  28.1306
1791  8787.66208  2.098112856  1.807857111e-05  2.21801902e-06  8.965580694e-06  9.112990412e-06  5.828121223e-07  1.635206898e-06  28.177
1792  8789.748939  2.091278938  1.806402618e-05  2.231431971e-06  8.968917578e-06  9.095108604e-06  5.864307532e-07  1.645001218e-06  28.1378
1793  8791.841471  2.084180801  1.804743883e-05  2.245263712e-06  8.958980189e-06  9.088458644e-06  5.903574918e-07  1.654906221e-06  28.2528
1794  8793.938631  2.077355752  1.803203716e-05  2.258710932e-06  8.960099219e-06  9.071937944e-06  5.941642068e-07  1.664546725e-06  28.2938
1795  8796.041445  2.071068061  1.795659857e-05  2.263448634e-06  8.918793075e-06  9.037805497e-06  5.957388591e-07  1.667709775e-06  28.3006
1796  8798.149983  2.065624921  1.781552042e-05  2.257922382e-06  8.849428771e-06  8.966091653e-06  5.939943615e-07  1.66392802e-06  28.3314
1797  8800.258408  2.061032387  1.800160778e-05  2.292008915e-06  8.939314619e-06  9.062293164e-06  6.033773434e-07  1.688631571e-06  28.3992
1798  8802.37683  2.057418682  1.798976706e-05  2.298793494e-06  8.930457638e-06  9.059309419e-06  6.051286604e-07  1.693664834e-06  28.4382
1799  8804.493839  2.054688233  1.797245204e-05  2.302860189e-06  8.923615001e-06  9.048837044e-06  6.063435343e-07  1.696516655e-06  28.5842
1800  8806.620528  2.052757711  1.796159786e-05  2.305916741e-06  8.913378475e-06  9.048219385e-06  6.071177411e-07  1.698799e-06  28.5986
1801  8808.750949  2.051239817  1.795357922e-05  2.308388536e-06  8.922584299e-06  9.030994918e-06  6.082819527e-07  1.700106583e-06  28.6342
1802  8810.886895  2.050027745  1.794158743e-05  2.309644445e-06  8.916465606e-06  9.02512182e-06  6.087063271e-07  1.700938118e-06  28.6792
1803  8813.026002  2.048774306  1.792534715e-05  2.310448005e-06  8.897857042e-06  9.027490106e-06  6.088896646e-07  1.70155834e-06  28.735
1804  8815.171479  2.04737808  1.79143469e-05  2.312256331e-06  8.903978062e-06  9.010368839e-06  6.096840436e-07  1.702572288e-06  28.7038
1805  8817.3214  2.045620886  1.789872549e-05  2.314303138e-06  8.888388574e-06  9.010336914e-06  6.101665864e-07  1.704136552e-06  28.8196
1806  8819.473874  2.043475224  1.789279645e-05  2.318505912e-06  8.887359318e-06  9.00543713e-06  6.114133078e-07  1.707092604e-06  28.837
1807  8821.634952  2.040809284  1.787938011e-05  2.322952057e-06  8.887331487e-06  8.992048618e-06  6.127068151e-07  1.710245242e-06  28.9436
1808  8823.796798  2.037548068  1.786687733e-05  2.328910361e-06  8.865054399e-06  9.001822933e-06  6.142376818e-07  1.714672679e-06  29.0146
1809  8825.96781  2.03351206  1.785427063e-05  2.336678953e-06  8.872701476e-06  8.981569157e-06  6.165723863e-07  1.720106566e-06  29.072
1810  8828.139985  2.028755233  1.783065625e-05  2.344715339e-06  8.859292528e-06  8.971363724e-06  6.189392027e-07  1.725776136e-06  29.0448
1811  8830.317869  2.02373513  1.749458483e-05  2.312100144e-06  8.692601657e-06  8.801983175e-06  6.104472802e-07  1.701652863e-06  29.1392
1812  8832.501091  2.018615003  1.781166088e-05  2.366088916e-06  8.85341738e-06  8.958243505e-06  6.249993119e-07  1.741089604e-06  29.107
1813  8834.690914  2.013949624  1.784002668e-05  2.380939121e-06  8.85381055e-06  8.986216131e-06  6.288281624e-07  1.752110958e-06  29.2664
1814  8836.883022  2.010105447  1.782854008e-05  2.388570576e-06  8.857697843e-06  8.970842234e-06  6.311845077e-07  1.757386068e-06  29.1924
1815  8839.080469  2.006896147  1.782351295e-05  2.395572858e-06  8.853190686e-06  8.970322267e-06  6.332847478e-07  1.76228811e-06  29.3026
1816  8841.281868  2.003953047  1.781212378e-05  2.401098376e-06  8.840315567e-06  8.971808214e-06  6.346595654e-07  1.766438811e-06  29.4256
1817  8843.490408  2.001139107  1.780728931e-05  2.40721091e-06  8.847072461e-06  8.960216849e-06  6.364890609e-07  1.770721849e-06  29.4432
1818  8845.698832  1.998115245  1.779758156e-05  2.413184721e-06  8.834302686e-06  8.963278876e-06  6.381137873e-07  1.775070934e-06  29.4672
1819  8847.917175  1.994953548  1.779409256e-05  2.42035198e-06  8.842032712e-06  8.95205985e-06  6.403831921e-07  1.779968788e-06  29.4848
1820  8850.134938  1.991725354  1.778037409e-05  2.426305951e-06  8.835662253e-06  8.944711835e-06  6.422229933e-07  1.784082958e-06  29.5356
1821  8852.364825  1.988561203  1.777097164e-05  2.432708186e-06  8.825830085e-06  8.945141557e-06  6.441489167e-07  1.788559269e-06  29.597
1822  8854.593163  1.985904878  1.775606985e-05  2.437133474e-06  8.820307385e-06  8.935762469e-06  6.45623433e-07  1.791510041e-06  29.6592
1823  8856.831246  1.983442277  1.774081926e-05  2.441044156e-06  8.809418281e-06  8.931400983e-06  6.462914373e-07  1.794752719e-06  29.6338
1824  8859.071194  1.981439413  1.759073865e-05  2.425246424e-06  8.731962242e-06  8.858776413e-06  6.421498996e-07  1.783096525e-06  29.8046
1825  8861.316105  1.979673555  1.772873153e-05  2.448591641e-06  8.803097298e-06  8.925634228e-06  6.487464489e-07  1.799845193e-06  29.8178
1826  8863.56406  1.978387373  1.772096714e-05  2.450669248e-06  8.798278365e-06  8.922688775e-06  6.493732495e-07  1.801295999e-06  29.9052
1827  8865.819372  1.977548597  1.771164765e-05  2.451435779e-06  8.801394664e-06  8.910252984e-06  6.499103374e-07  1.801525441e-06  29.845
1828  8868.07926  1.977169881  1.770886367e-05  2.451978883e-06  8.800259665e-06  8.908604008e-06  6.500466426e-07  1.801932241e-06  29.9582
1829  8870.34289  1.976992984  1.770051219e-05  2.451256113e-06  8.797036257e-06  8.903475938e-06  6.502960526e-07  1.800960061e-06  29.9194
1830  8872.613575  1.976953258  1.769005196e-05  2.449904851e-06  8.791229337e-06  8.89882262e-06  6.49823889e-07  1.800080962e-06  30.1044
1831  8874.887797  1.977099424  1.76840199e-05  2.448711522e-06  8.781817372e-06  8.902202531e-06  6.496245382e-07  1.799086984e-06  30.0106
1832  8877.167627  1.977341959  1.767479648e-05  2.446840836e-06  8.778366668e-06  8.896429809e-06  6.492632969e-07  1.79757754e-06  30.1454
1833  8879.44944  1.977827986  1.766716776e-05  2.444596313e-06  8.766328255e-06  8.900839505e-06  6.483876161e-07  1.796208697e-06  30.2204
1834  8881.735371  1.978504582  1.766170502e-05  2.442187503e-06  8.773179763e-06  8.88852526e-06  6.483545554e-07  1.793832948e-06  30.2454
1835  8884.028487  1.97937714  1.765538106e-05  2.439183795e-06  8.76841638e-06  8.886964683e-06  6.479564814e-07  1.791227314e-06  30.27
1836  8886.327462  1.980209997  1.765079247e-05  2.436519739e-06  8.766838303e-06  8.883954164e-06  6.469913963e-07  1.789528342e-06  30.3206
1837  8888.629391  1.98089615  1.764522121e-05  2.434079955e-06  8.774138315e-06  8.871082895e-06  6.469938057e-07  1.78708615e-06  30.3236
1838  8890.938899  1.981248507  1.762987056e-05  2.431105634e-06  8.751522471e-06  8.878348093e-06  6.461684875e-07  1.784937146e-06  30.4494
1839  8893.248724  1.981039829  1.761993494e-05  2.430242627e-06  8.749568011e-06  8.870366925e-06  6.45927546e-07  1.784315081e-06  30.3714
1840  8895.567954  1.980060021  1.760913674e-05  2.431134157e-06  8.736398426e-06  8.872738319e-06  6.461247471e-07  1.78500941e-06  30.517
1841  8897.886994  1.978253306  1.760178796e-05  2.434514079e-06  8.737290977e-06  8.864496986e-06  6.474240642e-07  1.787090015e-06  30.612
1842  8900.21333  1.97555627  1.759100135e-05  2.439592981e-06  8.732688901e-06  8.858312444e-06  6.492110474e-07  1.790381934e-06  30.6618
1843  8902.546599  1.971777648  1.758454523e-05  2.447929968e-06  8.729710335e-06  8.854834898e-06  6.51375045e-07  1.796554923e-06  30.6074
1844  8904.882413  1.96714446  1.757410652e-05  2.45783809e-06  8.731253248e-06  8.842853273e-06  6.544105269e-07  1.803427563e-06  30.7028
1845  8907.222838  1.961788859  1.756455532e-05  2.46969364e-06  8.716539418e-06  8.848015902e-06  6.577373793e-07  1.81195626e-06  30.7246
1846  8909.567612  1.956165219  1.755192522e-05  2.48183554e-06  8.715270956e-06  8.836654263e-06  6.611909904e-07  1.82064455e-06  30.7238
1847  8911.918241  1.950733144  1.754440012e-05  2.494283899e-06  8.705828997e-06  8.838571123e-06  6.646143105e-07  1.829669588e-06  30.8398
1848  8914.275075  1.945619272  1.753439021e-05  2.505641614e-06  8.698938097e-06  8.835452114e-06  6.677865897e-07  1.837855024e-06  30.8358
1849  8916.632292  1.940999616  1.752896287e-05  2.516464444e-06  8.696544716e-06  8.832418158e-06  6.709017362e-07  1.845562707e-06  31.0198
1850  8918.99814  1.936954275  1.751988255e-05  2.52535616e-06  8.685570779e-06  8.834311768e-06  6.732876942e-07  1.852068466e-06  30.9762
1851  8921.366862  1.933167775  1.752095754e-05  2.535092088e-06  8.698184063e-06  8.822773479e-06  6.768100955e-07  1.858281992e-06  30.9888
1852  8923.742101  1.929733034  1.751406565e-05  2.54281383e-06  8.688697723e-06  8.825367922e-06  6.787183643e-07  1.864095465e-06  31.0796
1853  8926.120951  1.926584403  1.750246798e-05  2.549143691e-06  8.692459038e-06  8.810008946e-06  6.809752846e-07  1.868168407e-06  31.0646
1854  8928.502795  1.923635305  1.749089827e-05  2.554982415e-06  8.671280042e-06  8.819618225e-06  6.823725256e-07  1.87260989e-06  31.1038
1855  8930.891934  1.920779084  1.748127737e-05  2.560881052e-06  8.669562613e-06  8.811714757e-06  6.8434515e-07  1.876535902e-06  31.1916
1856  8933.286327  1.918116655  1.747515066e-05  2.566808387e-06  8.668566331e-06  8.806584326e-06  6.859838375e-07  1.880824549e-06  31.2244
1857  8935.682421  1.915660725  1.74670136e-05  2.571921899e-06  8.66271173e-06  8.804301875e-06  6.8765353e-07  1.884268369e-06  31.3434
1858  8938.084222  1.913274501  1.746142081e-05  2.577240934e-06  8.660862332e-06  8.80055848e-06  6.893722651e-07  1.887868669e-06  31.3588
1859  8940.494648  1.911009468  1.745546418e-05  2.582203917e-06  8.665487164e-06  8.789977018e-06  6.91265803e-07  1.890938114e-06  31.3714
1860  8942.908108  1.908709317  1.744349606e-05  2.586375678e-06  8.655617724e-06  8.787878338e-06  6.920549546e-07  1.894320724e-06  31.4772
1861  8945.325737  1.906371037  1.74377276e-05  2.591573122e-06  8.657648247e-06  8.78007935e-06  6.941015806e-07  1.897471541e-06  31.3616
1862  8947.745493  1.903839936  1.741792278e-05  2.595190136e-06  8.639074071e-06  8.778848704e-06  6.949771828e-07  1.900212953e-06  31.5376
1863  8950.174641  1.901161013  1.741655145e-05  2.601946903e-06  8.643147027e-06  8.773404425e-06  6.97144797e-07  1.904802106e-06  31.4766
1864  8952.60508  1.898387384  1.740518826e-05  2.607471436e-06  8.632240778e-06  8.772947483e-06  6.985341113e-07  1.908937325e-06  31.6502
1865  8955.040371  1.895741886  1.739951953e-05  2.613527148e-06  8.630306392e-06  8.769213134e-06  7.003791763e-07  1.913147972e-06  31.6926
1866  8957.481302  1.892997807  1.739397381e-05  2.619873428e-06  8.63154144e-06  8.762432375e-06  7.023164334e-07  1.917556995e-06  31.6976
1867  8959.928792  1.890233274  1.73878712e-05  2.626204457e-06  8.631702118e-06  8.756169081e-06  7.042126127e-07  1.921991844e-06  31.7176
1868  8962.378446  1.887433205  1.738529724e-05  2.633178464e-06  8.63198345e-06  8.753313791e-06  7.066707074e-07  1.926507756e-06  31.8074
1869  8964.834666  1.884441313  1.737473508e-05  2.639463907e-06  8.628314163e-06  8.746420918e-06  7.082512858e-07  1.931212621e-06  31.728
1870  8967.292494  1.881382802  1.737050664e-05  2.64690477e-06  8.622949763e-06  8.747556882e-06  7.103803531e-07  1.936524417e-06  31.8666
1871  8969.760171  1.878039621  1.736101991e-05  2.654318235e-06  8.618093644e-06  8.742926261e-06  7.125575629e-07  1.941760672e-06  31.8828
1872  8972.228927  1.874912228  1.734904283e-05  2.66079542e-06  8.608599424e-06  8.740443408e-06  7.144768834e-07  1.946318537e-06  32.0026
1873  8974.704454  1.871977205  1.733888745e-05  2.667054296e-06  8.603005742e-06  8.735881706e-06  7.159777519e-07  1.951076544e-06  32.0654
1874  8977.184552  1.869223288  1.733112934e-05  2.673212628e-06  8.608185636e-06  8.722943701e-06  7.183535097e-07  1.954859118e-06  32.0278
1875  8979.668119  1.866564381  1.731857853e-05  2.678388874e-06  8.60174017e-06  8.716838358e-06  7.19543903e-07  1.958844971e-06  32.079
1876  8982.156664  1.864001661  1.729936794e-05  2.68228302e-06  8.59733825e-06  8.702029692e-06  7.211253957e-07  1.961157624e-06  32.1254
1877  8984.651516  1.861466839  1.726277269e-05  2.683402226e-06  8.571192907e-06  8.691579786e-06  7.208779274e-07  1.962524299e-06  32.1064
1878  8987.148359  1.859171538  1.723666677e-05  2.685501171e-06  8.558517027e-06  8.678149748e-06  7.217919229e-07  1.963709248e-06  32.2066
1879  8989.65447  1.857205796  1.710987496e-05  2.670992122e-06  8.49218728e-06  8.617687684e-06  7.177705796e-07  1.953221542e-06  32.2376
1880  8992.160881  1.855325354  1.695971775e-05  2.652534596e-06  8.413340086e-06  8.546377668e-06  7.126828751e-07  1.939851721e-06  32.389
1881  8994.674067  1.853485546  1.719818952e-05  2.6947854e-06  8.53627566e-06  8.661913864e-06  7.247494045e-07  1.970035995e-06  32.3508
1882  8997.191251  1.851653644  1.718438703e-05  2.697559828e-06  8.533067006e-06  8.651320027e-06  7.253817389e-07  1.972178089e-06  32.3472
1883  8999.70745  1.849836223  1.71783708e-05  2.701520757e-06  8.534491493e-06  8.643879303e-06  7.270912803e-07  1.974429477e-06  32.4874
1884  9002.242088  1.847936293  1.717138427e-05  2.705557525e-06  8.530463872e-06  8.6409204e-06  7.286293973e-07  1.976928128e-06  32.4076
1885  9004.774833  1.846158311  1.715952976e-05  2.708501093e-06  8.519354839e-06  8.640174919e-06  7.291092125e-07  1.97939188e-06  32.5196
1886  9007.308569  1.844528941  1.715341892e-05  2.711951718e-06  8.511937247e-06  8.641481672e-06  7.304575736e-07  1.981494144e-06  32.4156
1887  9009.847973  1.843005066  1.714378619e-05  2.714562288e-06  8.508974128e-06  8.634812066e-06  7.312838888e-07  1.9832784e-06  32.7
1888  9012.396543  1.841712851  1.71357471e-05  2.716797791e-06  8.500955564e-06  8.634791535e-06  7.320612636e-07  1.984736527e-06  32.7036
1889  9014.950253  1.8404234  1.71347466e-05  2.7201444e-06  8.508342013e-06  8.62640459e-06  7.334158133e-07  1.986728587e-06  32.7072
1890  9017.504926  1.839004151  1.712143068e-05  2.721890796e-06  8.498669604e-06  8.622761076e-06  7.34227442e-07  1.987663354e-06  32.6832
1891  9020.062954  1.837412908  1.711316703e-05  2.724909619e-06  8.494980257e-06  8.618186769e-06  7.354602185e-07  1.989449401e-06  32.7616
1892  9022.630528  1.835637823  1.710361914e-05  2.728227861e-06  8.492171466e-06  8.61144767e-06  7.363855462e-07  1.991842315e-06  32.7798
1893  9025.201553  1.833694064  1.708666594e-05  2.730826541e-06  8.478051464e-06  8.608614476e-06  7.369574245e-07  1.993869117e-06  32.8232
1894  9027.775535  1.831540321  1.707660564e-05  2.735103054e-06  8.474656416e-06  8.60194922e-06  7.388337985e-07  1.996269255e-06  32.8708
1895  9030.354134  1.829257249  1.706242216e-05  2.73907771e-06  8.464575667e-06  8.597846492e-06  7.396782352e-07  1.999399475e-06  32.9942
1896  9032.938256  1.826899846  1.705867944e-05  2.74494019e-06  8.471553302e-06  8.587126135e-06  7.419292748e-07  2.003010915e-06  32.9776
1897  9035.528742  1.824389179  1.705139458e-05  2.750665315e-06  8.461627049e-06  8.58976753e-06  7.435368367e-07  2.007128478e-06  33.0638
1898  9038.125238  1.821895871  1.702465838e-05  2.753208378e-06  8.456215518e-06  8.568442862e-06  7.447393514e-07  2.008469027e-06  33.0816
1899  9040.723713  1.819363629  1.695156403e-05  2.748338299e-06  8.41556004e-06  8.536003995e-06  7.437404733e-07  2.004597826e-06  33.0316
1900  9043.327227  1.81678382  1.703151849e-05  2.768434052e-06  8.458094679e-06  8.573423812e-06  7.494286659e-07  2.019005386e-06  33.1334
1901  9045.935636  1.814140843  1.701277812e-05  2.772706371e-06  8.433403563e-06  8.579374554e-06  7.50054398e-07  2.022651973e-06  33.1418
1902  9048.548091  1.81128513  1.700713825e-05  2.779713939e-06  8.439540662e-06  8.567597583e-06  7.528322722e-07  2.026881667e-06  33.2524
1903  9051.165682  1.808258571  1.700031538e-05  2.787021116e-06  8.435026633e-06  8.56528875e-06  7.547337071e-07  2.032287409e-06  33.3008
1904  9053.788947  1.805190871  1.699180294e-05  2.794184176e-06  8.426835617e-06  8.564967322e-06  7.568742333e-07  2.037309943e-06  33.3288
1905  9056.415459  1.80218728  1.698568924e-05  2.801580998e-06  8.433707312e-06  8.551981926e-06  7.594458291e-07  2.042135169e-06  33.332
1906  9059.048688  1.799205861  1.698020364e-05  2.809038665e-06  8.430612758e-06  8.549590882e-06  7.619483742e-07  2.047090291e-06  33.4002
1907  9061.688258  1.796170925  1.696211765e-05  2.814575805e-06  8.420729259e-06  8.541388396e-06  7.631129025e-07  2.051462903e-06  33.394
1908  9064.328045  1.793291994  1.695402231e-05  2.821343292e-06  8.411159438e-06  8.542862875e-06  7.653085737e-07  2.056034718e-06  33.4092
1909  9066.973607  1.790468763  1.694334383e-05  2.827537804e-06  8.410519443e-06  8.532824388e-06  7.673063762e-07  2.060231428e-06  33.5018
1910  9069.623493  1.787762365  1.693123381e-05  2.833174192e-06  8.396134128e-06  8.535099683e-06  7.687631485e-07  2.064411044e-06  33.5514
1911  9072.27921  1.785166375  1.692158979e-05  2.83892067e-06  8.40004359e-06  8.521546198e-06  7.70700712e-07  2.068219958e-06  33.6962
1912  9074.946902  1.782559622  1.691428844e-05  2.845102549e-06  8.39124208e-06  8.523046356e-06  7.726534225e-07  2.072449127e-06  33.6776
1913  9077.610727  1.779891067  1.6910275e-05  2.852028111e-06  8.399974784e-06  8.510300221e-06  7.752578953e-07  2.076770216e-06  33.619
1914  9080.278774  1.777175932  1.6898464e-05  2.857784854e-06  8.389045392e-06  8.509418604e-06  7.767109079e-07  2.081073946e-06  33.5778
1915  9082.950507  1.774274072  1.688967399e-05  2.864598947e-06  8.38199213e-06  8.50768186e-06  7.786576487e-07  2.085941298e-06  33.7896
1916  9085.63631  1.771428391  1.687837639e-05  2.870840684e-06  8.372820302e-06  8.505556083e-06  7.805661188e-07  2.090274565e-06  33.811
1917  9088.320917  1.768591149  1.687108256e-05  2.877753388e-06  8.370714152e-06  8.50036841e-06  7.827059118e-07  2.095047476e-06  33.8264
1918  9091.01129  1.765760115  1.6846723e-05  2.881745082e-06  8.359533371e-06  8.487189627e-06  7.840699787e-07  2.097675103e-06  33.972
1919  9093.704822  1.763182089  1.682464798e-05  2.885398053e-06  8.350816366e-06  8.473831614e-06  7.853741467e-07  2.100023906e-06  33.831
1920  9096.401376  1.760627129  1.685003885e-05  2.897145186e-06  8.371421722e-06  8.478617128e-06  7.890493612e-07  2.108095825e-06  33.9902
1921  9099.108182  1.758005055  1.68408328e-05  2.903164667e-06  8.361309466e-06  8.479523332e-06  7.90783737e-07  2.11238093e-06  33.9452
1922  9101.819372  1.755338597  1.683183302e-05  2.909360563e-06  8.356837677e-06  8.474995346e-06  7.927518673e-07  2.116608695e-06  34.0246
1923  9104.530397  1.752684461  1.681811235e-05  2.914714754e-06  8.344771964e-06  8.473340391e-06  7.938858495e-07  2.120828905e-06  33.9974
1924  9107.248781  1.749903481  1.680585281e-05  2.920701204e-06  8.335715811e-06  8.470136995e-06  7.956492672e-07  2.125051937e-06  34.1472
1925  9109.972426  1.74707991  1.680225428e-05  2.928332505e-06  8.334706963e-06  8.467547313e-06  7.981349285e-07  2.130197576e-06  34.2066
1926  9112.698887  1.744279156  1.679395421e-05  2.935094932e-06  8.336298894e-06  8.457655318e-06  8.001778414e-07  2.134917091e-06  34.1798
1927  9115.432473  1.741501238  1.678435419e-05  2.941577247e-06  8.330951344e-06  8.453402847e-06  8.022076046e-07  2.139369643e-06  34.2348
1928  9118.169105  1.738792205  1.677206926e-05  2.947398021e-06  8.326537091e-06  8.445532173e-06  8.043092651e-07  2.143088756e-06  34.2144
1929  9120.911817  1.736071147  1.673745099e-05  2.94932885e-06  8.307293877e-06  8.430157112e-06  8.049207789e-07  2.144408071e-06  34.2282
1930  9123.656363  1.733309305  1.674896337e-05  2.95951991e-06  8.308859089e-06  8.440104279e-06  8.077770016e-07  2.151742908e-06  34.3452
1931  9126.413443  1.730600744  1.674397737e-05  2.966663408e-06  8.303934567e-06  8.440042799e-06  8.100136318e-07  2.156649776e-06  34.426
1932  9129.16795  1.728114809  1.673205489e-05  2.971929856e-06  8.297011301e-06  8.435043585e-06  8.116419944e-07  2.160287861e-06  34.4432
1933  9131.928993  1.7257309  1.672620892e-05  2.977982287e-06  8.297395222e-06  8.428813701e-06  8.136810135e-07  2.164301273e-06  34.474
1934  9134.695291  1.723455642  1.670087802e-05  2.980245418e-06  8.288658572e-06  8.41221945e-06  8.144759578e-07  2.16576946e-06  34.4618
1935  9137.463104  1.721275856  1.661381775e-05  2.971179131e-06  8.243759184e-06  8.370058563e-06  8.130011978e-07  2.158177933e-06  34.4988
1936  9140.241778  1.719257439  1.668434099e-05  2.989819971e-06  8.280526835e-06  8.403814154e-06  8.181250925e-07  2.171694879e-06  34.5776
1937  9143.022718  1.717327066  1.668282566e-05  2.99532494e-06  8.272113157e-06  8.410712499e-06  8.196221221e-07  2.175702818e-06  34.5482
1938  9145.808517  1.71550352  1.667190051e-05  2.998826899e-06  8.26576926e-06  8.406131252e-06  8.210890315e-07  2.177737868e-06  34.676
1939  9148.598653  1.713695162  1.666283963e-05  3.002621996e-06  8.257584719e-06  8.405254912e-06  8.220372858e-07  2.180584711e-06  34.7302
1940  9151.390971  1.711689543  1.66596987e-05  3.008083029e-06  8.268612962e-06  8.391085733e-06  8.245819281e-07  2.183501101e-06  34.7178
1941  9154.195572  1.709716605  1.664566349e-05  3.011484441e-06  8.255611749e-06  8.390051742e-06  8.255667043e-07  2.185917736e-06  34.8082
1942  9156.997837  1.707797001  1.664471033e-05  3.017098076e-06  8.261600694e-06  8.383109637e-06  8.277802541e-07  2.189317821e-06  34.767
1943  9159.812091  1.705744092  1.663379738e-05  3.021316068e-06  8.254321788e-06  8.379475588e-06  8.289288276e-07  2.19238724e-06  34.8052
1944  9162.618526  1.703590749  1.662283089e-05  3.025832792e-06  8.243108008e-06  8.379722883e-06  8.30507177e-07  2.195325615e-06  34.7728
1945  9165.440103  1.701368225  1.660940007e-05  3.030115021e-06  8.231882969e-06  8.377517104e-06  8.316499528e-07  2.198465068e-06  34.9364
1946  9168.262018  1.698985293  1.660696387e-05  3.036898683e-06  8.231674268e-06  8.375289605e-06  8.339235918e-07  2.202975092e-06  34.9808
1947  9171.090865  1.696553982  1.65975541e-05  3.042566368e-06  8.23410571e-06  8.363448391e-06  8.360860799e-07  2.206480288e-06  35.0354
1948  9173.925805  1.693980275  1.659318085e-05  3.049603383e-06  8.230564277e-06  8.362616572e-06  8.384083196e-07  2.211195064e-06  34.996
1949  9176.764924  1.69128161  1.658176736e-05  3.055741042e-06  8.231557207e-06  8.350210155e-06  8.403585005e-07  2.215382541e-06  35.1138
1950  9179.608774  1.68862295  1.657307694e-05  3.062270263e-06  8.220025886e-06  8.353051052e-06  8.424200934e-07  2.21985017e-06  34.9912
1951  9182.451277  1.685993948  1.653229896e-05  3.062777035e-06  8.20081182e-06  8.331487143e-06  8.427959015e-07  2.219981133e-06  35.0754
1952  9185.305652  1.683526623  1.65295662e-05  3.06983571e-06  8.193510846e-06  8.336055355e-06  8.449208643e-07  2.224914846e-06  35.1856
1953  9188.163946  1.681069973  1.653432888e-05  3.078273183e-06  8.207701068e-06  8.326627812e-06  8.475684876e-07  2.230704695e-06  35.256
1954  9191.023596  1.678748825  1.653062758e-05  3.084735919e-06  8.194892937e-06  8.335734645e-06  8.496157923e-07  2.235120127e-06  35.2546
1955  9193.892721  1.676482126  1.652067772e-05  3.089875089e-06  8.201932576e-06  8.318745149e-06  8.513378573e-07  2.238537232e-06  35.2766
1956  9196.761007  1.674217102  1.651415091e-05  3.095658179e-06  8.197411277e-06  8.316739634e-06  8.53594377e-07  2.242063802e-06  35.2908
1957  9199.638914  1.671966632  1.650213601e-05  3.100375383e-06  8.196068891e-06  8.306067114e-06  8.549890334e-07  2.24538635e-06  35.2818
1958  9202.516168  1.669651378  1.649236931e-05  3.105722664e-06  8.17925749e-06  8.313111823e-06  8.566458487e-07  2.249076815e-06  35.3568
1959  9205.407431  1.66727834  1.647876014e-05  3.110532544e-06  8.178013882e-06  8.300746263e-06  8.580206452e-07  2.252511899e-06  35.439
1960  9208.293937  1.664876718  1.646777393e-05  3.115933101e-06  8.165609184e-06  8.30216475e-06  8.598394389e-07  2.256093663e-06  35.4628
1961  9211.187756  1.662335097  1.64550098e-05  3.121441396e-06  8.166915885e-06  8.288093917e-06  8.618622288e-07  2.259579167e-06  35.5136
1962  9214.092411  1.659755023  1.631507268e-05  3.102891325e-06  8.101278207e-06  8.213794476e-06  8.580593928e-07  2.244831932e-06  35.61
1963  9216.997557  1.656962471  1.631577853e-05  3.111703039e-06  8.09487624e-06  8.220902295e-06  8.598645108e-07  2.251838528e-06  35.5252
1964  9219.90641  1.654173837  1.644340913e-05  3.1448019e-06  8.161405751e-06  8.282003376e-06  8.691924028e-07  2.275609497e-06  35.5002
1965  9222.819674  1.651402514  1.643017238e-05  3.150990695e-06  8.154358891e-06  8.275813486e-06  8.711917946e-07  2.279798901e-06  35.616
1966  9225.739044  1.648566403  1.641296177e-05  3.1566299e-06  8.139346867e-06  8.273614904e-06  8.726728464e-07  2.283957054e-06  35.6612
1967  9228.661912  1.64576248  1.640638761e-05  3.164225339e-06  8.141023361e-06  8.26536425e-06  8.752694493e-07  2.28895589e-06  35.7626
1968  9231.588848  1.643042703  1.639620892e-05  3.170874577e-06  8.135532055e-06  8.260676863e-06  8.772291549e-07  2.293645422e-06  35.7356
1969  9234.526275  1.640343599  1.638735394e-05  3.177727559e-06  8.134878703e-06  8.252475237e-06  8.796808262e-07  2.298046733e-06  35.8346
1970  9237.465106  1.637593685  1.634412882e-05  3.17807305e-06  8.118300189e-06  8.225828634e-06  8.802974894e-07  2.297775561e-06  35.7706
1971  9240.407827  1.634962309  1.637090703e-05  3.191667441e-06  8.128552465e-06  8.242354562e-06  8.841784355e-07  2.307489006e-06  35.7908
1972  9243.355337  1.632319296  1.635711629e-05  3.197418462e-06  8.119736612e-06  8.237379683e-06  8.858512182e-07  2.311567244e-06  35.8404
1973  9246.308302  1.629684332  1.634372094e-05  3.20322928e-06  8.104262993e-06  8.239457947e-06  8.873068964e-07  2.315922384e-06  35.9134
1974  9249.263965  1.626988186  1.633773575e-05  3.210701096e-06  8.105015361e-06  8.232720388e-06  8.899899289e-07  2.320711167e-06  36.0172
1975  9252.22734  1.624361328  1.632771813e-05  3.217172389e-06  8.09648905e-06  8.231229077e-06  8.919594008e-07  2.325212989e-06  35.9842
1976  9255.195016  1.621771372  1.632138516e-05  3.224264456e-06  8.105438796e-06  8.215946363e-06  8.945889319e-07  2.329675524e-06  36.0428
1977  9258.16471  1.619219521  1.631125247e-05  3.230495997e-06  8.094200566e-06  8.217051907e-06  8.965834595e-07  2.333912537e-06  35.9566
1978  9261.14406  1.616520612  1.62942602e-05  3.235852116e-06  8.08746359e-06  8.206796607e-06  8.981726608e-07  2.337679455e-06  36.1528
1979  9264.125164  1.613953863  1.628463732e-05  3.242252502e-06  8.078486291e-06  8.206151033e-06  8.998825022e-07  2.342369999e-06  35.9602
1980  9267.109087  1.611432274  1.618432853e-05  3.230416657e-06  8.025609002e-06  8.158719525e-06  8.970515565e-07  2.333365101e-06  36.2586
1981  9270.09994  1.60886288  1.620973137e-05  3.243811034e-06  8.038916565e-06  8.170814809e-06  9.009543464e-07  2.342856687e-06  36.1946
1982  9273.096069  1.606368748  1.626122373e-05  3.262241753e-06  8.072114195e-06  8.189109539e-06  9.067927762e-07  2.355448977e-06  36.2512
1983  9276.097988  1.603895509  1.625009836e-05  3.268082602e-06  8.064143495e-06  8.185954861e-06  9.08764004e-07  2.359318598e-06  36.2276
1984  9279.099592  1.601407501  1.624302627e-05  3.27479792e-06  8.066684942e-06  8.176341331e-06  9.109436439e-07  2.363854276e-06  36.2406
1985  9282.111494  1.598973298  1.623169905e-05  3.280489876e-06  8.052104901e-06  8.179594153e-06  9.126159046e-07  2.367873971e-06  36.3172
1986  9285.126816  1.59652318  1.621963427e-05  3.286093e-06  8.047682497e-06  8.171951777e-06  9.145009595e-07  2.37159204e-06  36.3
1987  9288.14764  1.594110119  1.621063908e-05  3.292205289e-06  8.037352807e-06  8.17328627e-06  9.160222666e-07  2.376183022e-06  36.4964
1988  9291.171936  1.591679086  1.620095072e-05  3.298246097e-06  8.040610726e-06  8.160339999e-06  9.182422632e-07  2.380003834e-06  36.4174
1989  9294.201887  1.589311008  1.619069775e-05  3.30397357e-06  8.033729959e-06  8.156967791e-06  9.200354626e-07  2.383938108e-06  36.4838
1990  9297.237363  1.587083367  1.618473816e-05  3.310122977e-06  8.038731884e-06  8.146006273e-06  9.223990684e-07  2.387723908e-06  36.4878
1991  9300.273959  1.584891542  1.617461617e-05  3.315311441e-06  8.027824638e-06  8.146791531e-06  9.24064027e-07  2.391247414e-06  36.441
1992  9303.315667  1.582655464  1.615844989e-05  3.319412008e-06  8.021630141e-06  8.136819746e-06  9.255827229e-07  2.393829285e-06  36.5354
1993  9306.366387  1.580435135  1.614515616e-05  3.324053399e-06  8.003408581e-06  8.141747575e-06  9.265785953e-07  2.397474803e-06  36.54
1994  9309.416309  1.578217095  1.612443641e-05  3.327159097e-06  8.001666824e-06  8.122769582e-06  9.279947601e-07  2.399164337e-06  36.6902
1995  9312.474631  1.57592365  1.611120526e-05  3.33206209e-06  7.98792893e-06  8.123276325e-06  9.29240569e-07  2.402821521e-06  36.6582
1996  9315.538579  1.573594158  1.61194015e-05  3.34153222e-06  8.005335779e-06  8.114065719e-06  9.327703678e-07  2.408761852e-06  36.7064
1997  9318.606349  1.571264064  1.610906752e-05  3.347180167e-06  7.993349171e-06  8.115718353e-06  9.347032342e-07  2.412476932e-06  36.7176
1998  9321.677484  1.568909704  1.609661601e-05  3.352476614e-06  7.992565518e-06  8.104050488e-06  9.364174925e-07  2.416059121e-06  36.6702
1999  9324.753367  1.566577591  1.608622533e-05  3.358134948e-06  7.979100898e-06  8.107124431e-06  9.381358642e-07  2.419999084e-06  36.7652
2000  9327.839337  1.56414617  1.607466112e-05  3.363889918e-06  7.973550741e-06  8.101110376e-06  9.400157535e-07  2.423874164e-06  36.8416
2001  9330.923251  1.561791255  1.606880447e-05  3.370592439e-06  7.96918635e-06  8.099618116e-06  9.421527358e-07  2.428439703e-06  36.8774
2002  9334.012126  1.559383655  1.606288537e-05  3.377472671e-06  7.9688341e-06  8.094051266e-06  9.443275627e-07  2.433145109e-06  36.8486
2003  9337.11025  1.556933735  1.605477849e-05  3.384048574e-06  7.967880018e-06  8.086898469e-06  9.469293545e-07  2.43711922e-06  36.946
2004  9340.210075  1.554511103  1.604070737e-05  3.389283694e-06  7.96149722e-06  8.079210151e-06  9.485557623e-07  2.440727931e-06  36.9276
2005  9343.317771  1.552057303  1.60299447e-05  3.395330869e-06  7.950954094e-06  8.078990609e-06  9.502243521e-07  2.445106517e-06  36.9378
2006  9346.427807  1.54958634  1.601630086e-05  3.400833904e-06  7.945852886e-06  8.070447971e-06  9.523802307e-07  2.448453673e-06  36.9506
2007  9349.544543  1.547092745  1.600188006e-05  3.406255089e-06  7.9317559e-06  8.070124158e-06  9.539035633e-07  2.452351526e-06  37.0994
2008  9352.66182  1.544561169  1.599534495e-05  3.413494579e-06  7.936113068e-06  8.059231882e-06  9.567366014e-07  2.456757978e-06  37.0714
2009  9355.784433  1.542040029  1.598339662e-05  3.419555061e-06  7.930281712e-06  8.053114912e-06  9.586996654e-07  2.460855395e-06  37.0634
2010  9358.916197  1.539579427  1.597215031e-05  3.425567572e-06  7.92645759e-06  8.045692715e-06  9.607000885e-07  2.464867483e-06  37.2476
2011  9362.053091  1.537094827  1.596304266e-05  3.432131133e-06  7.925164126e-06  8.037878538e-06  9.630198249e-07  2.469111308e-06  37.0222
2012  9365.188648  1.534625043  1.595495609e-05  3.43887528e-06  7.91724725e-06  8.037708838e-06  9.651999877e-07  2.473675292e-06  37.2068
2013  9368.337458  1.532083432  1.594196044e-05  3.444818514e-06  7.90788691e-06  8.034073528e-06  9.670489618e-07  2.477769552e-06  37.2134
2014  9371.484714  1.529687802  1.59316241e-05  3.450842034e-06  7.901255017e-06  8.030369082e-06  9.686729591e-07  2.482169075e-06  37.3348
2015  9374.639918  1.527252187  1.592980838e-05  3.458862949e-06  7.906357769e-06  8.02345061e-06  9.715573379e-07  2.487305611e-06  37.2866
2016  9377.794402  1.524833294  1.592067465e-05  3.465251672e-06  7.902783079e-06  8.017891569e-06  9.739752645e-07  2.491276407e-06  37.2828
2017  9380.956752  1.522405901  1.591150699e-05  3.471673163e-06  7.899851462e-06  8.011655532e-06  9.762876958e-07  2.495385467e-06  37.3604
2018  9384.128211  1.519960935  1.589283087e-05  3.47608682e-06  7.887934374e-06  8.004896496e-06  9.77326987e-07  2.498759833e-06  37.3494
2019  9387.298715  1.517464138  1.587834814e-05  3.481601157e-06  7.876272098e-06  8.00207604e-06  9.794101649e-07  2.502190992e-06  37.3152
2020  9390.475258  1.514842912  1.586452197e-05  3.487699609e-06  7.866146877e-06  7.998375094e-06  9.812689387e-07  2.506430671e-06  37.482
2021  9393.656833  1.512309994  1.585045908e-05  3.4934454e-06  7.863904863e-06  7.986554219e-06  9.830365644e-07  2.510408836e-06  37.5178
2022  9396.845666  1.509785172  1.583552295e-05  3.498976624e-06  7.852249349e-06  7.983273602e-06  9.848317471e-07  2.514144877e-06  37.5266
2023  9400.036599  1.507304453  1.572479818e-05  3.483141147e-06  7.808421431e-06  7.916376754e-06  9.813661409e-07  2.501775006e-06  37.5154
2024  9403.230663  1.504727043  1.582474196e-05  3.514325516e-06  7.851551222e-06  7.973190741e-06  9.903158718e-07  2.524009645e-06  37.5108
2025  9406.434835  1.502211047  1.580734755e-05  3.519306033e-06  7.844640665e-06  7.96270689e-06  9.921521601e-07  2.527153873e-06  37.5784
2026  9409.643183  1.499698861  1.569906395e-05  3.503989681e-06  7.783616357e-06  7.915447594e-06  9.875701653e-07  2.516419516e-06  37.5814
2027  9412.851389  1.497115796  1.576597187e-05  3.528024713e-06  7.818029339e-06  7.947942536e-06  9.949689554e-07  2.533055758e-06  37.7212
2028  9416.065176  1.494502269  1.579453491e-05  3.54366577e-06  7.829528853e-06  7.965006057e-06  9.993733769e-07  2.544292393e-06  37.6688
2029  9419.289371  1.491879974  1.578772063e-05  3.551437631e-06  7.83920728e-06  7.948513347e-06  1.00243268e-06  2.549004951e-06  37.7272
2030  9422.510232  1.489242758  1.577315775e-05  3.557531341e-06  7.824387505e-06  7.94877025e-06  1.004571905e-06  2.552959436e-06  37.7226
2031  9425.742646  1.486627493  1.575871588e-05  3.563581608e-06  7.82368747e-06  7.93502841e-06  1.006535446e-06  2.557046162e-06  37.7386
2032  9428.977608  1.484010674  1.574280581e-05  3.569311832e-06  7.800511428e-06  7.942294379e-06  1.008023294e-06  2.561288538e-06  37.7392
2033  9432.220329  1.481462045  1.570065863e-05  3.568840017e-06  7.789687506e-06  7.910971126e-06  1.008514523e-06  2.560325494e-06  37.9
2034  9435.46262  1.478923003  1.562438282e-05  3.560531004e-06  7.74195968e-06  7.882423139e-06  1.006132615e-06  2.554398389e-06  37.87
2035  9438.709182  1.476459726  1.57085133e-05  3.588531579e-06  7.79343518e-06  7.915078121e-06  1.014756286e-06  2.573775293e-06  37.8572
2036  9441.963963  1.473962634  1.570134803e-05  3.595862706e-06  7.783807837e-06  7.917540195e-06  1.017368773e-06  2.578493933e-06  37.9496
2037  9445.221432  1.471494675  1.568771679e-05  3.601618618e-06  7.785680759e-06  7.902036027e-06  1.019382258e-06  2.58223636e-06  37.8668
2038  9448.484209  1.468976434  1.568022781e-05  3.608976124e-06  7.772685524e-06  7.90754229e-06  1.021971852e-06  2.587004272e-06  37.9284
2039  9451.7529  1.466479959  1.566481531e-05  3.614440875e-06  7.766303685e-06  7.898511628e-06  1.023699771e-06  2.590741104e-06  37.9742
2040  9455.028047  1.463970041  1.565271627e-05  3.620725516e-06  7.75274662e-06  7.899969649e-06  1.025177004e-06  2.595548512e-06  38.1736
2041  9458.308268  1.46147105  1.564387405e-05  3.627734525e-06  7.755577315e-06  7.888296736e-06  1.028189064e-06  2.59954546e-06  38.0358
2042  9461.589561  1.458971523  1.562828588e-05  3.633189626e-06  7.751290492e-06  7.876995388e-06  1.030186272e-06  2.603003354e-06  38.0744
2043  9464.876026  1.456570676  1.55033859e-05  3.612816887e-06  7.688308516e-06  7.815077385e-06  1.024638013e-06  2.588178874e-06  38.125
2044  9468.1685  1.454164906  1.555147306e-05  3.632751894e-06  7.715258128e-06  7.836214935e-06  1.031326296e-06  2.601425598e-06  38.0818
2045  9471.465014  1.45173551  1.561361353e-05  3.656139049e-06  7.737375175e-06  7.876238359e-06  1.037486837e-06  2.618652212e-06  38.1328
2046  9474.769602  1.449383111  1.559544026e-05  3.660484331e-06  7.733158735e-06  7.862281525e-06  1.039268109e-06  2.621216222e-06  38.2456
2047  9478.071411  1.446976505  1.558175147e-05  3.666083578e-06  7.718535966e-06  7.863215509e-06  1.041048213e-06  2.625035365e-06  38.219
2048  9481.381817  1.444554945  1.55689648e-05  3.671956227e-06  7.721717787e-06  7.847247014e-06  1.043333513e-06  2.628622713e-06  38.2412
2049  9484.699765  1.442207345  1.555924798e-05  3.678289528e-06  7.710572643e-06  7.848675332e-06  1.045602957e-06  2.632686571e-06  38.3332
2050  9488.020487  1.439778621  1.554963925e-05  3.684956857e-06  7.716915113e-06  7.832724133e-06  1.048216157e-06  2.6367407e-06  38.2258
2051  9491.342649  1.437401064  1.553555298e-05  3.690382365e-06  7.694165096e-06  7.841387888e-06  1.049341238e-06  2.641041127e-06  38.3492
2052  9494.678864  1.434907271  1.552844987e-05  3.69790538e-06  7.701385616e-06  7.827064257e-06  1.052705301e-06  2.645200079e-06  38.3138
2053  9498.011428  1.432486814  1.551445807e-05  3.703526794e-06  7.681463513e-06  7.832994553e-06  1.053758318e-06  2.649768475e-06  38.474
2054  9501.352581  1.430064322  1.55102804e-05  3.711509744e-06  7.689746068e-06  7.820534328e-06  1.056960926e-06  2.654548819e-06  38.4508
2055  9504.69788  1.427630076  1.550245909e-05  3.71867933e-06  7.682054731e-06  7.820404363e-06  1.059375268e-06  2.659304062e-06  38.4168
2056  9508.045711  1.425112198  1.549199897e-05  3.725538842e-06  7.687377334e-06  7.804621633e-06  1.06202289e-06  2.663515952e-06  38.4514
2057  9511.398678  1.422669858  1.548049797e-05  3.731876453e-06  7.676061656e-06  7.804436312e-06  1.064025562e-06  2.667850891e-06  38.4564
2058  9514.756577  1.420196011  1.546247446e-05  3.736764295e-06  7.665454576e-06  7.797019885e-06  1.065512984e-06  2.671251311e-06  38.4702
2059  9518.122438  1.417706028  1.543015974e-05  3.738251508e-06  7.644424903e-06  7.785734841e-06  1.066397628e-06  2.67185388e-06  38.6208
2060  9521.493287  1.415281726  1.541944281e-05  3.744722469e-06  7.645006676e-06  7.774436138e-06  1.068855761e-06  2.675866708e-06  38.6726
2061  9524.864955  1.412769177  1.542063887e-05  3.754434302e-06  7.648341472e-06  7.772297398e-06  1.071983025e-06  2.682451277e-06  38.5276
2062  9528.242305  1.410299075  1.531670758e-05  3.738353061e-06  7.598194284e-06  7.718513299e-06  1.067731475e-06  2.670621586e-06  38.6638
2063  9531.624511  1.4077609  1.537567467e-05  3.762282396e-06  7.622571071e-06  7.753103597e-06  1.074972576e-06  2.68730982e-06  38.5976
2064  9535.0139  1.405179824  1.540304516e-05  3.778720286e-06  7.637091215e-06  7.765953945e-06  1.079909284e-06  2.698811002e-06  38.7206
2065  9538.409182  1.402653545  1.537112953e-05  3.780429016e-06  7.619459885e-06  7.751669643e-06  1.080684578e-06  2.699744438e-06  38.6512
2066  9541.802793  1.400099761  1.53752442e-05  3.791110314e-06  7.619520266e-06  7.755723934e-06  1.083891618e-06  2.707218696e-06  38.8026
2067  9545.204727  1.397571133  1.536890687e-05  3.799142186e-06  7.614678164e-06  7.754228705e-06  1.086606829e-06  2.712535357e-06  38.8142
2068  9548.614845  1.395034884  1.536135282e-05  3.80691791e-06  7.619924588e-06  7.74142823e-06  1.089294758e-06  2.717623152e-06  38.7792
2069  9552.023323  1.392567167  1.534778408e-05  3.812952936e-06  7.609713144e-06  7.738070941e-06  1.091843222e-06  2.721109714e-06  38.7658
2070  9555.440789  1.390043171  1.532765009e-05  3.817574303e-06  7.600440586e-06  7.727209506e-06  1.093236076e-06  2.724338227e-06  38.8524
2071  9558.861903  1.387593818  1.520600419e-05  3.796564371e-06  7.534618518e-06  7.671385674e-06  1.087179544e-06  2.709384826e-06  38.7692
2072  9562.287143  1.385060857  1.530562305e-05  3.831128562e-06  7.58543598e-06  7.720187066e-06  1.097526731e-06  2.73360183e-06  38.9882
2073  9565.716449  1.382560679  1.529515945e-05  3.838093363e-06  7.577709499e-06  7.717449954e-06  1.09983283e-06  2.738260533e-06  38.9316
